# generated large 2D fixture
# 61 x 41 grid and 3 timesteps
# Chunk Coord1 Coord2 Ncount c_rho mass1ArealDensity mass2ArealDensity massArealDensity
100 2501 12505
1 0 0 2 0.89 0.0017615624 0.0010955336 0.0028570961
2 0.05 0 3 1.2201877 0.0026498179 0.0016433005 0.0042931184
3 0.1 0 4 1.5503019 0.0035422236 0.0021910673 0.0057332909
4 0.15 0 5 1.8802694 0.0044381267 0.0027388341 0.0071769608
5 0.2 0 2 0.93001845 0.0017789515 0.0010955336 0.0028744852
6 0.25 0 3 1.2594785 0.0026733076 0.0016433005 0.004316608
7 0.3 0 4 1.5885813 0.0035700063 0.0021910673 0.0057610736
8 0.35 0 5 1.9172611 0.0044683472 0.0027388341 0.0072071813
9 0.4 0 2 0.96545516 0.0017892063 0.0010955336 0.00288474
10 0.45 0 3 1.2931044 0.0026859013 0.0016433005 0.0043292018
11 0.5 0 4 1.6201536 0.0035830381 0.0021910673 0.0057741054
12 0.55 0 5 1.9465519 0.0044798962 0.0027388341 0.0072187303
13 0.6 0 2 0.99225296 0.0017919181 0.0010955336 0.0028874518
14 0.65 0 3 1.3172157 0.0026870971 0.0016433005 0.0043303976
15 0.7 0 4 1.6414043 0.0035807993 0.0021910673 0.0057718666
16 0.75 0 5 1.9647884 0.0044723133 0.0027388341 0.0072111474
17 0.8 0 2 1.0073438 0.0017869787 0.0010955336 0.0028825124
18 0.85 0 3 1.3290518 0.0026768473 0.0016433005 0.0043201477
19 0.9 0 4 1.6499002 0.0035633792 0.0021910673 0.0057544465
20 0.95 0 5 1.9698828 0.0044459007 0.0027388341 0.0071847348
21 1 0 2 1.0089998 0.0017745851 0.0010955336 0.0028701188
22 1.05 0 3 1.3272575 0.0026555604 0.0016433005 0.0042988608
23 1.1 0 4 1.6446686 0.0035314724 0.0021910673 0.0057225397
24 1.15 0 5 1.9612517 0.0044017114 0.0027388341 0.0071405455
25 1.2 0 2 0.99703144 0.0017552313 0.0010955336 0.002850765
26 1.25 0 3 1.3120384 0.0026240851 0.0016433005 0.0042673856
27 1.3 0 4 1.6263085 0.0034863508 0.0021910673 0.0056774181
28 1.35 0 5 1.9398833 0.0043415072 0.0027388341 0.0070803413
29 1.4 0 2 0.972809 0.0017296889 0.0010955336 0.0028252226
30 1.45 0 3 1.2851368 0.0025836762 0.0016433005 0.0042269767
31 1.5 0 4 1.596922 0.0034298133 0.0021910673 0.0056208806
32 1.55 0 5 1.9082241 0.0042676882 0.0027388341 0.0070065223
33 1.6 0 2 0.9391057 0.0016989763 0.0010955336 0.0027945099
34 1.65 0 3 1.2496327 0.0025359448 0.0016433005 0.0041792453
35 1.7 0 4 1.5598736 0.0033641139 0.0021910673 0.0055551812
36 1.75 0 5 1.8698988 0.0041831973 0.0027388341 0.0069220314
37 1.8 0 2 0.89978026 0.0016643177 0.0010955336 0.0027598514
38 1.85 0 3 1.2095911 0.0024827937 0.0016433005 0.0041260941
39 1.9 0 4 1.5194049 0.0032918717 0.0021910673 0.005482939
40 1.95 0 5 1.8292952 0.0040914029 0.0027388341 0.006830237
41 2 0 2 0.85933507 0.001627095 0.0010955336 0.0027226287
42 2.05 0 3 1.1695963 0.0024263418 0.0016433005 0.0040696423
43 2.1 0 4 1.4801493 0.003215967 0.0021910673 0.0054070343
44 2.15 0 5 1.7910622 0.0039959645 0.0027388341 0.0067347986
45 2.2 0 2 0.82240073 0.0015887922 0.0010955336 0.0026843258
46 2.25 0 3 1.1342273 0.0023688398 0.0016433005 0.0040121403
47 2.3 0 4 1.4466011 0.0031394257 0.0021910673 0.005330493
48 2.35 0 5 1.759577 0.0039006871 0.0027388341 0.0066395212
49 2.4 0 2 0.79320587 0.0015509361 0.0010955336 0.0026464698
50 2.45 0 3 1.1075336 0.00231258 0.0016433005 0.0039558805
51 2.5 0 4 1.4226013 0.0030652992 0.0021910673 0.0052563665
52 2.55 0 5 1.7384444 0.0038093689 0.0027388341 0.006548203
53 2.6 0 2 0.77509304 0.0015150361 0.0010955336 0.0026105697
54 2.65 0 3 1.0925714 0.0022598054 0.0016433005 0.0039031059
55 2.7 0 4 1.4108976 0.0029965429 0.0021910673 0.0051876102
56 2.75 0 5 1.7300839 0.0037256506 0.0027388341 0.0064644847
57 2.8 0 2 0.77013598 0.0014825233 0.0010955336 0.0025780569
58 2.85 0 3 1.0910536 0.00221262 0.0016433005 0.0038559204
59 2.9 0 4 1.4128301 0.0029358978 0.0021910673 0.0051269651
60 2.95 0 5 1.7354526 0.0036528697 0.0027388341 0.0063917038
61 3 0 2 0.77890224 0.0014546939 0.0010955336 0.0025502276
62 0 0.06 4 1.53 0.0035231249 0.0021871794 0.0057103042
63 0.05 0.06 5 1.8601518 0.0044163631 0.0027339742 0.0071503374
64 0.1 0.06 2 0.9102303 0.0017711118 0.0010935897 0.0028647015
65 0.15 0.06 3 1.2401627 0.002662876 0.0016403845 0.0043032605
66 0.2 0.06 4 1.5698773 0.003557903 0.0021871794 0.0057450824
67 0.25 0.06 5 1.899304 0.0044555126 0.0027339742 0.0071894868
68 0.3 0.06 2 0.94837472 0.0017850032 0.0010935897 0.0028785929
69 0.35 0.06 3 1.2770239 0.0026810083 0.0016403845 0.0043213929
70 0.4 0.06 4 1.6051891 0.0035784127 0.0021871794 0.0057655921
71 0.45 0.06 5 1.9328114 0.0044765022 0.0027339742 0.0072104764
72 0.5 0.06 2 0.97983577 0.001791519 0.0010935897 0.0028851087
73 0.55 0.06 3 1.3062115 0.0026879377 0.0016403845 0.0043283222
74 0.6 0.06 4 1.6318924 0.0035838363 0.0021871794 0.0057710156
75 0.65 0.06 5 1.9568377 0.0044784952 0.0027339742 0.0072124694
76 0.7 0.06 2 1.0010115 0.0017903996 0.0010935897 0.0028839893
77 0.75 0.06 3 1.3243837 0.002683388 0.0016403845 0.0043237725
78 0.8 0.06 4 1.64693 0.0035739575 0.0021871794 0.0057611369
79 0.85 0.06 5 1.968632 0.0044614121 0.0027339742 0.0071953863
80 0.9 0.06 2 1.0094774 0.0017816896 0.0010935897 0.0028752793
81 0.95 0.06 3 1.3294601 0.0026675404 0.0016403845 0.0043079249
82 1 0.06 4 1.6485802 0.0035491702 0.0021871794 0.0057363496
83 1.05 0.06 5 1.9668441 0.0044259339 0.0027339742 0.0071599081
84 1.1 0.06 2 1.0042643 0.0017657362 0.0010935897 0.0028593259
85 1.15 0.06 3 1.3208594 0.0026410269 0.0016403845 0.0042814114
86 1.2 0.06 4 1.6366541 0.0035104626 0.0021871794 0.005697642
87 1.25 0.06 5 1.9516786 0.0043734751 0.0027339742 0.0071074493
88 1.3 0.06 2 0.98596895 0.0017431754 0.0010935897 0.0028367651
89 1.35 0.06 3 1.2995663 0.0026049043 0.0016403845 0.0042452888
90 1.4 0.06 4 1.612517 0.0034593779 0.0021871794 0.0056465572
91 1.45 0.06 5 1.9248719 0.0043061271 0.0027339742 0.0070401013
92 1.5 0.06 2 0.95668608 0.0017149067 0.0010935897 0.0028084963
93 1.55 0.06 3 1.2680188 0.0025606129 0.0016403845 0.0042009974
94 1.6 0.06 4 1.5789326 0.0033979525 0.0021871794 0.0055851319
95 1.65 0.06 5 1.889493 0.0042265747 0.0027339742 0.0069605489
96 1.7 0.06 2 0.91976828 0.0016820569 0.0010935897 0.0027756466
97 1.75 0.06 3 1.2298286 0.0025099184 0.0016403845 0.0041503029
98 1.8 0.06 4 1.5397458 0.0033286354 0.0021871794 0.0055158148
99 1.85 0.06 5 1.8495926 0.0041379894 0.0027339742 0.0068719637
100 1.9 0.06 2 0.87944229 0.0016459359 0.0010935897 0.0027395256
101 1.95 0.06 3 1.1893683 0.0024548417 0.0016403845 0.0040952262
102 2 0.06 4 1.4994432 0.0032541901 0.0021871794 0.0054413694
103 2.05 0.06 5 1.8097388 0.004043903 0.0027339742 0.0067778772
104 2.1 0.06 2 0.84032506 0.0016079835 0.0010935897 0.0027015732
105 2.15 0.06 3 1.15127 0.0023975787 0.0016403845 0.0040379632
106 2.2 0.06 4 1.4626391 0.0031775843 0.0021871794 0.0053647637
107 2.25 0.06 5 1.7744945 0.0039480663 0.0027339742 0.0066820405
108 2.3 0.06 2 0.80689514 0.0015697128 0.0010935897 0.0026633025
109 2.35 0.06 3 1.1198958 0.0023404122 0.0016403845 0.0039807968
110 2.4 0.06 4 1.4335472 0.0031018722 0.0021871794 0.0052890516
111 2.45 0.06 5 1.7478949 0.0038543001 0.0027339742 0.0065882743
112 2.5 0.06 2 0.78297996 0.0015326496 0.0010935897 0.0026262393
113 2.55 0.06 3 1.0988377 0.0022856213 0.0016403845 0.0039260059
114 2.6 0.06 4 1.4154982 0.0030300721 0.0021871794 0.0052172515
115 2.65 0.06 5 1.7329854 0.0037663424 0.0027339742 0.0065003166
116 2.7 0.06 2 0.77131757 0.0014982715 0.0010935897 0.0025918611
117 2.75 0.06 3 1.0905067 0.0022353903 0.0016403845 0.0038757749
118 2.8 0.06 4 1.4105586 0.0029650466 0.0021871794 0.0051522259
119 2.85 0.06 5 1.731473 0.0036876999 0.0027339742 0.0064216741
120 2.9 0.06 2 0.77324321 0.0014679489 0.0010935897 0.0025615386
121 2.95 0.06 3 1.0958565 0.0021917218 0.0016403845 0.0038321063
122 3 0.06 4 1.419294 0.0029093878 0.0021871794 0.0050965672
123 0 0.12 2 0.89 0.0017615624 0.0010913089 0.0028528713
124 0.05 0.12 3 1.2200443 0.0026498179 0.0016369633 0.0042867812
125 0.1 0.12 4 1.5500161 0.0035422236 0.0021826178 0.0057248414
126 0.15 0.12 5 1.8798433 0.0044381267 0.0027282722 0.0071663989
127 0.2 0.12 2 0.92945504 0.0017789515 0.0010913089 0.0028702604
128 0.25 0.12 3 1.2587819 0.0026733076 0.0016369633 0.0043102709
129 0.3 0.12 4 1.5877565 0.0035700063 0.0021826178 0.0057526241
130 0.35 0.12 5 1.9163141 0.0044683472 0.0027282722 0.0071966194
131 0.4 0.12 2 0.96439284 0.0017892063 0.0010913089 0.0028805152
132 0.45 0.12 3 1.2919344 0.0026859013 0.0016369633 0.0043228647
133 0.5 0.12 4 1.6188844 0.0035830381 0.0021826178 0.0057656559
134 0.55 0.12 5 1.9451926 0.0044798962 0.0027282722 0.0072081684
135 0.6 0.12 2 0.99081336 0.0017919181 0.0010913089 0.002883227
136 0.65 0.12 3 1.3157062 0.0026870971 0.0016369633 0.0043240605
137 0.7 0.12 4 1.6398358 0.0035807993 0.0021826178 0.0057634171
138 0.75 0.12 5 1.9631723 0.0044723133 0.0027282722 0.0072005855
139 0.8 0.12 2 1.0056917 0.0017869787 0.0010913089 0.0028782876
140 0.85 0.12 3 1.3273757 0.0026768473 0.0016369633 0.0043138106
141 0.9 0.12 4 1.6482121 0.0035633792 0.0021826178 0.005745997
142 0.95 0.12 5 1.968195 0.0044459007 0.0027282722 0.0071741729
143 1 0.12 2 1.0073244 0.0017745851 0.0010913089 0.002865894
144 1.05 0.12 3 1.3256067 0.0026555604 0.0016369633 0.0042925237
145 1.1 0.12 4 1.6430542 0.0035314724 0.0021826178 0.0057140902
146 1.15 0.12 5 1.9596854 0.0044017114 0.0027282722 0.0071299837
147 1.2 0.12 2 0.99552456 0.0017552313 0.0010913089 0.0028465402
148 1.25 0.12 3 1.3106018 0.0026240851 0.0016369633 0.0042610484
149 1.3 0.12 4 1.6249526 0.0034863508 0.0021826178 0.0056689686
150 1.35 0.12 5 1.9386178 0.0043415072 0.0027282722 0.0070697794
151 1.4 0.12 2 0.97164314 0.0017296889 0.0010913089 0.0028209978
152 1.45 0.12 3 1.284079 0.0025836762 0.0016369633 0.0042206396
153 1.5 0.12 4 1.5959799 0.0034298133 0.0021826178 0.0056124311
154 1.55 0.12 5 1.9074044 0.0042676882 0.0027282722 0.0069959604
155 1.6 0.12 2 0.93841435 0.0016989763 0.0010913089 0.0027902852
156 1.65 0.12 3 1.2490748 0.0025359448 0.0016369633 0.0041729081
157 1.7 0.12 4 1.559453 0.0033641139 0.0021826178 0.0055467317
158 1.75 0.12 5 1.8696186 0.0041831973 0.0027282722 0.0069114695
159 1.8 0.12 2 0.89964256 0.0016643177 0.0010913089 0.0027556266
160 1.85 0.12 3 1.2095969 0.0024827937 0.0016369633 0.004119757
161 1.9 0.12 4 1.5195541 0.0032918717 0.0021826178 0.0054744895
162 1.95 0.12 5 1.8295867 0.0040914029 0.0027282722 0.0068196751
163 2 0.12 2 0.85976679 0.001627095 0.0010913089 0.0027184039
164 2.05 0.12 3 1.1701651 0.0024263418 0.0016369633 0.0040633052
165 2.1 0.12 4 1.4808511 0.003215967 0.0021826178 0.0053985848
166 2.15 0.12 5 1.791892 0.0039959645 0.0027282722 0.0067242368
167 2.2 0.12 2 0.82335245 0.0015887922 0.0010913089 0.0026801011
168 2.25 0.12 3 1.1352941 0.0023688398 0.0016369633 0.0040058031
169 2.3 0.12 4 1.4477752 0.0031394257 0.0021826178 0.0053220434
170 2.35 0.12 5 1.7608501 0.0039006871 0.0027282722 0.0066289593
171 2.4 0.12 2 0.79456862 0.0015509361 0.0010913089 0.002642245
172 2.45 0.12 3 1.1089762 0.00231258 0.0016369633 0.0039495434
173 2.5 0.12 4 1.4241133 0.0030652992 0.0021826178 0.005247917
174 2.55 0.12 5 1.740015 0.0038093689 0.0027282722 0.0065376411
175 2.6 0.12 2 0.7767108 0.0015150361 0.0010913089 0.002606345
176 2.65 0.12 3 1.0942246 0.0022598054 0.0016369633 0.0038967688
177 2.7 0.12 4 1.4125744 0.0029965429 0.0021826178 0.0051791607
178 2.75 0.12 5 1.7317721 0.0037256506 0.0027282722 0.0064539228
179 2.8 0.12 2 0.77182353 0.0014825233 0.0010913089 0.0025738322
180 2.85 0.12 3 1.0927282 0.00221262 0.0016369633 0.0038495833
181 2.9 0.12 4 1.4144797 0.0029358978 0.0021826178 0.0051185156
182 2.95 0.12 5 1.7370653 0.0036528697 0.0027282722 0.0063811419
183 3 0.12 2 0.78046637 0.0014546939 0.0010913089 0.0025460028
184 0 0.18 4 1.53 0.0035231249 0.002177399 0.0057005238
185 0.05 0.18 5 1.8598659 0.0044163631 0.0027217487 0.0071381119
186 0.1 0.18 2 0.90966066 0.0017711118 0.0010886995 0.0028598113
187 0.15 0.18 3 1.2393134 0.002662876 0.0016330492 0.0042959253
188 0.2 0.18 4 1.5687545 0.003557903 0.002177399 0.005735302
189 0.25 0.18 5 1.8979157 0.0044555126 0.0027217487 0.0071772613
190 0.3 0.18 2 0.94673102 0.0017850032 0.0010886995 0.0028737027
191 0.35 0.18 3 1.2751367 0.0026810083 0.0016330492 0.0043140576
192 0.4 0.18 4 1.603072 0.0035784127 0.002177399 0.0057558117
193 0.45 0.18 5 1.9304796 0.0044765022 0.0027217487 0.007198251
194 0.5 0.18 2 0.97730621 0.001791519 0.0010886995 0.0028802185
195 0.55 0.18 3 1.3035024 0.0026879377 0.0016330492 0.004320987
196 0.6 0.18 4 1.6290234 0.0035838363 0.002177399 0.0057612352
197 0.65 0.18 5 1.9538294 0.0044784952 0.0027217487 0.0072002439
198 0.7 0.18 2 0.99788565 0.0017903996 0.0010886995 0.0028790991
199 0.75 0.18 3 1.3211629 0.002683388 0.0016330492 0.0043164372
200 0.8 0.18 4 1.6436375 0.0035739575 0.002177399 0.0057513565
201 0.85 0.18 5 1.9652916 0.0044614121 0.0027217487 0.0071831608
202 0.9 0.18 2 1.0061132 0.0017816896 0.0010886995 0.0028703891
203 0.95 0.18 3 1.3260964 0.0026675404 0.0016330492 0.0043005896
204 1 0.18 4 1.6452412 0.0035491702 0.002177399 0.0057265692
205 1.05 0.18 5 1.963554 0.0044259339 0.0027217487 0.0071476827
206 1.1 0.18 2 1.0010469 0.0017657362 0.0010886995 0.0028544357
207 1.15 0.18 3 1.3177379 0.0026410269 0.0016330492 0.0042740761
208 1.2 0.18 4 1.6336509 0.0035104626 0.002177399 0.0056878616
209 1.25 0.18 5 1.9488156 0.0043734751 0.0027217487 0.0070952239
210 1.3 0.18 2 0.98326669 0.0017431754 0.0010886995 0.0028318749
211 1.35 0.18 3 1.2970444 0.0026049043 0.0016330492 0.0042379536
212 1.4 0.18 4 1.6101935 0.0034593779 0.002177399 0.0056367768
213 1.45 0.18 5 1.9227636 0.0043061271 0.0027217487 0.0070278758
214 1.5 0.18 2 0.95480836 0.0017149067 0.0010886995 0.0028036061
215 1.55 0.18 3 1.2663851 0.0025606129 0.0016330492 0.0041936621
216 1.6 0.18 4 1.5775547 0.0033979525 0.002177399 0.0055753515
217 1.65 0.18 5 1.888381 0.0042265747 0.0027217487 0.0069483234
218 1.7 0.18 2 0.91893008 0.0016820569 0.0010886995 0.0027707564
219 1.75 0.18 0 0.26927029 0 0 0
220 1.8 0.18 0 0.25947136 0 0 0
221 1.85 0.18 0 0.24960403 0 0 0
222 1.9 0.18 0 0.23973957 0 0 0
223 1.95 0.18 3 1.1899492 0.0024548417 0.0016330492 0.004087891
224 2 0.18 4 1.5003036 0.0032541901 0.002177399 0.0054315891
225 2.05 0.18 5 1.8108724 0.004043903 0.0027217487 0.0067656518
226 2.1 0.18 2 0.84172379 0.0016079835 0.0010886995 0.002696683
227 2.15 0.18 3 1.1529237 0.0023975787 0.0016330492 0.004030628
228 2.2 0.18 4 1.4645358 0.0031775843 0.002177399 0.0053549833
229 2.25 0.18 5 1.7766206 0.0039480663 0.0027217487 0.0066698151
230 2.3 0.18 2 0.80923518 0.0015697128 0.0010886995 0.0026584123
231 2.35 0.18 3 1.122433 0.0023404122 0.0016330492 0.0039734615
232 2.4 0.18 4 1.436263 0.0031018722 0.002177399 0.0052792712
233 2.45 0.18 5 1.75077 0.0038543001 0.0027217487 0.0065760488
234 2.5 0.18 2 0.78599339 0.0015326496 0.0010886995 0.0026213491
235 2.55 0.18 3 1.1019678 0.0022856213 0.0016330492 0.0039186706
236 2.6 0.18 4 1.4187223 0.0030300721 0.002177399 0.0052074711
237 2.65 0.18 5 1.7362803 0.0037663424 0.0027217487 0.0064880911
238 2.7 0.18 2 0.77465939 0.0014982715 0.0010886995 0.002586971
239 2.75 0.18 3 1.0938713 0.0022353903 0.0016330492 0.0038684396
240 2.8 0.18 4 1.4139218 0.0029650466 0.002177399 0.0051424456
241 2.85 0.18 5 1.7348104 0.0036876999 0.0027217487 0.0064094487
242 2.9 0.18 2 0.77653081 0.0014679489 0.0010886995 0.0025566484
243 2.95 0.18 3 1.0990705 0.0021917218 0.0016330492 0.0038247711
244 3 0.18 4 1.4224112 0.0029093878 0.002177399 0.0050867868
245 0 0.24 2 0.89 0.0017615624 0.0010857709 0.0028473333
246 0.05 0.24 3 1.219618 0.0026498179 0.0016286563 0.0042784742
247 0.1 0.24 4 1.5491666 0.0035422236 0.0021715417 0.0057137654
248 0.15 0.24 5 1.8785768 0.0044381267 0.0027144272 0.0071525539
249 0.2 0.24 2 0.92778066 0.0017789515 0.0010857709 0.0028647224
250 0.25 0.24 3 1.2567117 0.0026733076 0.0016286563 0.0043019639
251 0.3 0.24 4 1.5853055 0.0035700063 0.0021715417 0.0057415481
252 0.35 0.24 5 1.9134999 0.0044683472 0.0027144272 0.0071827744
253 0.4 0.24 2 0.96123579 0.0017892063 0.0010857709 0.0028749772
254 0.45 0.24 3 1.2884573 0.0026859013 0.0016286563 0.0043145576
255 0.5 0.24 4 1.6151124 0.0035830381 0.0021715417 0.0057545798
256 0.55 0.24 5 1.9411528 0.0044798962 0.0027144272 0.0071943234
257 0.6 0.24 2 0.98653509 0.0017919181 0.0010857709 0.002877689
258 0.65 0.24 3 1.3112203 0.0026870971 0.0016286563 0.0043157534
259 0.7 0.24 4 1.6351747 0.0035807993 0.0021715417 0.005752341
260 0.75 0.24 5 1.9583696 0.0044723133 0.0027144272 0.0071867404
261 0.8 0.24 2 1.000782 0.0017869787 0.0010857709 0.0028727496
262 0.85 0.24 3 1.3223945 0.0026768473 0.0016286563 0.0043055036
263 0.9 0.24 4 1.6431955 0.0035633792 0.0021715417 0.005734921
264 0.95 0.24 5 1.9631791 0.0044459007 0.0027144272 0.0071603278
265 1 0.24 2 1.0023454 0.0017745851 0.0010857709 0.002860356
266 1.05 0.24 3 1.3207006 0.0026555604 0.0016286563 0.0042842167
267 1.1 0.24 4 1.6382564 0.0035314724 0.0021715417 0.0057030141
268 1.15 0.24 5 1.9550306 0.0044017114 0.0027144272 0.0071161386
269 1.2 0.24 2 0.99104635 0.0017552313 0.0010857709 0.0028410022
270 1.25 0.24 3 1.3063325 0.0026240851 0.0016286563 0.0042527414
271 1.3 0.24 4 1.6209231 0.0034863508 0.0021715417 0.0056578925
272 1.35 0.24 5 1.9348571 0.0043415072 0.0027144272 0.0070559344
273 1.4 0.24 2 0.96817841 0.0017296889 0.0010857709 0.0028154598
274 1.45 0.24 3 1.2809352 0.0025836762 0.0016286563 0.0042123325
275 1.5 0.24 0 0.31317984 0 0 0
276 1.55 0.24 0 0.30496825 0 0 0
277 1.6 0.24 0 0.29635976 0 0 0
278 1.65 0.24 0 0.28741652 0 0 0
279 1.7 0.24 0 0.27820311 0 0 0
280 1.75 0.24 0 0.26878606 0 0 0
281 1.8 0.24 0 0.25923336 0 0 0
282 1.85 0.24 0 0.24961398 0 0 0
283 1.9 0.24 0 0.2399974 0 0 0
284 1.95 0.24 0 0.23045304 0 0 0
285 2 0.24 0 0.22104982 0 0 0
286 2.05 0.24 0 0.21185564 0 0 0
287 2.1 0.24 0 0.20293689 0 0 0
288 2.15 0.24 0 0.19435796 0 0 0
289 2.2 0.24 2 0.82618081 0.0015887922 0.0010857709 0.002674563
290 2.25 0.24 3 1.1384645 0.0023688398 0.0016286563 0.0039974961
291 2.3 0.24 4 1.4512647 0.0031394257 0.0021715417 0.0053109674
292 2.35 0.24 5 1.7646334 0.0039006871 0.0027144272 0.0066151142
293 2.4 0.24 2 0.79861849 0.0015509361 0.0010857709 0.002636707
294 2.45 0.24 3 1.1132634 0.00231258 0.0016286563 0.0039412363
295 2.5 0.24 4 1.4286069 0.0030652992 0.0021715417 0.005236841
296 2.55 0.24 5 1.7446825 0.0038093689 0.0027144272 0.0065237961
297 2.6 0.24 2 0.78151851 0.0015150361 0.0010857709 0.0026008069
298 2.65 0.24 3 1.0991379 0.0022598054 0.0016286563 0.0038884617
299 2.7 0.24 4 1.4175577 0.0029965429 0.0021715417 0.0051680847
300 2.75 0.24 5 1.7367894 0.0037256506 0.0027144272 0.0064400777
301 2.8 0.24 2 0.77683865 0.0014825233 0.0010857709 0.0025682942
302 2.85 0.24 3 1.097705 0.00221262 0.0016286563 0.0038412763
303 2.9 0.24 4 1.4193821 0.0029358978 0.0021715417 0.0051074395
304 2.95 0.24 5 1.741858 0.0036528697 0.0027144272 0.0063672969
305 3 0.24 2 0.78511471 0.0014546939 0.0010857709 0.0025404648
306 0 0.3 4 1.53 0.0035231249 0.0021650671 0.005688192
307 0.05 0.3 5 1.8593023 0.0044163631 0.0027063339 0.0071226971
308 0.1 0.3 2 0.90853742 0.0017711118 0.0010825336 0.0028536454
309 0.15 0.3 3 1.2376387 0.002662876 0.0016238003 0.0042866764
310 0.2 0.3 4 1.5665404 0.003557903 0.0021650671 0.0057229701
311 0.25 0.3 5 1.8951783 0.0044555126 0.0027063339 0.0071618465
312 0.3 0.3 2 0.94348991 0.0017850032 0.0010825336 0.0028675367
313 0.35 0.3 3 1.2714153 0.0026810083 0.0016238003 0.0043048087
314 0.4 0.3 4 1.5988973 0.0035784127 0.0021650671 0.0057434798
315 0.45 0.3 5 1.9258817 0.0044765022 0.0027063339 0.0071828361
316 0.5 0.3 2 0.9723183 0.001791519 0.0010825336 0.0028740526
317 0.55 0.3 3 1.2981605 0.0026879377 0.0016238003 0.0043117381
318 0.6 0.3 4 1.623366 0.0035838363 0.0021650671 0.0057489034
319 0.65 0.3 5 1.9478975 0.0044784952 0.0027063339 0.0071848291
320 0.7 0.3 2 0.99172201 0.0017903996 0.0010825336 0.0028729332
321 0.75 0.3 3 1.3148121 0.002683388 0.0016238003 0.0043071883
322 0.8 0.3 4 1.6371453 0.0035739575 0.0021650671 0.0057390246
323 0.85 0.3 5 1.9587049 0.0044614121 0.0027063339 0.007167746
324 0.9 0.3 2 0.9994795 0.0017816896 0.0010825336 0.0028642232
325 0.95 0.3 3 1.3194636 0.0026675404 0.0016238003 0.0042913407
326 1 0.3 4 1.6386574 0.0035491702 0.0021650671 0.0057142373
327 1.05 0.3 5 1.9570665 0.0044259339 0.0027063339 0.0071322678
328 1.1 0.3 2 0.99470261 0.0017657362 0.0010825336 0.0028482698
329 1.15 0.3 3 1.3115827 0.0026410269 0.0016238003 0.0042648272
330 1.2 0.3 4 1.6277292 0.0035104626 0.0021650671 0.0056755297
331 1.25 0.3 5 1.9431701 0.0043734751 0.0027063339 0.007079809
332 1.3 0.3 2 0.97793825 0.0017431754 0.0010825336 0.002825709
333 1.35 0.3 0 0.33207142 0 0 0
334 1.4 0.3 0 0.32561198 0 0 0
335 1.45 0.3 0 0.31860657 0 0 0
336 1.5 0.3 0 0.31110578 0 0 0
337 1.55 0.3 0 0.30316376 0 0 0
338 1.6 0.3 0 0.29483787 0 0 0
339 1.65 0.3 0 0.28618822 0 0 0
340 1.7 0.3 0 0.27727727 0 0 0
341 1.75 0.3 0 0.26816935 0 0 0
342 1.8 0.3 0 0.25893025 0 0 0
343 1.85 0.3 0 0.24962666 0 0 0
344 1.9 0.3 0 0.24032576 0 0 0
345 1.95 0.3 0 0.23109472 0 0 0
346 2 0.3 0 0.22200019 0 0 0
347 2.05 0.3 0 0.21310783 0 0 0
348 2.1 0.3 0 0.20448187 0 0 0
349 2.15 0.3 0 0.19618457 0 0 0
350 2.2 0.3 0 0.18827585 0 0 0
351 2.25 0.3 0 0.18081282 0 0 0
352 2.3 0.3 0 0.17384937 0 0 0
353 2.35 0.3 3 1.1274358 0.0023404122 0.0016238003 0.0039642126
354 2.4 0.3 4 1.4416184 0.0031018722 0.0021650671 0.0052669393
355 2.45 0.3 5 1.7564391 0.0038543001 0.0027063339 0.006560634
356 2.5 0.3 2 0.79193541 0.0015326496 0.0010825336 0.0026151832
357 2.55 0.3 3 1.1081398 0.0022856213 0.0016238003 0.0039094217
358 2.6 0.3 4 1.4250797 0.0030300721 0.0021650671 0.0051951393
359 2.65 0.3 5 1.7427772 0.0037663424 0.0027063339 0.0064726763
360 2.7 0.3 2 0.78124894 0.0014982715 0.0010825336 0.002580805
361 2.75 0.3 3 1.1005059 0.0022353903 0.0016238003 0.0038591907
362 2.8 0.3 4 1.4205535 0.0029650466 0.0021650671 0.0051301137
363 2.85 0.3 5 1.7413914 0.0036876999 0.0027063339 0.0063940338
364 2.9 0.3 2 0.78301344 0.0014679489 0.0010825336 0.0025504825
365 2.95 0.3 3 1.105408 0.0021917218 0.0016238003 0.0038155222
366 3 0.3 4 1.4285579 0.0029093878 0.0021650671 0.005074455
367 0 0.36 2 0.89 0.0017615624 0.0010789992 0.0028405617
368 0.05 0.36 3 1.218921 0.0026498179 0.0016184988 0.0042683167
369 0.1 0.36 4 1.5477775 0.0035422236 0.0021579984 0.0057002221
370 0.15 0.36 5 1.8765057 0.0044381267 0.0026974981 0.0071356247
371 0.2 0.36 2 0.92504247 0.0017789515 0.0010789992 0.0028579507
372 0.25 0.36 3 1.2533262 0.0026733076 0.0016184988 0.0042918064
373 0.3 0.36 4 1.5812971 0.0035700063 0.0021579984 0.0057280048
374 0.35 0.36 5 1.9088977 0.0044683472 0.0026974981 0.0071658453
375 0.4 0.36 2 0.95607291 0.0017892063 0.0010789992 0.0028682056
376 0.45 0.36 3 1.2827711 0.0026859013 0.0016184988 0.0043044002
377 0.5 0.36 4 1.6089437 0.0035830381 0.0021579984 0.0057410365
378 0.55 0.36 5 1.9345464 0.0044798962 0.0026974981 0.0071773943
379 0.6 0.36 2 0.97953861 0.0017919181 0.0010789992 0.0028709174
380 0.65 0.36 3 1.3038843 0.0026870971 0.0016184988 0.004305596
381 0.7 0.36 4 1.627552 0.0035807993 0.0021579984 0.0057387977
382 0.75 0.36 5 1.9505154 0.0044723133 0.0026974981 0.0071698113
383 0.8 0.36 2 0.99275298 0.0017869787 0.0010789992 0.002865978
384 0.85 0.36 3 1.3142486 0.0026768473 0.0016184988 0.0042953461
385 0.9 0.36 4 1.6349915 0.0035633792 0.0021579984 0.0057213777
386 0.95 0.36 5 1.9549763 0.0044459007 0.0026974981 0.0071433987
387 1 0.36 2 0.99420309 0.0017745851 0.0010789992 0.0028535843
388 1.05 0.36 3 1.3126775 0.0026555604 0.0016184988 0.0042740592
389 1.1 0.36 4 1.6304104 0.0035314724 0.0021579984 0.0056894708
390 1.15 0.36 5 1.9474184 0.0044017114 0.0026974981 0.0070992095
391 1.2 0.36 2 0.98372292 0.0017552313 0.0010789992 0.0028342305
392 1.25 0.36 0 0.3393507 0 0 0
393 1.3 0.36 0 0.33433332 0 0 0
394 1.35 0.36 0 0.32870699 0 0 0
395 1.4 0.36 0 0.32251235 0 0 0
396 1.45 0.36 0 0.31579412 0 0 0
397 1.5 0.36 0 0.30860081 0 0 0
398 1.55 0.36 0 0.30098437 0 0 0
399 1.6 0.36 2 0.93299979 0.0016989763 0.0010789992 0.0027779755
400 1.65 0.36 3 1.2447047 0.0025359448 0.0016184988 0.0041544436
401 1.7 0.36 4 1.5561591 0.0033641139 0.0021579984 0.0055221123
402 1.75 0.36 5 1.8674245 0.0041831973 0.0026974981 0.0068806953
403 1.8 0.36 2 0.89856416 0.0016643177 0.0010789992 0.0027433169
404 1.85 0.36 3 1.209642 0.0024827937 0.0016184988 0.0041012925
405 1.9 0.36 4 1.5207223 0.0032918717 0.0021579984 0.0054498702
406 1.95 0.36 5 1.8318697 0.0040914029 0.0026974981 0.0067889009
407 2 0.36 2 0.86314801 0.001627095 0.0010789992 0.0027060943
408 2.05 0.36 3 1.1746202 0.0024263418 0.0016184988 0.0040448407
409 2.1 0.36 0 0.20634783 0 0 0
410 2.15 0.36 0 0.19839067 0 0 0
411 2.2 0.36 0 0.19080617 0 0 0
412 2.25 0.36 0 0.18364908 0 0 0
413 2.3 0.36 0 0.17697108 0 0 0
414 2.35 0.36 0 0.17082041 0 0 0
415 2.4 0.36 0 0.16524146 0 0 0
416 2.45 0.36 0 0.16027453 0 0 0
417 2.5 0.36 4 1.4359555 0.0030652992 0.0021579984 0.0052232977
418 2.55 0.36 5 1.7523155 0.0038093689 0.0026974981 0.0065068669
419 2.6 0.36 2 0.78938082 0.0015150361 0.0010789992 0.0025940353
420 2.65 0.36 3 1.1071727 0.0022598054 0.0016184988 0.0038783043
421 2.7 0.36 4 1.4257071 0.0029965429 0.0021579984 0.0051545414
422 2.75 0.36 5 1.7449945 0.0037256506 0.0026974981 0.0064231486
423 2.8 0.36 2 0.78504013 0.0014825233 0.0010789992 0.0025615225
424 2.85 0.36 3 1.1058436 0.00221262 0.0016184988 0.0038311188
425 2.9 0.36 4 1.4273992 0.0029358978 0.0021579984 0.0050938962
426 2.95 0.36 5 1.7496957 0.0036528697 0.0026974981 0.0063503678
427 3 0.36 2 0.79271637 0.0014546939 0.0010789992 0.0025336931
428 0 0.42 4 1.53 0.0035231249 0.0021503611 0.005673486
429 0.05 0.42 5 1.8584767 0.0044163631 0.0026879514 0.0071043146
430 0.1 0.42 2 0.90689222 0.0017711118 0.0010751806 0.0028462924
431 0.15 0.42 3 1.2351857 0.002662876 0.0016127709 0.0042756469
432 0.2 0.42 4 1.5632974 0.003557903 0.0021503611 0.0057082642
433 0.25 0.42 5 1.8911687 0.0044555126 0.0026879514 0.007143464
434 0.3 0.42 2 0.93874265 0.0017850032 0.0010751806 0.0028601837
435 0.35 0.42 3 1.2659647 0.0026810083 0.0016127709 0.0042937792
436 0.4 0.42 4 1.5927826 0.0035784127 0.0021503611 0.0057287738
437 0.45 0.42 5 1.9191472 0.0044765022 0.0026879514 0.0071644537
438 0.5 0.42 2 0.9650125 0.001791519 0.0010751806 0.0028666996
439 0.55 0.42 3 1.2903362 0.0026879377 0.0016127709 0.0043007086
440 0.6 0.42 4 1.6150798 0.0035838363 0.0021503611 0.0057341974
441 0.65 0.42 5 1.939209 0.0044784952 0.0026879514 0.0071664466
442 0.7 0.42 2 0.98269412 0.0017903996 0.0010751806 0.0028655802
443 0.75 0.42 3 1.3055099 0.002683388 0.0016127709 0.0042961588
444 0.8 0.42 4 1.6276361 0.0035739575 0.0021503611 0.0057243186
445 0.85 0.42 5 1.9490572 0.0044614121 0.0026879514 0.0071493635
446 0.9 0.42 2 0.98976313 0.0017816896 0.0010751806 0.0028568702
447 0.95 0.42 3 1.3097487 0.0026675404 0.0016127709 0.0042803113
448 1 0.42 4 1.629014 0.0035491702 0.0021503611 0.0056995314
449 1.05 0.42 5 1.9475643 0.0044259339 0.0026879514 0.0071138854
450 1.1 0.42 0 0.34541019 0 0 0
451 1.15 0.42 0 0.34256714 0 0 0
452 1.2 0.42 0 0.33905569 0 0 0
453 1.25 0.42 0 0.33490121 0 0 0
454 1.3 0.42 0 0.33013368 0 0 0
455 1.35 0.42 0 0.32478753 0 0 0
456 1.4 0.42 0 0.31890137 0 0 0
457 1.45 0.42 5 1.9125177 0.0043061271 0.0026879514 0.0069940785
458 1.5 0.42 2 0.9456826 0.0017149067 0.0010751806 0.0027900872
459 1.55 0.42 3 1.2584454 0.0025606129 0.0016127709 0.0041733838
460 1.6 0.42 4 1.5708585 0.0033979525 0.0021503611 0.0055483137
461 1.65 0.42 5 1.8829765 0.0042265747 0.0026879514 0.0069145261
462 1.7 0.42 2 0.91485639 0.0016820569 0.0010751806 0.0027572375
463 1.75 0.42 3 1.2265568 0.0025099184 0.0016127709 0.0041226892
464 1.8 0.42 4 1.5381377 0.0033286354 0.0021503611 0.0054789966
465 1.85 0.42 5 1.8496598 0.0041379894 0.0026879514 0.0068259409
466 1.9 0.42 2 0.88118436 0.0016459359 0.0010751806 0.0027211164
467 1.95 0.42 3 1.1927726 0.0024548417 0.0016127709 0.0040676126
468 2 0.42 4 1.5044852 0.0032541901 0.0021503611 0.0054045512
469 2.05 0.42 5 1.816382 0.004043903 0.0026879514 0.0067318545
470 2.1 0.42 2 0.84852163 0.0016079835 0.0010751806 0.0026831641
471 2.15 0.42 3 1.1609607 0.0023975787 0.0016127709 0.0040103496
472 2.2 0.42 4 1.4737539 0.0031775843 0.0021503611 0.0053279455
473 2.25 0.42 5 1.7869532 0.0039480663 0.0026879514 0.0066360178
474 2.3 0.42 0 0.18060779 0 0 0
475 2.35 0.42 0 0.1747634 0 0 0
476 2.4 0.42 0 0.16946228 0 0 0
477 2.45 0.42 0 0.16474268 0 0 0
478 2.5 0.42 0 0.16063871 0 0 0
479 2.55 0.42 0 0.15717997 0 0 0
480 2.6 0.42 4 1.4343915 0.0030300721 0.0021503611 0.0051804333
481 2.65 0.42 5 1.7522933 0.0037663424 0.0026879514 0.0064542938
482 2.7 0.42 2 0.79090066 0.0014982715 0.0010751806 0.002573452
483 2.75 0.42 3 1.1102236 0.0022353903 0.0016127709 0.0038481612
484 2.8 0.42 4 1.4302669 0.0029650466 0.0021503611 0.0051154077
485 2.85 0.42 5 1.7510304 0.0036876999 0.0026879514 0.0063756514
486 2.9 0.42 2 0.79250856 0.0014679489 0.0010751806 0.0025431295
487 2.95 0.42 3 1.1146906 0.0021917218 0.0016127709 0.0038044927
488 3 0.42 4 1.4375609 0.0029093878 0.0021503611 0.005059749
489 0 0.48 0 0.25 0 0 0
490 0.05 0.48 0 0.25797269 0 0 0
491 0.1 0.48 0 0.26588781 0 0 0
492 0.15 0.48 5 1.8736882 0.0044381267 0.0026777284 0.0071158551
493 0.2 0.48 2 0.92131756 0.0017789515 0.0010710914 0.0028500429
494 0.25 0.48 3 1.2487208 0.0026733076 0.001606637 0.0042799446
495 0.3 0.48 4 1.5758444 0.0035700063 0.0021421827 0.0057121891
496 0.35 0.48 5 1.902637 0.0044683472 0.0026777284 0.0071460756
497 0.4 0.48 2 0.94904956 0.0017892063 0.0010710914 0.0028602977
498 0.45 0.48 3 1.2750357 0.0026859013 0.001606637 0.0042925384
499 0.5 0.48 4 1.6005523 0.0035830381 0.0021421827 0.0057252208
500 0.55 0.48 5 1.9255594 0.0044798962 0.0026777284 0.0071576246
501 0.6 0.48 2 0.97002093 0.0017919181 0.0010710914 0.0028630095
502 0.65 0.48 3 1.2939047 0.0026870971 0.001606637 0.0042937342
503 0.7 0.48 4 1.6171825 0.0035807993 0.0021421827 0.005722982
504 0.75 0.48 5 1.9398309 0.0044723133 0.0026777284 0.0071500416
505 0.8 0.48 2 0.98183065 0.0017869787 0.0010710914 0.0028580701
506 0.85 0.48 3 1.3031673 0.0026768473 0.001606637 0.0042834843
507 0.9 0.48 4 1.6238312 0.0035633792 0.0021421827 0.0057055619
508 0.95 0.48 5 1.9438176 0.0044459007 0.0026777284 0.007123629
509 1 0.48 0 0.34312662 0 0 0
510 1.05 0.48 0 0.34176317 0 0 0
511 1.1 0.48 0 0.33973712 0 0 0
512 1.15 0.48 0 0.33706312 0 0 0
513 1.2 0.48 0 0.33376046 0 0 0
514 1.25 0.48 0 0.329853 0 0 0
515 1.3 0.48 4 1.6053689 0.0034863508 0.0021421827 0.0056285335
516 1.35 0.48 5 1.9203407 0.0043415072 0.0026777284 0.0070192356
517 1.4 0.48 2 0.95480451 0.0017296889 0.0010710914 0.0028007803
518 1.45 0.48 3 1.2688004 0.0025836762 0.001606637 0.0041903133
519 1.5 0.48 4 1.5823717 0.0034298133 0.0021421827 0.005571996
520 1.55 0.48 5 1.8955649 0.0042676882 0.0026777284 0.0069454166
521 1.6 0.48 2 0.92842905 0.0016989763 0.0010710914 0.0027700676
522 1.65 0.48 3 1.2410157 0.0025359448 0.001606637 0.0041425818
523 1.7 0.48 4 1.5533784 0.0033641139 0.0021421827 0.0055062966
524 1.75 0.48 5 1.8655723 0.0041831973 0.0026777284 0.0068609257
525 1.8 0.48 2 0.89765382 0.0016643177 0.0010710914 0.0027354091
526 1.85 0.48 3 1.20968 0.0024827937 0.001606637 0.0040894307
527 1.9 0.48 4 1.5217085 0.0032918717 0.0021421827 0.0054340545
528 1.95 0.48 5 1.8337969 0.0040914029 0.0026777284 0.0067691313
529 2 0.48 2 0.86600229 0.001627095 0.0010710914 0.0026981864
530 2.05 0.48 3 1.178381 0.0024263418 0.001606637 0.0040329788
531 2.1 0.48 4 1.4909879 0.003215967 0.0021421827 0.0053581497
532 2.15 0.48 5 1.8038766 0.0039959645 0.0026777284 0.0066736929
533 2.2 0.48 2 0.83709829 0.0015887922 0.0010710914 0.0026598835
534 2.25 0.48 3 1.150702 0.0023688398 0.001606637 0.0039754768
535 2.3 0.48 4 1.4647338 0.0031394257 0.0021421827 0.0052816084
536 2.35 0.48 5 1.779237 0.0039006871 0.0026777284 0.0065784154
537 2.4 0.48 0 0.17425103 0 0 0
538 2.45 0.48 0 0.16981207 0 0 0
539 2.5 0.48 0 0.16595211 0 0 0
540 2.55 0.48 0 0.16269903 0 0 0
541 2.6 0.48 0 0.16007633 0 0 0
542 2.65 0.48 0 0.15810293 0 0 0
543 2.7 0.48 0 0.15679308 0 0 0
544 2.75 0.48 5 1.7561563 0.0037256506 0.0026777284 0.006403379
545 2.8 0.48 2 0.79619704 0.0014825233 0.0010710914 0.0025536146
546 2.85 0.48 3 1.1169151 0.00221262 0.001606637 0.003819257
547 2.9 0.48 4 1.4383054 0.0029358978 0.0021421827 0.0050780805
548 2.95 0.48 5 1.7603577 0.0036528697 0.0026777284 0.0063305981
549 3 0.48 2 0.80305732 0.0014546939 0.0010710914 0.0025257853
550 0 0.54 0 0.25 0 0 0
551 0.05 0.54 0 0.25741244 0 0 0
552 0.1 0.54 0 0.26477136 0 0 0
553 0.15 0.54 0 0.27202362 0 0 0
554 0.2 0.54 0 0.27911686 0 0 0
555 0.25 0.54 0 0.28599985 0 0 0
556 0.3 0.54 2 0.93262291 0.0017850032 0.0010667463 0.0028517495
557 0.35 0.54 3 1.2589382 0.0026810083 0.0016001194 0.0042811278
558 0.4 0.54 4 1.5849001 0.0035784127 0.0021334926 0.0057119053
559 0.45 0.54 5 1.9104656 0.0044765022 0.0026668657 0.0071433679
560 0.5 0.54 2 0.95559452 0.001791519 0.0010667463 0.0028582653
561 0.55 0.54 3 1.2802498 0.0026879377 0.0016001194 0.0042880571
562 0.6 0.54 4 1.6043978 0.0035838363 0.0021334926 0.0057173288
563 0.65 0.54 5 1.9280086 0.0044784952 0.0026668657 0.0071453609
564 0.7 0.54 2 0.97105618 0.0017903996 0.0010667463 0.0028571459
565 0.75 0.54 3 1.2935184 0.002683388 0.0016001194 0.0042835074
566 0.8 0.54 0 0.33537766 0 0 0
567 0.85 0.54 0 0.33662039 0 0 0
568 0.9 0.54 0 0.33723766 0 0 0
569 0.95 0.54 0 0.33722502 0 0 0
570 1 0.54 0 0.33658256 0 0 0
571 1.05 0.54 0 0.33531492 0 0 0
572 1.1 0.54 0 0.33343124 0 0 0
573 1.15 0.54 0 0.33094514 0 0 0
574 1.2 0.54 4 1.6078746 0.0035104626 0.0021334926 0.0056439552
575 1.25 0.54 5 1.9242417 0.0043734751 0.0026668657 0.0070403408
576 1.3 0.54 2 0.96007273 0.0017431754 0.0010667463 0.0028099217
577 1.35 0.54 3 1.2753978 0.0026049043 0.0016001194 0.0042050237
578 1.4 0.54 4 1.5902507 0.0034593779 0.0021334926 0.0055928704
579 1.45 0.54 5 1.9046685 0.0043061271 0.0026668657 0.0069729928
580 1.5 0.54 2 0.93869154 0.0017149067 0.0010667463 0.0027816529
581 1.55 0.54 3 1.252363 0.0025606129 0.0016001194 0.0041607323
582 1.6 0.54 4 1.5657286 0.0033979525 0.0021334926 0.0055314451
583 1.65 0.54 5 1.8788362 0.0042265747 0.0026668657 0.0068934404
584 1.7 0.54 2 0.91173562 0.0016820569 0.0010667463 0.0027488032
585 1.75 0.54 3 1.2244781 0.0025099184 0.0016001194 0.0041100378
586 1.8 0.54 4 1.537116 0.0033286354 0.0021334926 0.005462128
587 1.85 0.54 5 1.8497025 0.0041379894 0.0026668657 0.0068048552
588 1.9 0.54 2 0.88229118 0.0016459359 0.0010667463 0.0027126822
589 1.95 0.54 3 1.1949355 0.0024548417 0.0016001194 0.0040549611
590 2 0.54 4 1.5076886 0.0032541901 0.0021334926 0.0053876826
591 2.05 0.54 5 1.8206028 0.004043903 0.0026668657 0.0067107687
592 2.1 0.54 2 0.85372932 0.0016079835 0.0010667463 0.0026747298
593 2.15 0.54 3 1.1671177 0.0023975787 0.0016001194 0.0039976981
594 2.2 0.54 4 1.4808157 0.0031775843 0.0021334926 0.0053110769
595 2.25 0.54 5 1.7948689 0.0039480663 0.0026668657 0.006614932
596 2.3 0.54 2 0.82932012 0.0015697128 0.0010667463 0.0026364591
597 2.35 0.54 3 1.1442095 0.0023404122 0.0016001194 0.0039405317
598 2.4 0.54 4 1.459574 0.0031018722 0.0021334926 0.0052353648
599 2.45 0.54 5 1.7754469 0.0038543001 0.0026668657 0.0065211658
600 2.5 0.54 2 0.8118582 0.0015326496 0.0010667463 0.0025993959
601 2.55 0.54 0 0.16883372 0 0 0
602 2.6 0.54 0 0.16639532 0 0 0
603 2.65 0.54 0 0.16456059 0 0 0
604 2.7 0.54 0 0.16334279 0 0 0
605 2.75 0.54 0 0.16275071 0 0 0
606 2.8 0.54 0 0.16278863 0 0 0
607 2.85 0.54 0 0.16345627 0 0 0
608 2.9 0.54 2 0.80474882 0.0014679489 0.0010667463 0.0025346952
609 2.95 0.54 3 1.1266569 0.0021917218 0.0016001194 0.0037918412
610 3 0.54 4 1.4491668 0.0029093878 0.0021334926 0.0050428804
611 0 0.6 2 0.89 0.0017615624 0.001062161 0.0028237234
612 0.05 0.6 0 0.25679993 0 0 0
613 0.1 0.6 0 0.26355075 0 0 0
614 0.15 0.6 0 0.27020373 0 0 0
615 0.2 0.6 0 0.27671083 0 0 0
616 0.25 0.6 0 0.28302506 0 0 0
617 0.3 0.6 0 0.28910082 0 0 0
618 0.35 0.6 0 0.29489425 0 0 0
619 0.4 0.6 0 0.30036352 0 0 0
620 0.45 0.6 0 0.30546912 0 0 0
621 0.5 0.6 0 0.31017421 0 0 0
622 0.55 0.6 0 0.3144448 0 0 0
623 0.6 0.6 0 0.31825005 0 0 0
624 0.65 0.6 0 0.3215625 0 0 0
625 0.7 0.6 0 0.32435821 0 0 0
626 0.75 0.6 0 0.32661702 0 0 0
627 0.8 0.6 0 0.32832259 0 0 0
628 0.85 0.6 0 0.32946263 0 0 0
629 0.9 0.6 0 0.3300289 0 0 0
630 0.95 0.6 0 0.3300173 0 0 0
631 1 0.6 0 0.32942793 0 0 0
632 1.05 0.6 3 1.288265 0.0026555604 0.0015932415 0.0042488019
633 1.1 0.6 4 1.606537 0.0035314724 0.002124322 0.0056557944
634 1.15 0.6 5 1.9242564 0.0044017114 0.0026554025 0.0070571139
635 1.2 0.6 2 0.96143951 0.0017552313 0.001062161 0.0028173923
636 1.25 0.6 3 1.2781068 0.0026240851 0.0015932415 0.0042173266
637 1.3 0.6 4 1.5942824 0.0034863508 0.002124322 0.0056106728
638 1.35 0.6 5 1.9099937 0.0043415072 0.0026554025 0.0069969097
639 1.4 0.6 2 0.94527193 0.0017296889 0.001062161 0.0027918499
640 1.45 0.6 3 1.260151 0.0025836762 0.0015932415 0.0041769177
641 1.5 0.6 4 1.574668 0.0034298133 0.002124322 0.0055541353
642 1.55 0.6 5 1.8888624 0.0042676882 0.0026554025 0.0069230907
643 1.6 0.6 2 0.92277623 0.0016989763 0.001062161 0.0027611373
644 1.65 0.6 3 1.2364534 0.0025359448 0.0015932415 0.0041291863
645 1.7 0.6 4 1.5499395 0.0033641139 0.002124322 0.0054884359
646 1.75 0.6 5 1.8632817 0.0041831973 0.0026554025 0.0068385998
647 1.8 0.6 2 0.89652796 0.0016643177 0.001062161 0.0027264787
648 1.85 0.6 3 1.2097271 0.0024827937 0.0015932415 0.0040760352
649 1.9 0.6 4 1.5229282 0.0032918717 0.002124322 0.0054161937
650 1.95 0.6 5 1.8361803 0.0040914029 0.0026554025 0.0067468054
651 2 0.6 2 0.8695323 0.001627095 0.001062161 0.002689256
652 2.05 0.6 3 1.183032 0.0024263418 0.0015932415 0.0040195833
653 2.1 0.6 4 1.4967265 0.003215967 0.002124322 0.005340289
654 2.15 0.6 5 1.8106612 0.0039959645 0.0026554025 0.006651367
655 2.2 0.6 2 0.84488 0.0015887922 0.001062161 0.0026509532
656 2.25 0.6 3 1.1594246 0.0023688398 0.0015932415 0.0039620813
657 2.3 0.6 4 1.4743343 0.0031394257 0.002124322 0.0052637476
658 2.35 0.6 5 1.789646 0.0039006871 0.0026554025 0.0065560895
659 2.4 0.6 2 0.82539352 0.0015509361 0.001062161 0.0026130971
660 2.45 0.6 3 1.1416075 0.00231258 0.0015932415 0.0039058215
661 2.5 0.6 4 1.4583153 0.0030652992 0.002124322 0.0051896212
662 2.55 0.6 5 1.7755408 0.0038093689 0.0026554025 0.0064647714
663 2.6 0.6 2 0.81330388 0.0015150361 0.001062161 0.0025771971
664 2.65 0.6 3 1.1316208 0.0022598054 0.0015932415 0.0038530469
665 2.7 0.6 0 0.17050359 0 0 0
666 2.75 0.6 0 0.16996044 0 0 0
667 2.8 0.6 0 0.16999522 0 0 0
668 2.85 0.6 0 0.1706077 0 0 0
669 2.9 0.6 0 0.17179343 0 0 0
670 2.95 0.6 0 0.17354387 0 0 0
671 3 0.6 0 0.17584637 0 0 0
672 0 0.66 4 1.53 0.0035231249 0.002114704 0.0056378289
673 0.05 0.66 5 1.8561395 0.0044163631 0.00264338 0.0070597431
674 0.1 0.66 2 0.90223458 0.0017711118 0.001057352 0.0028284638
675 0.15 0.66 3 1.2282414 0.002662876 0.001586028 0.004248904
676 0.2 0.66 0 0.27411644 0 0 0
677 0.25 0.66 0 0.27981737 0 0 0
678 0.3 0.66 0 0.285303 0 0 0
679 0.35 0.66 0 0.29053372 0 0 0
680 0.4 0.66 0 0.29547176 0 0 0
681 0.45 0.66 0 0.30008147 0 0 0
682 0.5 0.66 0 0.30432956 0 0 0
683 0.55 0.66 0 0.30818535 0 0 0
684 0.6 0.66 0 0.311621 0 0 0
685 0.65 0.66 0 0.31461171 0 0 0
686 0.7 0.66 0 0.31713588 0 0 0
687 0.75 0.66 0 0.31917529 0 0 0
688 0.8 0.66 0 0.32071521 0 0 0
689 0.85 0.66 0 0.32174451 0 0 0
690 0.9 0.66 0 0.32225578 0 0 0
691 0.95 0.66 0 0.32224531 0 0 0
692 1 0.66 0 0.32171318 0 0 0
693 1.05 0.66 0 0.32066324 0 0 0
694 1.1 0.66 0 0.31910306 0 0 0
695 1.15 0.66 3 1.2770439 0.0026410269 0.001586028 0.0042270548
696 1.2 0.66 4 1.5945007 0.0035104626 0.002114704 0.0056251666
697 1.25 0.66 5 1.9114917 0.0043734751 0.00264338 0.0070168551
698 1.3 0.66 2 0.94803869 0.0017431754 0.001057352 0.0028005274
699 1.35 0.66 3 1.2641666 0.0026049043 0.001586028 0.0041909323
700 1.4 0.66 4 1.5799034 0.0034593779 0.002114704 0.0055740819
701 1.45 0.66 5 1.8952799 0.0043061271 0.00264338 0.0069495071
702 1.5 0.66 2 0.93032943 0.0017149067 0.001057352 0.0027722587
703 1.55 0.66 3 1.2450877 0.0025606129 0.001586028 0.0041466409
704 1.6 0.66 4 1.5595927 0.0033979525 0.002114704 0.0055126565
705 1.65 0.66 5 1.873884 0.0042265747 0.00264338 0.0068699547
706 1.7 0.66 2 0.90800282 0.0016820569 0.001057352 0.0027394089
707 1.75 0.66 3 1.2219917 0.0025099184 0.001586028 0.0040959464
708 1.8 0.66 4 1.5358939 0.0033286354 0.002114704 0.0054433394
709 1.85 0.66 5 1.8497536 0.0041379894 0.00264338 0.0067813694
710 1.9 0.66 2 0.88361506 0.0016459359 0.001057352 0.0027032879
711 1.95 0.66 3 1.1975226 0.0024548417 0.001586028 0.0040408697
712 2 0.66 4 1.5115203 0.0032541901 0.002114704 0.0053688941
713 2.05 0.66 5 1.8256514 0.004043903 0.00264338 0.006687283
714 2.1 0.66 2 0.85995832 0.0016079835 0.001057352 0.0026653355
715 2.15 0.66 3 1.1744822 0.0023975787 0.001586028 0.0039836067
716 2.2 0.66 4 1.4892625 0.0031775843 0.002114704 0.0052922883
717 2.25 0.66 5 1.8043369 0.0039480663 0.00264338 0.0065914463
718 2.3 0.66 2 0.83974107 0.0015697128 0.001057352 0.0026270648
719 2.35 0.66 3 1.1555081 0.0023404122 0.001586028 0.0039264402
720 2.4 0.66 4 1.4716687 0.0031018722 0.002114704 0.0052165762
721 2.45 0.66 5 1.7882504 0.0038543001 0.00264338 0.0064976801
722 2.5 0.66 2 0.82527799 0.0015326496 0.001057352 0.0025900016
723 2.55 0.66 3 1.1427729 0.0022856213 0.001586028 0.0038716493
724 2.6 0.66 4 1.4607533 0.0030300721 0.002114704 0.0051447761
725 2.65 0.66 5 1.7792336 0.0037663424 0.00264338 0.0064097224
726 2.7 0.66 2 0.81822499 0.0014982715 0.001057352 0.0025556235
727 2.75 0.66 3 1.1377346 0.0022353903 0.001586028 0.0038214183
728 2.8 0.66 4 1.457766 0.0029650466 0.002114704 0.0050797506
729 2.85 0.66 0 0.17831898 0 0 0
730 2.9 0.66 0 0.17938955 0 0 0
731 2.95 0.66 0 0.18096997 0 0 0
732 3 0.66 0 0.18304883 0 0 0
733 0 0.72 2 0.89 0.0017615624 0.0010523366 0.002813899
734 0.05 0.72 3 1.2154357 0.0026498179 0.0015785049 0.0042283228
735 0.1 0.72 4 1.5408321 0.0035422236 0.0021046732 0.0056468968
736 0.15 0.72 5 1.8661504 0.0044381267 0.0026308415 0.0070689682
737 0.2 0.72 2 0.91135198 0.0017789515 0.0010523366 0.0028312881
738 0.25 0.72 3 1.2363994 0.0026733076 0.0015785049 0.0042518125
739 0.3 0.72 4 1.5612562 0.0035700063 0.0021046732 0.0056746795
740 0.35 0.72 5 1.8858874 0.0044683472 0.0026308415 0.0070991887
741 0.4 0.72 2 0.93025935 0.0017892063 0.0010523366 0.0028415429
742 0.45 0.72 0 0.29434065 0 0 0
743 0.5 0.72 0 0.29810178 0 0 0
744 0.55 0.72 0 0.30151558 0 0 0
745 0.6 0.72 0 0.30455741 0 0 0
746 0.65 0.72 0 0.30720529 0 0 0
747 0.7 0.72 0 0.30944012 0 0 0
748 0.75 0.72 0 0.31124575 0 0 0
749 0.8 0.72 0 0.31260915 0 0 0
750 0.85 0.72 0 0.31352047 0 0 0
751 0.9 0.72 0 0.31397312 0 0 0
752 0.95 0.72 0 0.31396386 0 0 0
753 1 0.72 0 0.31349273 0 0 0
754 1.05 0.72 0 0.31256314 0 0 0
755 1.1 0.72 0 0.3111818 0 0 0
756 1.15 0.72 0 0.3093587 0 0 0
757 1.2 0.72 2 0.94710698 0.0017552313 0.0010523366 0.0028075679
758 1.25 0.72 3 1.2644429 0.0026240851 0.0015785049 0.00420259
759 1.3 0.72 4 1.5813857 0.0034863508 0.0021046732 0.005591024
760 1.35 0.72 5 1.8979575 0.0043415072 0.0026308415 0.0069723487
761 1.4 0.72 2 0.93418302 0.0017296889 0.0010523366 0.0027820255
762 1.45 0.72 3 1.2500895 0.0025836762 0.0015785049 0.0041621811
763 1.5 0.72 4 1.5657065 0.0034298133 0.0021046732 0.0055344865
764 1.55 0.72 5 1.8810657 0.0042676882 0.0026308415 0.0068985297
765 1.6 0.72 2 0.91620051 0.0016989763 0.0010523366 0.0027513129
766 1.65 0.72 3 1.2311462 0.0025359448 0.0015785049 0.0041144497
767 1.7 0.72 4 1.5459392 0.0033641139 0.0021046732 0.0054687871
768 1.75 0.72 5 1.8606171 0.0041831973 0.0026308415 0.0068140388
769 1.8 0.72 2 0.89521829 0.0016643177 0.0010523366 0.0027166543
770 1.85 0.72 3 1.2097818 0.0024827937 0.0015785049 0.0040612986
771 1.9 0.72 4 1.524347 0.0032918717 0.0021046732 0.0053965449
772 1.95 0.72 5 1.8389529 0.0040914029 0.0026308415 0.0067222444
773 2 0.72 2 0.87363862 0.001627095 0.0010523366 0.0026794316
774 2.05 0.72 3 1.1884425 0.0024263418 0.0015785049 0.0040048467
775 2.1 0.72 4 1.503402 0.003215967 0.0021046732 0.0053206402
776 2.15 0.72 5 1.8185536 0.0039959645 0.0026308415 0.006626806
777 2.2 0.72 2 0.85393218 0.0015887922 0.0010523366 0.0026411288
778 2.25 0.72 3 1.1695712 0.0023688398 0.0015785049 0.0039473447
779 2.3 0.72 4 1.4855022 0.0031394257 0.0021046732 0.0052440988
780 2.35 0.72 5 1.8017545 0.0039006871 0.0026308415 0.0065315285
781 2.4 0.72 2 0.83835517 0.0015509361 0.0010523366 0.0026032727
782 2.45 0.72 3 1.1553287 0.00231258 0.0015785049 0.0038910849
783 2.5 0.72 4 1.4726971 0.0030652992 0.0021046732 0.0051699724
784 2.55 0.72 5 1.7904791 0.0038093689 0.0026308415 0.0064402104
785 2.6 0.72 2 0.82869101 0.0015150361 0.0010523366 0.0025673727
786 2.65 0.72 3 1.1473456 0.0022598054 0.0015785049 0.0038383103
787 2.7 0.72 4 1.4664525 0.0029965429 0.0021046732 0.0051012161
788 2.75 0.72 5 1.7860183 0.0037256506 0.0026308415 0.0063564921
789 2.8 0.72 2 0.82604616 0.0014825233 0.0010523366 0.0025348599
790 2.85 0.72 3 1.1465358 0.00221262 0.0015785049 0.0037911249
791 2.9 0.72 4 1.4674836 0.0029358978 0.0021046732 0.005040571
792 2.95 0.72 5 1.7888829 0.0036528697 0.0026308415 0.0062837112
793 3 0.72 2 0.83072342 0.0014546939 0.0010523366 0.0025070305
794 0 0.78 4 1.53 0.0035231249 0.0020942657 0.0056173905
795 0.05 0.78 5 1.8546936 0.0044163631 0.0026178321 0.0070341952
796 0.1 0.78 2 0.8993533 0.0017711118 0.0010471328 0.0028182446
797 0.15 0.78 3 1.2239455 0.002662876 0.0015706993 0.0042335753
798 0.2 0.78 4 1.5484369 0.003557903 0.0020942657 0.0056521687
799 0.25 0.78 5 1.8727953 0.0044555126 0.0026178321 0.0070733447
800 0.3 0.78 2 0.91698905 0.0017850032 0.0010471328 0.002832136
801 0.35 0.78 3 1.2409879 0.0026810083 0.0015706993 0.0042517076
802 0.4 0.78 4 1.564763 0.0035784127 0.0020942657 0.0056726784
803 0.45 0.78 5 1.8882871 0.0044765022 0.0026178321 0.0070943343
804 0.5 0.78 0 0.29153479 0 0 0
805 0.55 0.78 0 0.29448254 0 0 0
806 0.6 0.78 0 0.29710908 0 0 0
807 0.65 0.78 0 0.29939547 0 0 0
808 0.7 0.78 0 0.3013252 0 0 0
809 0.75 0.78 0 0.30288432 0 0 0
810 0.8 0.78 0 0.30406158 0 0 0
811 0.85 0.78 0 0.30484848 0 0 0
812 0.9 0.78 0 0.30523934 0 0 0
813 0.95 0.78 0 0.30523134 0 0 0
814 1 0.78 0 0.30482453 0 0 0
815 1.05 0.78 0 0.30402185 0 0 0
816 1.1 0.78 0 0.3028291 0 0 0
817 1.15 0.78 0 0.30125489 0 0 0
818 1.2 0.78 0 0.29931058 0 0 0
819 1.25 0.78 5 1.8970102 0.0043734751 0.0026178321 0.0069913072
820 1.3 0.78 2 0.93437042 0.0017431754 0.0010471328 0.0027903082
821 1.35 0.78 3 1.2514102 0.0026049043 0.0015706993 0.0041756036
822 1.4 0.78 4 1.568151 0.0034593779 0.0020942657 0.0055536435
823 1.45 0.78 5 1.8846164 0.0043061271 0.0026178321 0.0069239591
824 1.5 0.78 2 0.92083174 0.0017149067 0.0010471328 0.0027620395
825 1.55 0.78 3 1.2368245 0.0025606129 0.0015706993 0.0041313122
826 1.6 0.78 4 1.5526235 0.0033979525 0.0020942657 0.0054922182
827 1.65 0.78 5 1.8682592 0.0042265747 0.0026178321 0.0068444068
828 1.7 0.78 2 0.90376311 0.0016820569 0.0010471328 0.0027291898
829 1.75 0.78 3 1.2191676 0.0025099184 0.0015706993 0.0040806176
830 1.8 0.78 4 1.5345059 0.0033286354 0.0020942657 0.0054229011
831 1.85 0.78 5 1.8498116 0.0041379894 0.0026178321 0.0067558215
832 1.9 0.78 2 0.88511873 0.0016459359 0.0010471328 0.0026930687
833 1.95 0.78 3 1.2004611 0.0024548417 0.0015706993 0.004025541
834 2 0.78 4 1.5158723 0.0032541901 0.0020942657 0.0053484558
835 2.05 0.78 5 1.8313856 0.004043903 0.0026178321 0.0066617351
836 2.1 0.78 2 0.86703322 0.0016079835 0.0010471328 0.0026551163
837 2.15 0.78 3 1.1828467 0.0023975787 0.0015706993 0.003968278
838 2.2 0.78 4 1.4988563 0.0031775843 0.0020942657 0.00527185
839 2.25 0.78 5 1.8150907 0.0039480663 0.0026178321 0.0065658984
840 2.3 0.78 2 0.85157719 0.0015697128 0.0010471328 0.0026168457
841 2.35 0.78 3 1.1683411 0.0023404122 0.0015706993 0.0039111115
842 2.4 0.78 4 1.4854059 0.0031018722 0.0020942657 0.0051961379
843 2.45 0.78 5 1.8027926 0.0038543001 0.0026178321 0.0064721322
844 2.5 0.78 2 0.84052021 0.0015326496 0.0010471328 0.0025797825
845 2.55 0.78 3 1.1586051 0.0022856213 0.0015706993 0.0038563206
846 2.6 0.78 4 1.4770611 0.0030300721 0.0020942657 0.0051243378
847 2.65 0.78 5 1.7958993 0.0037663424 0.0026178321 0.0063841745
848 2.7 0.78 2 0.8351282 0.0014982715 0.0010471328 0.0025454043
849 2.75 0.78 3 1.1547533 0.0022353903 0.0015706993 0.0038060896
850 2.8 0.78 4 1.4747773 0.0029650466 0.0020942657 0.0050593122
851 2.85 0.78 5 1.7952001 0.0036876999 0.0026178321 0.006305532
852 2.9 0.78 2 0.83601851 0.0014679489 0.0010471328 0.0025150817
853 2.95 0.78 3 1.1572267 0.0021917218 0.0015706993 0.0037624211
854 3 0.78 4 1.478816 0.0029093878 0.0020942657 0.0050036535
855 0 0.84 2 0.89 0.0017615624 0.0010417595 0.0028033219
856 0.05 0.84 3 1.2139184 0.0026498179 0.0015626392 0.0042124571
857 0.1 0.84 4 1.5378085 0.0035422236 0.0020835189 0.0056257425
858 0.15 0.84 5 1.8616422 0.0044381267 0.0026043986 0.0070425253
859 0.2 0.84 2 0.9053919 0.0017789515 0.0010417595 0.002820711
860 0.25 0.84 3 1.2290304 0.0026733076 0.0015626392 0.0042359467
861 0.3 0.84 4 1.5525315 0.0035700063 0.0020835189 0.0056535252
862 0.35 0.84 5 1.87587 0.0044683472 0.0026043986 0.0070727458
863 0.4 0.84 2 0.91902158 0.0017892063 0.0010417595 0.0028309658
864 0.45 0.84 0 0.28196365 0 0 0
865 0.5 0.84 0 0.28467491 0 0 0
866 0.55 0.84 0 0.28713581 0 0 0
867 0.6 0.84 0 0.28932855 0 0 0
868 0.65 0.84 0 0.29123732 0 0 0
869 0.7 0.84 0 0.29284833 0 0 0
870 0.75 0.84 0 0.29414995 0 0 0
871 0.8 0.84 0 0.29513278 0 0 0
872 0.85 0.84 0 0.29578971 0 0 0
873 0.9 0.84 0 0.29611602 0 0 0
874 0.95 0.84 0 0.29610934 0 0 0
875 1 0.84 0 0.29576972 0 0 0
876 1.05 0.84 0 0.29509961 0 0 0
877 1.1 0.84 0 0.29410385 0 0 0
878 1.15 0.84 0 0.29278964 0 0 0
879 1.2 0.84 0 0.29116645 0 0 0
880 1.25 0.84 0 0.28924602 0 0 0
881 1.3 0.84 4 1.5670422 0.0034863508 0.0020835189 0.0055698697
882 1.35 0.84 5 1.8845709 0.0043415072 0.0026043986 0.0069459058
883 1.4 0.84 2 0.92185001 0.0017296889 0.0010417595 0.0027714484
884 1.45 0.84 3 1.2388991 0.0025836762 0.0015626392 0.0041463154
885 1.5 0.84 4 1.5557396 0.0034298133 0.0020835189 0.0055133322
886 1.55 0.84 5 1.8723942 0.0042676882 0.0026043986 0.0068720868
887 1.6 0.84 2 0.90888704 0.0016989763 0.0010417595 0.0027407357
888 1.65 0.84 3 1.2252436 0.0025359448 0.0015626392 0.004098584
889 1.7 0.84 4 1.54149 0.0033641139 0.0020835189 0.0054476328
890 1.75 0.84 5 1.8576535 0.0041831973 0.0026043986 0.0067875959
891 1.8 0.84 2 0.89376168 0.0016643177 0.0010417595 0.0027060772
892 1.85 0.84 3 1.2098427 0.0024827937 0.0015626392 0.0040454328
893 1.9 0.84 4 1.5259249 0.0032918717 0.0020835189 0.0053753906
894 1.95 0.84 5 1.8420365 0.0040914029 0.0026043986 0.0066958015
895 2 0.84 2 0.87820565 0.001627095 0.0010417595 0.0026688545
896 2.05 0.84 3 1.1944599 0.0024263418 0.0015626392 0.003988981
897 2.1 0.84 4 1.5108264 0.003215967 0.0020835189 0.0052994859
898 2.15 0.84 5 1.8273313 0.0039959645 0.0026043986 0.0066003631
899 2.2 0.84 2 0.86399995 0.0015887922 0.0010417595 0.0026305516
900 2.25 0.84 3 1.1808563 0.0023688398 0.0015626392 0.003931479
901 2.3 0.84 4 1.4979231 0.0031394257 0.0020835189 0.0052229446
902 2.35 0.84 5 1.8152215 0.0039006871 0.0026043986 0.0065050857
903 2.4 0.84 2 0.85277102 0.0015509361 0.0010417595 0.0025926956
904 2.45 0.84 3 1.1705894 0.00231258 0.0015626392 0.0038752192
905 2.5 0.84 4 1.4886923 0.0030652992 0.0020835189 0.0051488181
906 2.55 0.84 5 1.8070935 0.0038093689 0.0026043986 0.0064137675
907 2.6 0.84 2 0.84580446 0.0015150361 0.0010417595 0.0025567955
908 2.65 0.84 3 1.1648346 0.0022598054 0.0015626392 0.0038224446
909 2.7 0.84 4 1.4841908 0.0029965429 0.0020835189 0.0050800618
910 2.75 0.84 5 1.8038778 0.0037256506 0.0026043986 0.0063300492
911 2.8 0.84 2 0.84389788 0.0014825233 0.0010417595 0.0025242827
912 2.85 0.84 3 1.1642508 0.00221262 0.0015626392 0.0037752591
913 2.9 0.84 4 1.4849341 0.0029358978 0.0020835189 0.0050194167
914 2.95 0.84 5 1.8059428 0.0036528697 0.0026043986 0.0062572683
915 3 0.84 2 0.84726956 0.0014546939 0.0010417595 0.0024964534
916 0 0.9 4 1.53 0.0035231249 0.0020724716 0.0055955964
917 0.05 0.9 5 1.8531156 0.0044163631 0.0025905894 0.0070069526
918 0.1 0.9 2 0.89620866 0.0017711118 0.0010362358 0.0028073476
919 0.15 0.9 3 1.2192569 0.002662876 0.0015543537 0.0042172297
920 0.2 0.9 4 1.5422383 0.003557903 0.0020724716 0.0056303746
921 0.25 0.9 5 1.8651314 0.0044555126 0.0025905894 0.0070461021
922 0.3 0.9 2 0.90791514 0.0017850032 0.0010362358 0.0028212389
923 0.35 0.9 3 1.2305696 0.0026810083 0.0015543537 0.004235362
924 0.4 0.9 4 1.5530755 0.0035784127 0.0020724716 0.0056508842
925 0.45 0.9 0 0.27541474 0 0 0
926 0.5 0.9 0 0.27757051 0 0 0
927 0.55 0.9 0 0.2795272 0 0 0
928 0.6 0.9 0 0.28127068 0 0 0
929 0.65 0.9 0 0.28278837 0 0 0
930 0.7 0.9 0 0.28406931 0 0 0
931 0.75 0.9 0 0.28510425 0 0 0
932 0.8 0.9 0 0.2858857 0 0 0
933 0.85 0.9 0 0.28640804 0 0 0
934 0.9 0.9 0 0.28666749 0 0 0
935 0.95 0.9 0 0.28666218 0 0 0
936 1 0.9 0 0.28639214 0 0 0
937 1.05 0.9 0 0.28585933 0 0 0
938 1.1 0.9 0 0.28506759 0 0 0
939 1.15 0.9 0 0.28402264 0 0 0
940 1.2 0.9 0 0.28273202 0 0 0
941 1.25 0.9 0 0.28120506 0 0 0
942 1.3 0.9 2 0.91945278 0.0017431754 0.0010362358 0.0027794112
943 1.35 0.9 3 1.2374878 0.0026049043 0.0015543537 0.004159258
944 1.4 0.9 4 1.5553244 0.0034593779 0.0020724716 0.0055318494
945 1.45 0.9 5 1.8729781 0.0043061271 0.0025905894 0.0068967165
946 1.5 0.9 2 0.91046589 0.0017149067 0.0010362358 0.0027511424
947 1.55 0.9 3 1.2278059 0.0025606129 0.0015543537 0.0041149666
948 1.6 0.9 4 1.5450174 0.0033979525 0.0020724716 0.0054704241
949 1.65 0.9 5 1.8621204 0.0042265747 0.0025905894 0.0068171641
950 1.7 0.9 2 0.89913586 0.0016820569 0.0010362358 0.0027182927
951 1.75 0.9 3 1.2160854 0.0025099184 0.0015543537 0.004064272
952 1.8 0.9 4 1.532991 0.0033286354 0.0020724716 0.005401107
953 1.85 0.9 5 1.849875 0.0041379894 0.0025905894 0.0067285789
954 1.9 0.9 2 0.88675985 0.0016459359 0.0010362358 0.0026821716
955 1.95 0.9 3 1.2036681 0.0024548417 0.0015543537 0.0040091954
956 2 0.9 4 1.5206221 0.0032541901 0.0020724716 0.0053266616
957 2.05 0.9 5 1.8376439 0.004043903 0.0025905894 0.0066344925
958 2.1 0.9 2 0.87475481 0.0016079835 0.0010362358 0.0026442193
959 2.15 0.9 3 1.1919758 0.0023975787 0.0015543537 0.0039519324
960 2.2 0.9 4 1.509327 0.0031775843 0.0020724716 0.0052500559
961 2.25 0.9 5 1.8268274 0.0039480663 0.0025905894 0.0065386558
962 2.3 0.9 2 0.8644952 0.0015697128 0.0010362358 0.0026059486
963 2.35 0.9 3 1.1823471 0.0023404122 0.0015543537 0.0038947659
964 2.4 0.9 4 1.5003987 0.0031018722 0.0020724716 0.0051743438
965 2.45 0.9 5 1.8186641 0.0038543001 0.0025905894 0.0064448895
966 2.5 0.9 2 0.85715565 0.0015326496 0.0010362358 0.0025688854
967 2.55 0.9 3 1.1758844 0.0022856213 0.0015543537 0.003839975
968 2.6 0.9 4 1.4948595 0.0030300721 0.0020724716 0.0051025437
969 2.65 0.9 5 1.8140883 0.0037663424 0.0025905894 0.0063569318
970 2.7 0.9 2 0.85357648 0.0014982715 0.0010362358 0.0025345072
971 2.75 0.9 3 1.1733276 0.0022353903 0.0015543537 0.003789744
972 2.8 0.9 4 1.4933436 0.0029650466 0.0020724716 0.0050375181
973 2.85 0.9 5 1.8136242 0.0036876999 0.0025905894 0.0062782894
974 2.9 0.9 2 0.85416746 0.0014679489 0.0010362358 0.0025041847
975 2.95 0.9 3 1.1749695 0.0021917218 0.0015543537 0.0037460755
976 3 0.9 4 1.4960244 0.0029093878 0.0020724716 0.0049818594
977 0 0.96 2 0.89 0.0017615624 0.0010305817 0.0027921441
978 0.05 0.96 3 1.2122908 0.0026498179 0.0015458725 0.0041956904
979 0.1 0.96 4 1.534565 0.0035422236 0.0020611634 0.005603387
980 0.15 0.96 5 1.8568063 0.0044381267 0.0025764542 0.0070145809
981 0.2 0.96 2 0.89899843 0.0017789515 0.0010305817 0.0028095332
982 0.25 0.96 3 1.2211256 0.0026733076 0.0015458725 0.0042191801
983 0.3 0.96 4 1.5431724 0.0035700063 0.0020611634 0.0056311697
984 0.35 0.96 5 1.8651241 0.0044683472 0.0025764542 0.0070448014
985 0.4 0.96 0 0.26696663 0 0 0
986 0.45 0.96 0 0.26868662 0 0 0
987 0.5 0.96 0 0.27027168 0 0 0
988 0.55 0.96 0 0.27171037 0 0 0
989 0.6 0.96 0 0.2729923 0 0 0
990 0.65 0.96 0 0.27410821 0 0 0
991 0.7 0.96 0 0.27505004 0 0 0
992 0.75 0.96 0 0.27581099 0 0 0
993 0.8 0.96 0 0.27638557 0 0 0
994 0.85 0.96 0 0.27676963 0 0 0
995 0.9 0.96 0 0.27696039 0 0 0
996 0.95 0.96 0 0.27695649 0 0 0
997 1 0.96 0 0.27675794 0 0 0
998 1.05 0.96 0 0.27636618 0 0 0
999 1.1 0.96 0 0.27578404 0 0 0
1000 1.15 0.96 0 0.27501572 0 0 0
1001 1.2 0.96 0 0.27406677 0 0 0
1002 1.25 0.96 0 0.27294405 0 0 0
1003 1.3 0.96 0 0.27165565 0 0 0
1004 1.35 0.96 5 1.8702109 0.0043415072 0.0025764542 0.0069179614
1005 1.4 0.96 2 0.90862019 0.0017296889 0.0010305817 0.0027602706
1006 1.45 0.96 3 1.226895 0.0025836762 0.0015458725 0.0041295488
1007 1.5 0.96 4 1.5450479 0.0034298133 0.0020611634 0.0054909767
1008 1.55 0.96 5 1.8630921 0.0042676882 0.0025764542 0.0068441424
1009 1.6 0.96 2 0.90104176 0.0016989763 0.0010305817 0.002729558
1010 1.65 0.96 3 1.2189117 0.0025359448 0.0015458725 0.0040818173
1011 1.7 0.96 4 1.5367173 0.0033641139 0.0020611634 0.0054252773
1012 1.75 0.96 5 1.8544744 0.0041831973 0.0025764542 0.0067596515
1013 1.8 0.96 2 0.89219916 0.0016643177 0.0010305817 0.0026948994
1014 1.85 0.96 3 1.2099081 0.0024827937 0.0015458725 0.0040286662
1015 1.9 0.96 4 1.5276176 0.0032918717 0.0020611634 0.0053530351
1016 1.95 0.96 5 1.8453444 0.0040914029 0.0025764542 0.0066678571
1017 2 0.96 2 0.88310477 0.001627095 0.0010305817 0.0026576767
1018 2.05 0.96 3 1.2009149 0.0024263418 0.0015458725 0.0039722144
1019 2.1 0.96 4 1.5187907 0.003215967 0.0020611634 0.0052771304
1020 2.15 0.96 5 1.8367474 0.0039959645 0.0025764542 0.0065724187
1021 2.2 0.96 2 0.87479983 0.0015887922 0.0010305817 0.0026193739
1022 2.25 0.96 3 1.192962 0.0023688398 0.0015458725 0.0039147123
1023 2.3 0.96 4 1.5112472 0.0031394257 0.0020611634 0.005200589
1024 2.35 0.96 5 1.8296678 0.0039006871 0.0025764542 0.0064771413
1025 2.4 0.96 2 0.86823516 0.0015509361 0.0010305817 0.0025815178
1026 2.45 0.96 3 1.1869597 0.00231258 0.0015458725 0.0038584526
1027 2.5 0.96 4 1.5058506 0.0030652992 0.0020611634 0.0051264626
1028 2.55 0.96 5 1.8249159 0.0038093689 0.0025764542 0.0063858231
1029 2.6 0.96 2 0.86416236 0.0015150361 0.0010305817 0.0025456178
1030 2.65 0.96 3 1.1835953 0.0022598054 0.0015458725 0.003805678
1031 2.7 0.96 4 1.503219 0.0029965429 0.0020611634 0.0050577063
1032 2.75 0.96 5 1.823036 0.0037256506 0.0025764542 0.0063021048
1033 2.8 0.96 2 0.86304773 0.0014825233 0.0010305817 0.002513105
1034 2.85 0.96 3 1.1832541 0.00221262 0.0015458725 0.0037584925
1035 2.9 0.96 4 1.5036535 0.0029358978 0.0020611634 0.0049970612
1036 2.95 0.96 5 1.8242432 0.0036528697 0.0025764542 0.0062293239
1037 3 0.96 2 0.86501889 0.0014546939 0.0010305817 0.0024852756
1038 0 1.02 4 1.53 0.0035231249 0.0020496351 0.0055727599
1039 0.05 1.02 5 1.8514498 0.0044163631 0.0025620439 0.006978407
1040 0.1 1.02 2 0.89288919 0.0017711118 0.0010248175 0.0027959294
1041 0.15 1.02 3 1.2143077 0.002662876 0.0015372263 0.0042001023
1042 0.2 1.02 4 1.5356951 0.003557903 0.0020496351 0.0056075381
1043 0.25 1.02 5 1.8570414 0.0044555126 0.0025620439 0.0070175565
1044 0.3 1.02 2 0.89833679 0.0017850032 0.0010248175 0.0028098207
1045 0.35 1.02 3 1.219572 0.0026810083 0.0015372263 0.0042182346
1046 0.4 1.02 0 0.26073814 0 0 0
1047 0.45 1.02 0 0.26182672 0 0 0
1048 0.5 1.02 0 0.2628299 0 0 0
1049 0.55 1.02 0 0.26374045 0 0 0
1050 0.6 1.02 0 0.26455178 0 0 0
1051 0.65 1.02 0 0.26525803 0 0 0
1052 0.7 1.02 0 0.26585411 0 0 0
1053 0.75 1.02 0 0.26633572 0 0 0
1054 0.8 1.02 0 0.26669937 0 0 0
1055 0.85 1.02 0 0.26694244 0 0 0
1056 0.9 1.02 0 0.26706317 0 0 0
1057 0.95 1.02 0 0.2670607 0 0 0
1058 1 1.02 0 0.26693504 0 0 0
1059 1.05 1.02 0 0.2666871 0 0 0
1060 1.1 1.02 0 0.26631866 0 0 0
1061 1.15 1.02 0 0.26583239 0 0 0
1062 1.2 1.02 0 0.26523181 0 0 0
1063 1.25 1.02 0 0.26452124 0 0 0
1064 1.3 1.02 0 0.26370581 0 0 0
1065 1.35 1.02 3 1.2227914 0.0026049043 0.0015372263 0.0041421306
1066 1.4 1.02 4 1.5417847 0.0034593779 0.0020496351 0.005509013
1067 1.45 1.02 5 1.8606928 0.0043061271 0.0025620439 0.0068681709
1068 1.5 1.02 2 0.89952378 0.0017149067 0.0010248175 0.0027397242
1069 1.55 1.02 3 1.218286 0.0025606129 0.0015372263 0.0040978392
1070 1.6 1.02 4 1.5369883 0.0033979525 0.0020496351 0.0054475876
1071 1.65 1.02 5 1.8556402 0.0042265747 0.0025620439 0.0067886185
1072 1.7 1.02 2 0.89425136 0.0016820569 0.0010248175 0.0027068745
1073 1.75 1.02 3 1.2128318 0.0025099184 0.0015372263 0.0040471447
1074 1.8 1.02 4 1.5313918 0.0033286354 0.0020496351 0.0053782705
1075 1.85 1.02 5 1.8499418 0.0041379894 0.0025620439 0.0067000333
1076 1.9 1.02 2 0.8884922 0.0016459359 0.0010248175 0.0026707534
1077 1.95 1.02 3 1.2070535 0.0024548417 0.0015372263 0.003992068
1078 2 1.02 4 1.525636 0.0032541901 0.0020496351 0.0053038252
1079 2.05 1.02 5 1.8442501 0.004043903 0.0025620439 0.0066059469
1080 2.1 1.02 2 0.88290567 0.0016079835 0.0010248175 0.002632801
1081 2.15 1.02 3 1.2016125 0.0023975787 0.0015372263 0.003934805
1082 2.2 1.02 4 1.5203798 0.0031775843 0.0020496351 0.0052272194
1083 2.25 1.02 5 1.8392167 0.0039480663 0.0025620439 0.0065101102
1084 2.3 1.02 2 0.87813137 0.0015697128 0.0010248175 0.0025945304
1085 2.35 1.02 3 1.1971318 0.0023404122 0.0015372263 0.0038776385
1086 2.4 1.02 4 1.5162251 0.0031018722 0.0020496351 0.0051515073
1087 2.45 1.02 5 1.8354179 0.0038543001 0.0025620439 0.0064163439
1088 2.5 1.02 2 0.87471592 0.0015326496 0.0010248175 0.0025574672
1089 2.55 1.02 3 1.1941244 0.0022856213 0.0015372263 0.0038228476
1090 2.6 1.02 4 1.5136474 0.0030300721 0.0020496351 0.0050797072
1091 2.65 1.02 5 1.8332886 0.0037663424 0.0025620439 0.0063283863
1092 2.7 1.02 2 0.87305036 0.0014982715 0.0010248175 0.002523089
1093 2.75 1.02 3 1.1929346 0.0022353903 0.0015372263 0.0037726167
1094 2.8 1.02 4 1.512942 0.0029650466 0.0020496351 0.0050146817
1095 2.85 1.02 5 1.8330726 0.0036876999 0.0025620439 0.0062497438
1096 2.9 1.02 2 0.87332537 0.0014679489 0.0010248175 0.0024927664
1097 2.95 1.02 3 1.1936986 0.0021917218 0.0015372263 0.0037289481
1098 3 1.02 4 1.5141895 0.0029093878 0.0020496351 0.0049590229
1099 0 1.08 2 0.89 0.0017615624 0.0010189641 0.0027805265
1100 0.05 1.08 3 1.2105987 0.0026498179 0.0015284461 0.004178264
1101 0.1 1.08 4 1.531193 0.0035422236 0.0020379282 0.0055801518
1102 0.15 1.08 5 1.8517787 0.0044381267 0.0025474102 0.0069855369
1103 0.2 1.08 2 0.89235158 0.0017789515 0.0010189641 0.0027979156
1104 0.25 1.08 3 1.2129075 0.0026733076 0.0015284461 0.0042017537
1105 0.3 1.08 4 1.5334424 0.0035700063 0.0020379282 0.0056079345
1106 0.35 1.08 5 1.8539524 0.0044683472 0.0025474102 0.0070157574
1107 0.4 1.08 0 0.25443393 0 0 0
1108 0.45 1.08 0 0.25488342 0 0 0
1109 0.5 1.08 0 0.25529765 0 0 0
1110 0.55 1.08 0 0.25567363 0 0 0
1111 0.6 1.08 0 0.25600864 0 0 0
1112 0.65 1.08 0 0.25630026 0 0 0
1113 0.7 1.08 0 0.25654639 0 0 0
1114 0.75 1.08 0 0.25674525 0 0 0
1115 0.8 1.08 0 0.25689541 0 0 0
1116 0.85 1.08 0 0.25699577 0 0 0
1117 0.9 1.08 0 0.25704563 0 0 0
1118 0.95 1.08 0 0.25704461 0 0 0
1119 1 1.08 0 0.25699272 0 0 0
1120 1.05 1.08 0 0.25689034 0 0 0
1121 1.1 1.08 0 0.25673821 0 0 0
1122 1.15 1.08 0 0.25653742 0 0 0
1123 1.2 1.08 0 0.25628943 0 0 0
1124 1.25 1.08 0 0.25599603 0 0 0
1125 1.3 1.08 0 0.25565933 0 0 0
1126 1.35 1.08 5 1.8552818 0.0043415072 0.0025474102 0.0068889174
1127 1.4 1.08 2 0.89486606 0.0017296889 0.0010189641 0.002748653
1128 1.45 1.08 3 1.2144152 0.0025836762 0.0015284461 0.0041121224
1129 1.5 1.08 4 1.5339325 0.0034298133 0.0020379282 0.0054677415
1130 1.55 1.08 5 1.8534214 0.0042676882 0.0025474102 0.0068150984
1131 1.6 1.08 2 0.89288557 0.0016989763 0.0010189641 0.0027179403
1132 1.65 1.08 3 1.2123289 0.0025359448 0.0015284461 0.0040643909
1133 1.7 1.08 4 1.5317554 0.0033641139 0.0020379282 0.005402042
1134 1.75 1.08 5 1.8511693 0.0041831973 0.0025474102 0.0067306075
1135 1.8 1.08 2 0.89057471 0.0016643177 0.0010189641 0.0026832818
1136 1.85 1.08 3 1.209976 0.0024827937 0.0015284461 0.0040112398
1137 1.9 1.08 4 1.5293774 0.0032918717 0.0020379282 0.0053297999
1138 1.95 1.08 5 1.8487833 0.0040914029 0.0025474102 0.0066388131
1139 2 1.08 2 0.88819805 0.001627095 0.0010189641 0.0026460591
1140 2.05 1.08 3 1.2076258 0.0024263418 0.0015284461 0.0039547879
1141 2.1 1.08 4 1.5270706 0.003215967 0.0020379282 0.0052538951
1142 2.15 1.08 5 1.8465367 0.0039959645 0.0025474102 0.0065433747
1143 2.2 1.08 2 0.8860277 0.0015887922 0.0010189641 0.0026077562
1144 2.25 1.08 3 1.2055474 0.0023688398 0.0015284461 0.0038972859
1145 2.3 1.08 4 1.5250993 0.0031394257 0.0020379282 0.0051773538
1146 2.35 1.08 5 1.8446865 0.0039006871 0.0025474102 0.0064480973
1147 2.4 1.08 2 0.88431214 0.0015509361 0.0010189641 0.0025699002
1148 2.45 1.08 3 1.2039788 0.00231258 0.0015284461 0.0038410262
1149 2.5 1.08 4 1.523689 0.0030652992 0.0020379282 0.0051032274
1150 2.55 1.08 5 1.8434447 0.0038093689 0.0025474102 0.0063567791
1151 2.6 1.08 2 0.88324778 0.0015150361 0.0010189641 0.0025340002
1152 2.65 1.08 3 1.2030996 0.0022598054 0.0015284461 0.0037882516
1153 2.7 1.08 4 1.5230013 0.0029965429 0.0020379282 0.0050344711
1154 2.75 1.08 5 1.8429534 0.0037256506 0.0025474102 0.0062730608
1155 2.8 1.08 2 0.8829565 0.0014825233 0.0010189641 0.0025014874
1156 2.85 1.08 3 1.2030104 0.00221262 0.0015284461 0.0037410661
1157 2.9 1.08 4 1.5231148 0.0029358978 0.0020379282 0.004973826
1158 2.95 1.08 5 1.8432689 0.0036528697 0.0025474102 0.0062002799
1159 3 1.08 2 0.88347162 0.0014546939 0.0010189641 0.002473658
1160 0 1.14 4 1.53 0.0035231249 0.0020260847 0.0055492096
1161 0.05 1.14 5 1.8497433 0.0044163631 0.0025326059 0.0069489691
1162 0.1 1.14 2 0.88948837 0.0017711118 0.0010130424 0.0027841542
1163 0.15 1.14 3 1.2092372 0.002662876 0.0015195636 0.0041824396
1164 0.2 1.14 4 1.5289915 0.003557903 0.0020260847 0.0055839878
1165 0.25 1.14 5 1.8487531 0.0044555126 0.0025326059 0.0069881185
1166 0.3 1.14 2 0.88852369 0.0017850032 0.0010130424 0.0027980455
1167 0.35 1.14 3 1.208305 0.0026810083 0.0015195636 0.0042005719
1168 0.4 1.14 0 0.24809845 0 0 0
1169 0.45 1.14 0 0.24790568 0 0 0
1170 0.5 1.14 0 0.24772804 0 0 0
1171 0.55 1.14 0 0.2475668 0 0 0
1172 0.6 1.14 0 0.24742312 0 0 0
1173 0.65 1.14 0 0.24729806 0 0 0
1174 0.7 1.14 0 0.2471925 0 0 0
1175 0.75 1.14 0 0.24710722 0 0 0
1176 0.8 1.14 0 0.24704282 0 0 0
1177 0.85 1.14 0 0.24699978 0 0 0
1178 0.9 1.14 0 0.2469784 0 0 0
1179 0.95 1.14 0 0.24697883 0 0 0
1180 1 1.14 0 0.24700109 0 0 0
1181 1.05 1.14 0 0.24704499 0 0 0
1182 1.1 1.14 0 0.24711024 0 0 0
1183 1.15 1.14 0 0.24719635 0 0 0
1184 1.2 1.14 0 0.2473027 0 0 0
1185 1.25 1.14 0 0.24742853 0 0 0
1186 1.3 1.14 0 0.24757293 0 0 0
1187 1.35 1.14 3 1.2077349 0.0026049043 0.0015195636 0.0041244679
1188 1.4 1.14 4 1.5279131 0.0034593779 0.0020260847 0.0054854626
1189 1.45 1.14 5 1.8481065 0.0043061271 0.0025326059 0.006838733
1190 1.5 1.14 2 0.8883135 0.0017149067 0.0010130424 0.002727949
1191 1.55 1.14 3 1.2085327 0.0025606129 0.0015195636 0.0040801765
1192 1.6 1.14 4 1.5287625 0.0033979525 0.0020260847 0.0054240373
1193 1.65 1.14 5 1.8490012 0.0042265747 0.0025326059 0.0067591806
1194 1.7 1.14 2 0.88924715 0.0016820569 0.0010130424 0.0026950993
1195 1.75 1.14 3 1.2094985 0.0025099184 0.0015195636 0.0040294819
1196 1.8 1.14 4 1.5297535 0.0033286354 0.0020260847 0.0053547202
1197 1.85 1.14 5 1.8500103 0.0041379894 0.0025326059 0.0066705954
1198 1.9 1.14 2 0.89026701 0.0016459359 0.0010130424 0.0026589782
1199 1.95 1.14 3 1.2105218 0.0024548417 0.0015195636 0.0039744053
1200 2 1.14 4 1.5307728 0.0032541901 0.0020260847 0.0052802748
1201 2.05 1.14 5 1.8510182 0.004043903 0.0025326059 0.006576509
1202 2.1 1.14 2 0.89125629 0.0016079835 0.0010130424 0.0026210259
1203 2.15 1.14 3 1.2114853 0.0023975787 0.0015195636 0.0039171423
1204 2.2 1.14 4 1.5317036 0.0031775843 0.0020260847 0.0052036691
1205 2.25 1.14 5 1.8519095 0.0039480663 0.0025326059 0.0064806723
1206 2.3 1.14 2 0.89210174 0.0015697128 0.0010130424 0.0025827552
1207 2.35 1.14 3 1.2122787 0.0023404122 0.0015195636 0.0038599758
1208 2.4 1.14 4 1.5324393 0.0031018722 0.0020260847 0.005127957
1209 2.45 1.14 5 1.8525823 0.0038543001 0.0025326059 0.006386906
1210 2.5 1.14 2 0.89270656 0.0015326496 0.0010130424 0.002545692
1211 2.55 1.14 3 1.2128113 0.0022856213 0.0015195636 0.0038051849
1212 2.6 1.14 4 1.5328958 0.0030300721 0.0020260847 0.0050561569
1213 2.65 1.14 5 1.8529593 0.0037663424 0.0025326059 0.0062989483
1214 2.7 1.14 2 0.8930015 0.0014982715 0.0010130424 0.0025113138
1215 2.75 1.14 3 1.213022 0.0022353903 0.0015195636 0.0037549539
1216 2.8 1.14 4 1.5330207 0.0029650466 0.0020260847 0.0049911313
1217 2.85 1.14 5 1.8529976 0.0036876999 0.0025326059 0.0062203059
1218 2.9 1.14 2 0.8929528 0.0014679489 0.0010130424 0.0024809913
1219 2.95 1.14 3 1.2128867 0.0021917218 0.0015195636 0.0037112854
1220 3 1.14 4 1.5327998 0.0029093878 0.0020260847 0.0049354726
1221 0 1.2 2 0.89 0.0017615624 0.0010070737 0.0027686361
1222 0.05 1.2 3 1.2088897 0.0026498179 0.0015106106 0.0041604285
1223 0.1 1.2 4 1.5277874 0.0035422236 0.0020141474 0.0055563711
1224 0.15 1.2 5 1.846701 0.0044381267 0.0025176843 0.006955811
1225 0.2 1.2 2 0.88563852 0.0017789515 0.0010070737 0.0027860252
1226 0.25 1.2 3 1.2046075 0.0026733076 0.0015106106 0.0041839182
1227 0.3 1.2 4 1.5236154 0.0035700063 0.0020141474 0.0055841538
1228 0.35 1.2 5 1.8426694 0.0044683472 0.0025176843 0.0069860315
1229 0.4 1.2 0 0.24177639 0 0 0
1230 0.45 1.2 0 0.24094272 0 0 0
1231 0.5 1.2 0 0.24017445 0 0 0
1232 0.55 1.2 0 0.23947712 0 0 0
1233 0.6 1.2 0 0.23885578 0 0 0
1234 0.65 1.2 0 0.23831491 0 0 0
1235 0.7 1.2 0 0.23785841 0 0 0
1236 0.75 1.2 0 0.23748958 0 0 0
1237 0.8 1.2 0 0.23721109 0 0 0
1238 0.85 1.2 0 0.23702493 0 0 0
1239 0.9 1.2 0 0.23693247 0 0 0
1240 0.95 1.2 0 0.23693437 0 0 0
1241 1 1.2 0 0.2370306 0 0 0
1242 1.05 1.2 0 0.23722048 0 0 0
1243 1.1 1.2 0 0.23750264 0 0 0
1244 1.15 1.2 0 0.23787504 0 0 0
1245 1.2 1.2 0 0.23833499 0 0 0
1246 1.25 1.2 0 0.23887917 0 0 0
1247 1.3 1.2 0 0.23950365 0 0 0
1248 1.35 1.2 5 1.8402039 0.0043415072 0.0025176843 0.0068591915
1249 1.4 1.2 2 0.88097492 0.0017296889 0.0010070737 0.0027367627
1250 1.45 1.2 3 1.2018111 0.0025836762 0.0015106106 0.0040942868
1251 1.5 1.2 4 1.5227064 0.0034298133 0.0020141474 0.0054439607
1252 1.55 1.2 5 1.8436543 0.0042676882 0.0025176843 0.0067853725
1253 1.6 1.2 2 0.88464813 0.0016989763 0.0010070737 0.00270605
1254 1.65 1.2 3 1.2056806 0.0025359448 0.0015106106 0.0040465554
1255 1.7 1.2 4 1.5267442 0.0033641139 0.0020141474 0.0053782613
1256 1.75 1.2 5 1.8478313 0.0041831973 0.0025176843 0.0067008816
1257 1.8 1.2 2 0.88893408 0.0016643177 0.0010070737 0.0026713914
1258 1.85 1.2 3 1.2100446 0.0024827937 0.0015106106 0.0039934042
1259 1.9 1.2 4 1.5311547 0.0032918717 0.0020141474 0.0053060192
1260 1.95 1.2 5 1.8522565 0.0040914029 0.0025176843 0.0066090872
1261 2 1.2 2 0.89334207 0.001627095 0.0010070737 0.0026341688
1262 2.05 1.2 3 1.2144035 0.0024263418 0.0015106106 0.0039369524
1263 2.1 1.2 4 1.5354331 0.003215967 0.0020141474 0.0052301144
1264 2.15 1.2 5 1.8564234 0.0039959645 0.0025176843 0.0065136488
1265 2.2 1.2 2 0.89736743 0.0015887922 0.0010070737 0.0025958659
1266 2.25 1.2 3 1.2182582 0.0023688398 0.0015106106 0.0038794504
1267 2.3 1.2 4 1.5390894 0.0031394257 0.0020141474 0.0051535731
1268 2.35 1.2 5 1.8598549 0.0039006871 0.0025176843 0.0064183714
1269 2.4 1.2 2 0.90054928 0.0015509361 0.0010070737 0.0025580098
1270 2.45 1.2 3 1.2211675 0.00231258 0.0015106106 0.0038231906
1271 2.5 1.2 4 1.541705 0.0030652992 0.0020141474 0.0050794467
1272 2.55 1.2 5 1.8621581 0.0038093689 0.0025176843 0.0063270532
1273 2.6 1.2 2 0.90252334 0.0015150361 0.0010070737 0.0025221098
1274 2.65 1.2 3 1.2227982 0.0022598054 0.0015106106 0.003770416
1275 2.7 1.2 4 1.5429806 0.0029965429 0.0020141474 0.0050106904
1276 2.75 1.2 5 1.8630693 0.0037256506 0.0025176843 0.0062433349
1277 2.8 1.2 2 0.90306359 0.0014825233 0.0010070737 0.002489597
1278 2.85 1.2 3 1.2229636 0.00221262 0.0015106106 0.0037232305
1279 2.9 1.2 4 1.54277 0.0029358978 0.0020141474 0.0049500452
1280 2.95 1.2 5 1.8624841 0.0036528697 0.0025176843 0.006170554
1281 3 1.2 2 0.90210818 0.0014546939 0.0010070737 0.0024617676
1282 0 1.26 4 1.53 0.0035231249 0.0020021592 0.0055252841
1283 0.05 1.26 5 1.8480439 0.0044163631 0.002502699 0.0069190622
1284 0.1 1.26 2 0.88610196 0.0017711118 0.0010010796 0.0027721914
1285 0.15 1.26 3 1.2041881 0.002662876 0.0015016194 0.0041644954
1286 0.2 1.26 4 1.5223163 0.003557903 0.0020021592 0.0055600622
1287 0.25 1.26 5 1.8404999 0.0044555126 0.002502699 0.0069582116
1288 0.3 1.26 2 0.87875217 0.0017850032 0.0010010796 0.0027860828
1289 0.35 1.26 3 1.1970856 0.0026810083 0.0015016194 0.0041826277
1290 0.4 1.26 0 0.23551231 0 0 0
1291 0.45 1.26 0 0.23404362 0 0 0
1292 0.5 1.26 0 0.23269014 0 0 0
1293 0.55 1.26 0 0.23146166 0 0 0
1294 0.6 1.26 0 0.23036703 0 0 0
1295 0.65 1.26 0 0.22941416 0 0 0
1296 0.7 1.26 0 0.22860994 0 0 0
1297 0.75 1.26 0 0.22796017 0 0 0
1298 0.8 1.26 0 0.22746954 0 0 0
1299 0.85 1.26 0 0.22714159 0 0 0
1300 0.9 1.26 0 0.2269787 0 0 0
1301 0.95 1.26 0 0.22698203 0 0 0
1302 1 1.26 0 0.22715157 0 0 0
1303 1.05 1.26 0 0.22748609 0 0 0
1304 1.1 1.26 0 0.22798318 0 0 0
1305 1.15 1.26 0 0.22863924 0 0 0
1306 1.2 1.26 0 0.22944954 0 0 0
1307 1.25 1.26 0 0.23040823 0 0 0
1308 1.3 1.26 0 0.23150838 0 0 0
1309 1.35 1.26 3 1.1927421 0.0026049043 0.0015016194 0.0041065237
1310 1.4 1.26 4 1.5141003 0.0034593779 0.0020021592 0.0054615371
1311 1.45 1.26 5 1.8355734 0.0043061271 0.002502699 0.0068088261
1312 1.5 1.26 2 0.8771507 0.0017149067 0.0010010796 0.0027159863
1313 1.55 1.26 3 1.1988207 0.0025606129 0.0015016194 0.0040622323
1314 1.6 1.26 4 1.5205715 0.0033979525 0.0020021592 0.0054001118
1315 1.65 1.26 5 1.8423904 0.0042265747 0.002502699 0.0067292737
1316 1.7 1.26 2 0.88426415 0.0016820569 0.0010010796 0.0026831365
1317 1.75 1.26 3 1.2061794 0.0025099184 0.0015016194 0.0040115378
1318 1.8 1.26 4 1.5281222 0.0033286354 0.0020021592 0.0053307947
1319 1.85 1.26 5 1.8500785 0.0041379894 0.002502699 0.0066406885
1320 1.9 1.26 2 0.89203429 0.0016459359 0.0010010796 0.0026470155
1321 1.95 1.26 3 1.2139754 0.0024548417 0.0015016194 0.0039564611
1322 2 1.26 4 1.5358878 0.0032541901 0.0020021592 0.0052563493
1323 2.05 1.26 5 1.8577577 0.004043903 0.002502699 0.0065466021
1324 2.1 1.26 2 0.89957153 0.0016079835 0.0010010796 0.0026090631
1325 2.15 1.26 3 1.2213163 0.0023975787 0.0015016194 0.0038991981
1326 2.2 1.26 4 1.5429793 0.0031775843 0.0020021592 0.0051797436
1327 2.25 1.26 5 1.8645486 0.0039480663 0.002502699 0.0064507654
1328 2.3 1.26 2 0.90601292 0.0015697128 0.0010010796 0.0025707924
1329 2.35 1.26 3 1.2273616 0.0023404122 0.0015016194 0.0038420316
1330 2.4 1.26 4 1.5485849 0.0031018722 0.0020021592 0.0051040314
1331 2.45 1.26 5 1.8696739 0.0038543001 0.002502699 0.0063569991
1332 2.5 1.26 2 0.91062098 0.0015326496 0.0010010796 0.0025337292
1333 2.55 1.26 3 1.2314191 0.0022856213 0.0015016194 0.0037872407
1334 2.6 1.26 4 1.5520626 0.0030300721 0.0020021592 0.0050322314
1335 2.65 1.26 5 1.8725468 0.0037663424 0.002502699 0.0062690414
1336 2.7 1.26 2 0.91286813 0.0014982715 0.0010010796 0.0024993511
1337 2.75 1.26 3 1.2330244 0.0022353903 0.0015016194 0.0037370098
1338 2.8 1.26 4 1.5530144 0.0029650466 0.0020021592 0.0049672058
1339 2.85 1.26 5 1.8728382 0.0036876999 0.002502699 0.006190399
1340 2.9 1.26 2 0.91249709 0.0014679489 0.0010010796 0.0024690285
1341 2.95 1.26 3 1.2319936 0.0021917218 0.0015016194 0.0036933412
1342 3 1.26 4 1.5513312 0.0029093878 0.0020021592 0.0049115471
1343 0 1.32 2 0.89 0.0017615624 0.00099508162 0.002756644
1344 0.05 1.32 3 1.207212 0.0026498179 0.0014926224 0.0041424403
1345 0.1 1.32 4 1.524444 0.0035422236 0.0019901632 0.0055323869
1346 0.15 1.32 5 1.8417162 0.0044381267 0.002487704 0.0069258307
1347 0.2 1.32 2 0.87904826 0.0017789515 0.00099508162 0.0027740331
1348 0.25 1.32 3 1.1964594 0.0026733076 0.0014926224 0.00416593
1349 0.3 1.32 4 1.5139682 0.0035700063 0.0019901632 0.0055601696
1350 0.35 1.32 5 1.8315929 0.0044683472 0.002487704 0.0069560513
1351 0.4 1.32 2 0.8693504 0.0017892063 0.00099508162 0.002784288
1352 0.45 1.32 0 0.22725705 0 0 0
1353 0.5 1.32 0 0.22532791 0 0 0
1354 0.55 1.32 0 0.22357692 0 0 0
1355 0.6 1.32 0 0.22201672 0 0 0
1356 0.65 1.32 0 0.22065858 0 0 0
1357 0.7 1.32 0 0.21951231 0 0 0
1358 0.75 1.32 0 0.21858618 0 0 0
1359 0.8 1.32 0 0.21788687 0 0 0
1360 0.85 1.32 0 0.21741944 0 0 0
1361 0.9 1.32 0 0.21718727 0 0 0
1362 0.95 1.32 0 0.21719202 0 0 0
1363 1 1.32 0 0.21743367 0 0 0
1364 1.05 1.32 0 0.21791047 0 0 0
1365 1.1 1.32 0 0.21861898 0 0 0
1366 1.15 1.32 0 0.21955407 0 0 0
1367 1.2 1.32 0 0.22070901 0 0 0
1368 1.25 1.32 0 0.22207545 0 0 0
1369 1.3 1.32 4 1.5036435 0.0034863508 0.0019901632 0.005476514
1370 1.35 1.32 5 1.8254019 0.0043415072 0.002487704 0.0068292113
1371 1.4 1.32 2 0.8673379 0.0017296889 0.00099508162 0.0027247705
1372 1.45 1.32 3 1.1894375 0.0025836762 0.0014926224 0.0040762987
1373 1.5 1.32 4 1.5116856 0.0034298133 0.0019901632 0.0054199765
1374 1.55 1.32 5 1.834066 0.0042676882 0.002487704 0.0067553922
1375 1.6 1.32 2 0.87656138 0.0016989763 0.00099508162 0.0026940579
1376 1.65 1.32 3 1.1991538 0.0025359448 0.0014926224 0.0040285672
1377 1.7 1.32 4 1.5218246 0.0033641139 0.0019901632 0.0053542771
1378 1.75 1.32 5 1.8445544 0.0041831973 0.002487704 0.0066709013
1379 1.8 1.32 2 0.88732346 0.0016643177 0.00099508162 0.0026593993
1380 1.85 1.32 3 1.2101119 0.0024827937 0.0014926224 0.0039754161
1381 1.9 1.32 4 1.5328995 0.0032918717 0.0019901632 0.005282035
1382 1.95 1.32 5 1.8556662 0.0040914029 0.002487704 0.0065791069
1383 2 1.32 2 0.89839198 0.001627095 0.00099508162 0.0026221767
1384 2.05 1.32 0 0.26105716 0 0 0
1385 2.1 1.32 0 0.2636425 0 0 0
1386 2.15 1.32 0 0.26612933 0 0 0
1387 2.2 1.32 0 0.2684997 0 0 0
1388 2.25 1.32 0 0.27073649 0 0 0
1389 2.3 1.32 4 1.5528235 0.0031394257 0.0019901632 0.0051295889
1390 2.35 1.32 5 1.8747458 0.0039006871 0.002487704 0.0063883911
1391 2.4 1.32 2 0.91648937 0.0015509361 0.00099508162 0.0025460177
1392 2.45 1.32 3 1.2380417 0.00231258 0.0014926224 0.0038052025
1393 2.5 1.32 4 1.5593915 0.0030652992 0.0019901632 0.0050554625
1394 2.55 1.32 5 1.8805291 0.0038093689 0.002487704 0.0062970729
1395 2.6 1.32 2 0.92144626 0.0015150361 0.00099508162 0.0025101177
1396 2.65 1.32 3 1.2421364 0.0022598054 0.0014926224 0.0037524279
1397 2.7 1.32 4 1.5625944 0.0029965429 0.0019901632 0.0049867062
1398 2.75 1.32 5 1.8828171 0.0037256506 0.002487704 0.0062133546
1399 2.8 1.32 2 0.92280284 0.0014825233 0.00099508162 0.0024776049
1400 2.85 1.32 3 1.2425517 0.00221262 0.0014926224 0.0037052424
1401 2.9 1.32 4 1.5620656 0.0029358978 0.0019901632 0.004926061
1402 2.95 1.32 5 1.8813479 0.0036528697 0.002487704 0.0061405737
1403 3 1.32 2 0.92040381 0.0014546939 0.00099508162 0.0024497755
1404 0 1.38 4 1.53 0.0035231249 0.0019782026 0.0055013275
1405 0.05 1.38 5 1.8463997 0.0044163631 0.0024727533 0.0068891165
1406 0.1 1.38 2 0.8828253 0.0017711118 0.00098910132 0.0027602131
1407 0.15 1.38 3 1.1993028 0.002662876 0.001483652 0.004146528
1408 0.2 1.38 4 1.5158575 0.003557903 0.0019782026 0.0055361057
1409 0.25 1.38 5 1.8325143 0.0044555126 0.0024727533 0.0069282659
1410 0.3 1.38 2 0.86929735 0.0017850032 0.00098910132 0.0027741045
1411 0.35 1.38 3 1.1862299 0.0026810083 0.001483652 0.0041646603
1412 0.4 1.38 4 1.5033341 0.0035784127 0.0019782026 0.0055566153
1413 0.45 1.38 0 0.22063085 0 0 0
1414 0.5 1.38 0 0.21813966 0 0 0
1415 0.55 1.38 0 0.21587851 0 0 0
1416 0.6 1.38 0 0.21386375 0 0 0
1417 0.65 1.38 0 0.21210992 0 0 0
1418 0.7 1.38 0 0.21062967 0 0 0
1419 0.75 1.38 0 0.20943371 0 0 0
1420 0.8 1.38 0 0.20853066 0 0 0
1421 0.85 1.38 0 0.20792705 0 0 0
1422 0.9 1.38 0 0.20762723 0 0 0
1423 0.95 1.38 0 0.20763337 0 0 0
1424 1 1.38 0 0.20794542 0 0 0
1425 1.05 1.38 0 0.20856114 0 0 0
1426 1.1 1.38 0 0.20947607 0 0 0
1427 1.15 1.38 0 0.21068361 0 0 0
1428 1.2 1.38 0 0.21217504 0 0 0
1429 1.25 1.38 0 0.21393959 0 0 0
1430 1.3 1.38 2 0.85596452 0.0017431754 0.00098910132 0.0027322767
1431 1.35 1.38 3 1.1782352 0.0026049043 0.001483652 0.0040885563
1432 1.4 1.38 4 1.5007353 0.0034593779 0.0019782026 0.0054375805
1433 1.45 1.38 5 1.8234466 0.0043061271 0.0024727533 0.0067788804
1434 1.5 1.38 2 0.86634972 0.0017149067 0.00098910132 0.002704008
1435 1.55 1.38 3 1.1894236 0.0025606129 0.001483652 0.0040442649
1436 1.6 1.38 4 1.512646 0.0033979525 0.0019782026 0.0053761552
1437 1.65 1.38 5 1.8359938 0.0042265747 0.0024727533 0.006699328
1438 1.7 1.38 2 0.87944265 0.0016820569 0.00098910132 0.0026711583
1439 1.75 1.38 3 1.2029678 0.0025099184 0.001483652 0.0039935704
1440 1.8 1.38 4 1.5265437 0.0033286354 0.0019782026 0.0053068381
1441 1.85 1.38 5 1.8501445 0.0041379894 0.0024727533 0.0066107428
1442 1.9 1.38 2 0.8937443 0.0016459359 0.00098910132 0.0026350372
1443 1.95 1.38 0 0.25731707 0 0 0
1444 2 1.38 0 0.260837 0 0 0
1445 2.05 1.38 0 0.26427868 0 0 0
1446 2.1 1.38 0 0.26761727 0 0 0
1447 2.15 1.38 0 0.27082864 0 0 0
1448 2.2 1.38 0 0.27388962 0 0 0
1449 2.25 1.38 0 0.2767781 0 0 0
1450 2.3 1.38 0 0.27947322 0 0 0
1451 2.35 1.38 0 0.28195553 0 0 0
1452 2.4 1.38 4 1.5642071 0.0031018722 0.0019782026 0.0050800749
1453 2.45 1.38 5 1.8862117 0.0038543001 0.0024727533 0.0063270534
1454 2.5 1.38 2 0.92795476 0.0015326496 0.00098910132 0.0025217509
1455 2.55 1.38 3 1.2494238 0.0022856213 0.001483652 0.0037692733
1456 2.6 1.38 4 1.5706082 0.0030300721 0.0019782026 0.0050082748
1457 2.65 1.38 5 1.8914993 0.0037663424 0.0024727533 0.0062390957
1458 2.7 1.38 2 0.93209084 0.0014982715 0.00098910132 0.0024873728
1459 2.75 1.38 3 1.2523784 0.0022353903 0.001483652 0.0037190423
1460 2.8 1.38 4 1.57236 0.0029650466 0.0019782026 0.0049432492
1461 2.85 1.38 5 1.8920357 0.0036876999 0.0024727533 0.0061604532
1462 2.9 1.38 2 0.93140791 0.0014679489 0.00098910132 0.0024570502
1463 2.95 1.38 3 1.2504811 0.0021917218 0.001483652 0.0036753738
1464 3 1.38 4 1.569262 0.0029093878 0.0019782026 0.0048875905
1465 0 1.44 2 0.89 0.0017615624 0.00098316026 0.0027447227
1466 0.05 1.44 3 1.2056127 0.0026498179 0.0014747404 0.0041245583
1467 0.1 1.44 4 1.5212572 0.0035422236 0.0019663205 0.0055085441
1468 0.15 1.44 5 1.8369647 0.0044381267 0.0024579006 0.0068960273
1469 0.2 1.44 2 0.87276639 0.0017789515 0.00098316026 0.0027621118
1470 0.25 1.44 3 1.1886925 0.0026733076 0.0014747404 0.004148048
1471 0.3 1.44 4 1.5047725 0.0035700063 0.0019663205 0.0055363269
1472 0.35 1.44 5 1.8210346 0.0044683472 0.0024579006 0.0069262478
1473 0.4 1.44 2 0.85750586 0.0017892063 0.00098316026 0.0027723666
1474 0.45 1.44 3 1.1742118 0.0026859013 0.0014747404 0.0041606417
1475 0.5 1.44 0 0.21117608 0 0 0
1476 0.55 1.44 0 0.20842073 0 0 0
1477 0.6 1.44 0 0.20596561 0 0 0
1478 0.65 1.44 0 0.20382845 0 0 0
1479 0.7 1.44 0 0.20202467 0 0 0
1480 0.75 1.44 0 0.20056731 0 0 0
1481 0.8 1.44 0 0.19946689 0 0 0
1482 0.85 1.44 0 0.19873134 0 0 0
1483 0.9 1.44 0 0.19836599 0 0 0
1484 0.95 1.44 0 0.19837347 0 0 0
1485 1 1.44 0 0.19875373 0 0 0
1486 1.05 1.44 0 0.19950402 0 0 0
1487 1.1 1.44 0 0.20061893 0 0 0
1488 1.15 1.44 0 0.20209039 0 0 0
1489 1.2 1.44 0 0.2039078 0 0 0
1490 1.25 1.44 3 1.166058 0.0026240851 0.0014747404 0.0040988255
1491 1.3 1.44 4 1.4885255 0.0034863508 0.0019663205 0.0054526713
1492 1.35 1.44 5 1.8112925 0.0043415072 0.0024579006 0.0067994078
1493 1.4 1.44 2 0.85433899 0.0017296889 0.00098316026 0.0027128492
1494 1.45 1.44 3 1.177643 0.0025836762 0.0014747404 0.0040584166
1495 1.5 1.44 4 1.5011806 0.0034298133 0.0019663205 0.0053961338
1496 1.55 1.44 5 1.8249263 0.0042676882 0.0024579006 0.0067255888
1497 1.6 1.44 2 0.86885304 0.0016989763 0.00098316026 0.0026821365
1498 1.65 1.44 3 1.1929325 0.0025359448 0.0014747404 0.0040106852
1499 1.7 1.44 4 1.5171352 0.0033641139 0.0019663205 0.0053304344
1500 1.75 1.44 5 1.8414308 0.0041831973 0.0024579006 0.0066410979
1501 1.8 1.44 2 0.88578821 0.0016643177 0.00098316026 0.002647478
1502 1.85 1.44 3 1.2101761 0.0024827937 0.0014747404 0.0039575341
1503 1.9 1.44 0 0.25456268 0 0 0
1504 1.95 1.44 0 0.25891633 0 0 0
1505 2 1.44 0 0.2632056 0 0 0
1506 2.05 1.44 0 0.26739952 0 0 0
1507 2.1 1.44 0 0.2714678 0 0 0
1508 2.15 1.44 0 0.27538107 0 0 0
1509 2.2 1.44 0 0.27911107 0 0 0
1510 2.25 1.44 0 0.28263087 0 0 0
1511 2.3 1.44 0 0.28591505 0 0 0
1512 2.35 1.44 0 0.28893991 0 0 0
1513 2.4 1.44 0 0.29168359 0 0 0
1514 2.45 1.44 3 1.2541263 0.00231258 0.0014747404 0.0037873204
1515 2.5 1.44 4 1.5762504 0.0030652992 0.0019663205 0.0050316198
1516 2.55 1.44 5 1.8980405 0.0038093689 0.0024579006 0.0062672695
1517 2.6 1.44 2 0.93948373 0.0015150361 0.00098316026 0.0024981963
1518 2.65 1.44 3 1.2605697 0.0022598054 0.0014747404 0.0037345458
1519 2.7 1.44 4 1.5812905 0.0029965429 0.0019663205 0.0049628634
1520 2.75 1.44 5 1.9016409 0.0037256506 0.0024579006 0.0061835512
1521 2.8 1.44 2 0.94161845 0.0014825233 0.00098316026 0.0024656835
1522 2.85 1.44 3 1.2612233 0.00221262 0.0014747404 0.0036873603
1523 2.9 1.44 4 1.5804583 0.0029358978 0.0019663205 0.0049022183
1524 2.95 1.44 5 1.8993289 0.0036528697 0.0024579006 0.0061107703
1525 3 1.44 2 0.93784333 0.0014546939 0.00098316026 0.0024378542
1526 0 1.5 4 1.53 0.0035231249 0.0019545596 0.0054776844
1527 0.05 1.5 5 1.8448568 0.0044163631 0.0024431995 0.0068595626
1528 0.1 1.5 2 0.87975067 0.0017711118 0.00097727979 0.0027483916
1529 0.15 1.5 3 1.1947186 0.002662876 0.0014659197 0.0041287957
1530 0.2 1.5 4 1.5097968 0.003557903 0.0019545596 0.0055124626
1531 0.25 1.5 5 1.825021 0.0044555126 0.0024431995 0.0068987121
1532 0.3 1.5 2 0.86042547 0.0017850032 0.00097727979 0.002762283
1533 0.35 1.5 3 1.1760435 0.0026810083 0.0014659197 0.004146928
1534 0.4 1.5 4 1.4919068 0.0035784127 0.0019545596 0.0055329723
1535 0.45 1.5 5 1.808045 0.0044765022 0.0024431995 0.0069197017
1536 0.5 1.5 2 0.84448628 0.001791519 0.00097727979 0.0027687988
1537 0.55 1.5 0 0.20125615 0 0 0
1538 0.6 1.5 0 0.19837799 0 0 0
1539 0.65 1.5 0 0.19587257 0 0 0
1540 0.7 1.5 0 0.19375799 0 0 0
1541 0.75 1.5 0 0.1920495 0 0 0
1542 0.8 1.5 0 0.19075946 0 0 0
1543 0.85 1.5 0 0.18989718 0 0 0
1544 0.9 1.5 0 0.18946887 0 0 0
1545 0.95 1.5 0 0.18947764 0 0 0
1546 1 1.5 0 0.18992343 0 0 0
1547 1.05 1.5 0 0.190803 0 0 0
1548 1.1 1.5 0 0.19211001 0 0 0
1549 1.15 1.5 0 0.19383503 0 0 0
1550 1.2 1.5 4 1.4759656 0.0035104626 0.0019545596 0.0054650222
1551 1.25 1.5 5 1.7984863 0.0043734751 0.0024431995 0.0068166746
1552 1.3 1.5 2 0.84137901 0.0017431754 0.00097727979 0.0027204552
1553 1.35 1.5 3 1.1646228 0.0026049043 0.0014659197 0.004070824
1554 1.4 1.5 4 1.4881942 0.0034593779 0.0019545596 0.0054139374
1555 1.45 1.5 5 1.8120675 0.0043061271 0.0024431995 0.0067493265
1556 1.5 1.5 2 0.85621467 0.0017149067 0.00097727979 0.0026921864
1557 1.55 1.5 3 1.1806058 0.0025606129 0.0014659197 0.0040265326
1558 1.6 1.5 4 1.5052092 0.0033979525 0.0019545596 0.0053525121
1559 1.65 1.5 5 1.8299916 0.0042265747 0.0024431995 0.0066697741
1560 1.7 1.5 2 0.87491842 0.0016820569 0.00097727979 0.0026593367
1561 1.75 1.5 3 1.1999542 0.0025099184 0.0014659197 0.0039758381
1562 1.8 1.5 4 1.5250625 0.0033286354 0.0019545596 0.005283195
1563 1.85 1.5 0 0.25020642 0 0 0
1564 1.9 1.5 0 0.25534888 0 0 0
1565 1.95 1.5 0 0.26045271 0 0 0
1566 2 1.5 0 0.26548107 0 0 0
1567 2.05 1.5 0 0.27039765 0 0 0
1568 2.1 1.5 0 0.27516694 0 0 0
1569 2.15 1.5 0 0.27975451 0 0 0
1570 2.2 1.5 0 0.28412723 0 0 0
1571 2.25 1.5 0 0.28825353 0 0 0
1572 2.3 1.5 0 0.29210362 0 0 0
1573 2.35 1.5 0 0.29564969 0 0 0
1574 2.4 1.5 0 0.29886614 0 0 0
1575 2.45 1.5 0 0.30172974 0 0 0
1576 2.5 1.5 2 0.94421983 0.0015326496 0.00097727979 0.0025099294
1577 2.55 1.5 3 1.2663184 0.0022856213 0.0014659197 0.003751541
1578 2.6 1.5 4 1.5880103 0.0030300721 0.0019545596 0.0049846317
1579 2.65 1.5 5 1.9092834 0.0037663424 0.0024431995 0.0062095419
1580 2.7 1.5 2 0.95012837 0.0014982715 0.00097727979 0.0024755513
1581 2.75 1.5 3 1.2705392 0.0022353903 0.0014659197 0.00370131
1582 2.8 1.5 4 1.5905129 0.0029650466 0.0019545596 0.0049196062
1583 2.85 1.5 5 1.9100496 0.0036876999 0.0024431995 0.0061308994
1584 2.9 1.5 2 0.94915278 0.0014679489 0.00097727979 0.0024452287
1585 2.95 1.5 3 1.2678288 0.0021917218 0.0014659197 0.0036576415
1586 3 1.5 4 1.5860873 0.0029093878 0.0019545596 0.0048639474
1587 0 1.56 2 0.89 0.0017615624 0.00097148109 0.0027330435
1588 0.05 1.56 3 1.2041371 0.0026498179 0.0014572216 0.0041070395
1589 0.1 1.56 4 1.5183165 0.0035422236 0.0019429622 0.0054851858
1590 0.15 1.56 5 1.8325802 0.0044381267 0.0024287027 0.0068668294
1591 0.2 1.56 2 0.86696977 0.0017789515 0.00097148109 0.0027504326
1592 0.25 1.56 3 1.1815256 0.0026733076 0.0014572216 0.0041305292
1593 0.3 1.56 4 1.496287 0.0035700063 0.0019429622 0.0055129685
1594 0.35 1.56 5 1.8112919 0.0044683472 0.0024287027 0.0068970499
1595 0.4 1.56 2 0.84657628 0.0017892063 0.00097148109 0.0027606874
1596 0.45 1.56 3 1.1621742 0.0026859013 0.0014572216 0.004143123
1597 0.5 1.56 4 1.4781174 0.0035830381 0.0019429622 0.0055260003
1598 0.55 1.56 5 1.7944353 0.0044798962 0.0024287027 0.0069085989
1599 0.6 1.56 0 0.1911544 0 0 0
1600 0.65 1.56 0 0.18829839 0 0 0
1601 0.7 1.56 0 0.18588791 0 0 0
1602 0.75 1.56 0 0.18394036 0 0 0
1603 0.8 1.56 0 0.1824698 0 0 0
1604 0.85 1.56 0 0.18148685 0 0 0
1605 0.9 1.56 0 0.18099861 0 0 0
1606 0.95 1.56 0 0.18100861 0 0 0
1607 1 1.56 0 0.18151677 0 0 0
1608 1.05 1.56 0 0.18251942 0 0 0
1609 1.1 1.56 0 0.18400933 0 0 0
1610 1.15 1.56 5 1.7859757 0.0044017114 0.0024287027 0.0068304142
1611 1.2 1.56 2 0.82840443 0.0017552313 0.00097148109 0.0027267124
1612 1.25 1.56 3 1.1512779 0.0026240851 0.0014572216 0.0040813067
1613 1.3 1.56 4 1.4745754 0.0034863508 0.0019429622 0.005429313
1614 1.35 1.56 5 1.798273 0.0043415072 0.0024287027 0.0067702099
1615 1.4 1.56 2 0.84234422 0.0017296889 0.00097148109 0.00270117
1616 1.45 1.56 3 1.1667595 0.0025836762 0.0014572216 0.0040408979
1617 1.5 1.56 4 1.491487 0.0034298133 0.0019429622 0.0053727755
1618 1.55 1.56 5 1.8164926 0.0042676882 0.0024287027 0.0066963909
1619 1.6 1.56 2 0.86174014 0.0016989763 0.00097148109 0.0026704574
1620 1.65 1.56 3 1.1871917 0.0025359448 0.0014572216 0.0039931664
1621 1.7 1.56 4 1.512808 0.0033641139 0.0019429622 0.0053070761
1622 1.75 1.56 5 1.8385484 0.0041831973 0.0024287027 0.0066119
1623 1.8 1.56 0 0.24437156 0 0 0
1624 1.85 1.56 0 0.25023531 0 0 0
1625 1.9 1.56 0 0.25609736 0 0 0
1626 1.95 1.56 0 0.26191539 0 0 0
1627 2 1.56 0 0.26764737 0 0 0
1628 2.05 1.56 0 0.27325194 0 0 0
1629 2.1 1.56 0 0.27868861 0 0 0
1630 2.15 1.56 0 0.28391813 0 0 0
1631 2.2 1.56 0 0.28890273 0 0 0
1632 2.25 1.56 0 0.29360644 0 0 0
1633 2.3 1.56 0 0.29799528 0 0 0
1634 2.35 1.56 0 0.30203756 0 0 0
1635 2.4 1.56 0 0.30570409 0 0 0
1636 2.45 1.56 0 0.30896841 0 0 0
1637 2.5 1.56 0 0.31180693 0 0 0
1638 2.55 1.56 5 1.9141992 0.0038093689 0.0024287027 0.0062380716
1639 2.6 1.56 2 0.95612785 0.0015150361 0.00097148109 0.0024865172
1640 2.65 1.56 3 1.277579 0.0022598054 0.0014572216 0.0037170271
1641 2.7 1.56 4 1.5985423 0.0029965429 0.0019429622 0.0049395051
1642 2.75 1.56 5 1.9190106 0.0037256506 0.0024287027 0.0061543533
1643 2.8 1.56 2 0.95898059 0.0014825233 0.00097148109 0.0024540044
1644 2.85 1.56 3 1.2784525 0.00221262 0.0014572216 0.0036698416
1645 2.9 1.56 4 1.5974302 0.0029358978 0.0019429622 0.00487886
1646 2.95 1.56 5 1.9159209 0.0036528697 0.0024287027 0.0060815724
1647 3 1.56 2 0.9539357 0.0014546939 0.00097148109 0.002426175
1648 0 1.62 4 1.53 0.0035231249 0.0019315701 0.0054546949
1649 0.05 1.62 5 1.8434587 0.0044163631 0.0024144626 0.0068308257
1650 0.1 1.62 2 0.87696464 0.0017711118 0.00096578503 0.0027368968
1651 0.15 1.62 3 1.1905647 0.002662876 0.0014486776 0.0041115536
1652 0.2 1.62 4 1.5043051 0.003557903 0.0019315701 0.0054894731
1653 0.25 1.62 5 1.818231 0.0044555126 0.0024144626 0.0068699752
1654 0.3 1.62 2 0.85238635 0.0017850032 0.00096578503 0.0027507882
1655 0.35 1.62 3 1.1668133 0.0026810083 0.0014486776 0.0041296859
1656 0.4 1.62 4 1.481552 0.0035784127 0.0019315701 0.0055099828
1657 0.45 1.62 5 1.7966406 0.0044765022 0.0024144626 0.0068909648
1658 0.5 1.62 2 0.83211447 0.001791519 0.00096578503 0.0027573041
1659 0.55 1.62 3 1.1480063 0.0026879377 0.0014486776 0.0041366153
1660 0.6 1.62 4 1.4643458 0.0035838363 0.0019315701 0.0055154063
1661 0.65 1.62 5 1.7811593 0.0044784952 0.0024144626 0.0068929578
1662 0.7 1.62 0 0.17846994 0 0 0
1663 0.75 1.62 0 0.17629705 0 0 0
1664 0.8 1.62 0 0.17465634 0 0 0
1665 0.85 1.62 0 0.17355967 0 0 0
1666 0.9 1.62 0 0.17301494 0 0 0
1667 0.95 1.62 0 0.17302609 0 0 0
1668 1 1.62 0 0.17359305 0 0 0
1669 1.05 1.62 5 1.7747117 0.0044259339 0.0024144626 0.0068403965
1670 1.1 1.62 2 0.81637401 0.0017657362 0.00096578503 0.0027315212
1671 1.15 1.62 3 1.1385679 0.0026410269 0.0014486776 0.0040897044
1672 1.2 1.62 4 1.4612776 0.0035104626 0.0019315701 0.0054420327
1673 1.25 1.62 5 1.7844836 0.0043734751 0.0024144626 0.0067879377
1674 1.3 1.62 2 0.82816256 0.0017431754 0.00096578503 0.0027089604
1675 1.35 1.62 3 1.1522881 0.0026049043 0.0014486776 0.0040535819
1676 1.4 1.62 4 1.4768303 0.0034593779 0.0019315701 0.0053909479
1677 1.45 1.62 5 1.8017564 0.0043061271 0.0024144626 0.0067205896
1678 1.5 1.62 2 0.84703093 0.0017149067 0.00096578503 0.0026806917
1679 1.55 1.62 3 1.1726157 0.0025606129 0.0014486776 0.0040092905
1680 1.6 1.62 4 1.4984704 0.0033979525 0.0019315701 0.0053295226
1681 1.65 1.62 5 1.8245527 0.0042265747 0.0024144626 0.0066410372
1682 1.7 1.62 2 0.87081886 0.0016820569 0.00096578503 0.002647842
1683 1.75 1.62 3 1.1972235 0.0025099184 0.0014486776 0.0039585959
1684 1.8 1.62 0 0.24372033 0 0 0
1685 1.85 1.62 0 0.25026253 0 0 0
1686 1.9 1.62 0 0.25680284 0 0 0
1687 1.95 1.62 0 0.26329403 0 0 0
1688 2 1.62 0 0.26968923 0 0 0
1689 2.05 1.62 0 0.27594226 0 0 0
1690 2.1 1.62 0 0.28200797 0 0 0
1691 2.15 1.62 0 0.28784256 0 0 0
1692 2.2 1.62 0 0.2934039 0 0 0
1693 2.25 1.62 0 0.29865184 0 0 0
1694 2.3 1.62 0 0.30354848 0 0 0
1695 2.35 1.62 0 0.30805846 0 0 0
1696 2.4 1.62 0 0.31214923 0 0 0
1697 2.45 1.62 0 0.31579124 0 0 0
1698 2.5 1.62 0 0.31895819 0 0 0
1699 2.55 1.62 3 1.2816272 0.0022856213 0.0014486776 0.0037342989
1700 2.6 1.62 4 1.6037791 0.0030300721 0.0019315701 0.0049616422
1701 2.65 1.62 5 1.9253982 0.0037663424 0.0024144626 0.006180805
1702 2.7 1.62 2 0.96647283 0.0014982715 0.00096578503 0.0024640565
1703 2.75 1.62 3 1.2869953 0.0022353903 0.0014486776 0.0036840679
1704 2.8 1.62 4 1.6069619 0.0029650466 0.0019315701 0.0048966166
1705 2.85 1.62 5 1.9263727 0.0036876999 0.0024144626 0.0061021625
1706 2.9 1.62 2 0.96523204 0.0014679489 0.00096578503 0.0024337339
1707 2.95 1.62 3 1.2835482 0.0021917218 0.0014486776 0.0036403994
1708 3 1.62 4 1.6013333 0.0029093878 0.0019315701 0.0048409579
1709 0 1.68 2 0.89 0.0017615624 0.00096021211 0.0027217745
1710 0.05 1.68 3 1.2028265 0.0026498179 0.0014403182 0.0040901361
1711 0.1 1.68 4 1.5157047 0.0035422236 0.0019204242 0.0054626479
1712 0.15 1.68 5 1.8286862 0.0044381267 0.0024005303 0.006838657
1713 0.2 1.68 2 0.86182162 0.0017789515 0.00096021211 0.0027391636
1714 0.25 1.68 3 1.1751605 0.0026733076 0.0014403182 0.0041136257
1715 0.3 1.68 4 1.4887509 0.0035700063 0.0019204242 0.0054904306
1716 0.35 1.68 5 1.8026392 0.0044683472 0.0024005303 0.0068688775
1717 0.4 1.68 2 0.83686941 0.0017892063 0.00096021211 0.0027494185
1718 0.45 1.68 3 1.1514833 0.0026859013 0.0014403182 0.0041262195
1719 0.5 1.68 4 1.4665197 0.0035830381 0.0019204242 0.0055034623
1720 0.55 1.68 5 1.7820145 0.0044798962 0.0024005303 0.0068804265
1721 0.6 1.68 2 0.81800015 0.0017919181 0.00096021211 0.0027521302
1722 0.65 1.68 3 1.1345057 0.0026870971 0.0014403182 0.0041274153
1723 0.7 1.68 4 1.4515564 0.0035807993 0.0019204242 0.0055012235
1724 0.75 1.68 5 1.7691735 0.0044723133 0.0024005303 0.0068728435
1725 0.8 1.68 2 0.8073742 0.0017869787 0.00096021211 0.0027471909
1726 0.85 1.68 3 1.1261715 0.0026768473 0.0014403182 0.0041171654
1727 0.9 1.68 4 1.4455742 0.0035633792 0.0019204242 0.0054838035
1728 0.95 1.68 5 1.7655864 0.0044459007 0.0024005303 0.0068464309
1729 1 1.68 2 0.80620814 0.0017745851 0.00096021211 0.0027347972
1730 1.05 1.68 3 1.1274349 0.0026555604 0.0014403182 0.0040958785
1731 1.1 1.68 4 1.4492579 0.0035314724 0.0019204242 0.0054518966
1732 1.15 1.68 5 1.7716639 0.0044017114 0.0024005303 0.0068022417
1733 1.2 1.68 2 0.81463546 0.0017552313 0.00096021211 0.0027154434
1734 1.25 1.68 3 1.1381512 0.0026240851 0.0014403182 0.0040644032
1735 1.3 1.68 4 1.4621858 0.0034863508 0.0019204242 0.005406775
1736 1.35 1.68 5 1.7867101 0.0043415072 0.0024005303 0.0067420375
1737 1.4 1.68 2 0.83169132 0.0017296889 0.00096021211 0.002689901
1738 1.45 1.68 3 1.1570936 0.0025836762 0.0014403182 0.0040239944
1739 1.5 1.68 4 1.4828779 0.0034298133 0.0019204242 0.0053502375
1740 1.55 1.68 5 1.8090024 0.0042676882 0.0024005303 0.0066682185
1741 1.6 1.68 2 0.85542298 0.0016989763 0.00096021211 0.0026591884
1742 1.65 1.68 3 1.1820932 0.0025359448 0.0014403182 0.003976263
1743 1.7 1.68 4 1.508965 0.0033641139 0.0019204242 0.0052845381
1744 1.75 1.68 5 1.8359886 0.0041831973 0.0024005303 0.0065837276
1745 1.8 1.68 0 0.24311338 0 0 0
1746 1.85 1.68 0 0.25028791 0 0 0
1747 1.9 1.68 0 0.25746035 0 0 0
1748 1.95 1.68 0 0.26457893 0 0 0
1749 2 1.68 0 0.27159224 0 0 0
1750 2.05 1.68 0 0.27844964 0 0 0
1751 2.1 1.68 0 0.28510161 0 0 0
1752 2.15 1.68 0 0.29150013 0 0 0
1753 2.2 1.68 0 0.29759899 0 0 0
1754 2.25 1.68 0 0.30335415 0 0 0
1755 2.3 1.68 0 0.30872406 0 0 0
1756 2.35 1.68 0 0.31366995 0 0 0
1757 2.4 1.68 0 0.3181561 0 0 0
1758 2.45 1.68 0 0.32215011 0 0 0
1759 2.5 1.68 0 0.32562316 0 0 0
1760 2.55 1.68 5 1.9285502 0.0038093689 0.0024005303 0.0062098992
1761 2.6 1.68 2 0.97090997 0.0015150361 0.00096021211 0.0024752482
1762 2.65 1.68 3 1.2926856 0.0022598054 0.0014403182 0.0037001236
1763 2.7 1.68 4 1.6138641 0.0029965429 0.0019204242 0.0049169671
1764 2.75 1.68 5 1.9344371 0.0037256506 0.0024005303 0.0061261808
1765 2.8 1.68 2 0.9744004 0.0014825233 0.00096021211 0.0024427354
1766 2.85 1.68 3 1.2937543 0.00221262 0.0014403182 0.0036529381
1767 2.9 1.68 4 1.6125034 0.0029358978 0.0019204242 0.004856322
1768 2.95 1.68 5 1.9306568 0.0036528697 0.0024005303 0.0060534
1769 3 1.68 2 0.96822778 0.0014546939 0.00096021211 0.002414906
1770 0 1.74 4 1.53 0.0035231249 0.0019095648 0.0054326896
1771 0.05 1.74 5 1.8422448 0.0044163631 0.002386956 0.0068033191
1772 0.1 1.74 2 0.87454565 0.0017711118 0.00095478238 0.0027258942
1773 0.15 1.74 3 1.1869581 0.002662876 0.0014321736 0.0040950496
1774 0.2 1.74 4 1.4995369 0.003557903 0.0019095648 0.0054674678
1775 0.25 1.74 5 1.8123356 0.0044555126 0.002386956 0.0068424686
1776 0.3 1.74 2 0.84540633 0.0017850032 0.00095478238 0.0027397856
1777 0.35 1.74 3 1.158799 0.0026810083 0.0014321736 0.0041131819
1778 0.4 1.74 4 1.4725615 0.0035784127 0.0019095648 0.0054879775
1779 0.45 1.74 5 1.7867386 0.0044765022 0.002386956 0.0068634582
1780 0.5 1.74 2 0.82137258 0.001791519 0.00095478238 0.0027463014
1781 0.55 1.74 3 1.1365021 0.0026879377 0.0014321736 0.0041201113
1782 0.6 1.74 4 1.4521622 0.0035838363 0.0019095648 0.005493401
1783 0.65 1.74 5 1.7683845 0.0044784952 0.002386956 0.0068654512
1784 0.7 1.74 2 0.80519602 0.0017903996 0.00095478238 0.002745182
1785 0.75 1.74 3 1.1226199 0.002683388 0.0014321736 0.0041155615
1786 0.8 1.74 4 1.4406747 0.0035739575 0.0019095648 0.0054835223
1787 0.85 1.74 5 1.7593745 0.0044614121 0.002386956 0.0068483681
1788 0.9 1.74 2 0.79872872 0.0017816896 0.00095478238 0.002736472
1789 0.95 1.74 3 1.1187419 0.0026675404 0.0014321736 0.004099714
1790 1 1.74 4 1.4394141 0.0035491702 0.0019095648 0.005458735
1791 1.05 1.74 5 1.7607404 0.0044259339 0.002386956 0.0068128899
1792 1.1 1.74 2 0.80271114 0.0017657362 0.00095478238 0.0027205186
1793 1.15 1.74 3 1.1253122 0.0026410269 0.0014321736 0.0040732004
1794 1.2 1.74 4 1.4485247 0.0035104626 0.0019095648 0.0054200274
1795 1.25 1.74 5 1.7723256 0.0043734751 0.002386956 0.0067604311
1796 1.3 1.74 2 0.81668731 0.0017431754 0.00095478238 0.0026979578
1797 1.35 1.74 3 1.1415784 0.0026049043 0.0014321736 0.0040370779
1798 1.4 1.74 4 1.4669635 0.0034593779 0.0019095648 0.0053689426
1799 1.45 1.74 5 1.7928038 0.0043061271 0.002386956 0.006693083
1800 1.5 1.74 2 0.83905711 0.0017149067 0.00095478238 0.002669689
1801 1.55 1.74 3 1.1656782 0.0025606129 0.0014321736 0.0039927865
1802 1.6 1.74 4 1.4926194 0.0033979525 0.0019095648 0.0053075173
1803 1.65 1.74 5 1.8198305 0.0042265747 0.002386956 0.0066135306
1804 1.7 1.74 2 0.86725939 0.0016820569 0.00095478238 0.0026368393
1805 1.75 1.74 3 1.1948525 0.0025099184 0.0014321736 0.0039420919
1806 1.8 1.74 0 0.242555 0 0 0
1807 1.85 1.74 0 0.25031125 0 0 0
1808 1.9 1.74 0 0.25806526 0 0 0
1809 1.95 1.74 0 0.26576102 0 0 0
1810 2 1.74 0 0.27334299 0 0 0
1811 2.05 1.74 0 0.2807564 0 0 0
1812 2.1 1.74 0 0.28794773 0 0 0
1813 2.15 1.74 0 0.29486505 0 0 0
1814 2.2 1.74 0 0.30145842 0 0 0
1815 2.25 1.74 0 0.30768022 0 0 0
1816 2.3 1.74 0 0.31348554 0 0 0
1817 2.35 1.74 0 0.31883245 0 0 0
1818 2.4 1.74 0 0.32368234 0 0 0
1819 2.45 1.74 0 0.3280002 0 0 0
1820 2.5 1.74 0 0.33175485 0 0 0
1821 2.55 1.74 3 1.2949192 0.0022856213 0.0014321736 0.0037177949
1822 2.6 1.74 4 1.6174703 0.0030300721 0.0019095648 0.0049396369
1823 2.65 1.74 5 1.9393899 0.0037663424 0.002386956 0.0061532984
1824 2.7 1.74 2 0.98066399 0.0014982715 0.00095478238 0.0024530538
1825 2.75 1.74 3 1.3012834 0.0022353903 0.0014321736 0.0036675639
1826 2.8 1.74 4 1.6212438 0.0029650466 0.0019095648 0.0048746113
1827 2.85 1.74 5 1.9405453 0.0036876999 0.002386956 0.0060746559
1828 2.9 1.74 2 0.97919295 0.0014679489 0.00095478238 0.0024227313
1829 2.95 1.74 3 1.2971966 0.0021917218 0.0014321736 0.0036238954
1830 3 1.74 4 1.6145707 0.0029093878 0.0019095648 0.0048189526
1831 0 1.8 2 0.89 0.0017615624 0.00094951539 0.0027110778
1832 0.05 1.8 3 1.2017179 0.0026498179 0.0014242731 0.004074091
1833 0.1 1.8 4 1.5134955 0.0035422236 0.0018990308 0.0054412544
1834 0.15 1.8 5 1.8253924 0.0044381267 0.0023737885 0.0068119152
1835 0.2 1.8 2 0.85746692 0.0017789515 0.00094951539 0.0027284669
1836 0.25 1.8 3 1.1697764 0.0026733076 0.0014242731 0.0040975807
1837 0.3 1.8 4 1.4823762 0.0035700063 0.0018990308 0.0054690371
1838 0.35 1.8 5 1.79532 0.0044683472 0.0023737885 0.0068421357
1839 0.4 1.8 2 0.82865857 0.0017892063 0.00094951539 0.0027387217
1840 0.45 1.8 3 1.1424401 0.0026859013 0.0014242731 0.0041101744
1841 0.5 1.8 4 1.4567094 0.0035830381 0.0018990308 0.0054820689
1842 0.55 1.8 5 1.7715079 0.0044798962 0.0023737885 0.0068536847
1843 0.6 1.8 2 0.80687325 0.0017919181 0.00094951539 0.0027414335
1844 0.65 1.8 3 1.1228388 0.0026870971 0.0014242731 0.0041113702
1845 0.7 1.8 4 1.4394337 0.0035807993 0.0018990308 0.0054798301
1846 0.75 1.8 5 1.7566825 0.0044723133 0.0023737885 0.0068461017
1847 0.8 1.8 2 0.79460516 0.0017869787 0.00094951539 0.0027364941
1848 0.85 1.8 3 1.1132166 0.0026768473 0.0014242731 0.0041011203
1849 0.9 1.8 4 1.4325269 0.0035633792 0.0018990308 0.00546241
1850 0.95 1.8 5 1.752541 0.0044459007 0.0023737885 0.0068196891
1851 1 1.8 2 0.79325889 0.0017745851 0.00094951539 0.0027241005
1852 1.05 1.8 3 1.1146753 0.0026555604 0.0014242731 0.0040798334
1853 1.1 1.8 4 1.4367799 0.0035314724 0.0018990308 0.0054305032
1854 1.15 1.8 5 1.7595577 0.0044017114 0.0023737885 0.0067754999
1855 1.2 1.8 2 0.80298857 0.0017552313 0.00094951539 0.0027047467
1856 1.25 1.8 3 1.1270477 0.0026240851 0.0014242731 0.0040483582
1857 1.3 1.8 4 1.4517058 0.0034863508 0.0018990308 0.0053853816
1858 1.35 1.8 5 1.7769292 0.0043415072 0.0023737885 0.0067152957
1859 1.4 1.8 2 0.82268026 0.0017296889 0.00094951539 0.0026792043
1860 1.45 1.8 3 1.1489174 0.0025836762 0.0014242731 0.0040079493
1861 1.5 1.8 4 1.4755956 0.0034298133 0.0018990308 0.0053288441
1862 1.55 1.8 5 1.8026666 0.0042676882 0.0023737885 0.0066414767
1863 1.6 1.8 2 0.85007942 0.0016989763 0.00094951539 0.0026484917
1864 1.65 1.8 3 1.1777805 0.0025359448 0.0014242731 0.0039602179
1865 1.7 1.8 4 1.5057142 0.0033641139 0.0018990308 0.0052631447
1866 1.75 1.8 5 1.8338232 0.0041831973 0.0023737885 0.0065569858
1867 1.8 1.8 0 0.24204912 0 0 0
1868 1.85 1.8 0 0.2503324 0 0 0
1869 1.9 1.8 0 0.25861328 0 0 0
1870 1.95 1.8 0 0.26683197 0 0 0
1871 2 1.8 0 0.27492912 0 0 0
1872 2.05 1.8 0 0.28284626 0 0 0
1873 2.1 1.8 0 0.29052624 0 0 0
1874 2.15 1.8 0 0.29791359 0 0 0
1875 2.2 1.8 0 0.30495497 0 0 0
1876 2.25 1.8 0 0.31159954 0 0 0
1877 2.3 1.8 0 0.31779932 0 0 0
1878 2.35 1.8 0 0.32350955 0 0 0
1879 2.4 1.8 0 0.32868899 0 0 0
1880 2.45 1.8 0 0.33330024 0 0 0
1881 2.5 1.8 0 0.33731001 0 0 0
1882 2.55 1.8 5 1.9406893 0.0038093689 0.0023737885 0.0061831574
1883 2.6 1.8 2 0.98341385 0.0015150361 0.00094951539 0.0024645515
1884 2.65 1.8 3 1.3054638 0.0022598054 0.0014242731 0.0036840785
1885 2.7 1.8 4 1.6268245 0.0029965429 0.0018990308 0.0048955737
1886 2.75 1.8 5 1.9474861 0.0037256506 0.0023737885 0.006099439
1887 2.8 1.8 2 0.9874437 0.0014825233 0.00094951539 0.0024320387
1888 2.85 1.8 3 1.3066977 0.00221262 0.0014242731 0.003636893
1889 2.9 1.8 4 1.6252535 0.0029358978 0.0018990308 0.0048349286
1890 2.95 1.8 5 1.9431215 0.0036528697 0.0023737885 0.0060266582
1891 3 1.8 2 0.98031715 0.0014546939 0.00094951539 0.0024042093
1892 0 1.86 4 1.53 0.0035231249 0.0018888602 0.005411985
1893 0.05 1.86 5 1.8412493 0.0044163631 0.0023610752 0.0067774384
1894 0.1 1.86 2 0.87256182 0.0017711118 0.00094443009 0.0027155419
1895 0.15 1.86 3 1.1840002 0.002662876 0.0014166451 0.0040795211
1896 0.2 1.86 4 1.4956264 0.003557903 0.0018888602 0.0054467632
1897 0.25 1.86 5 1.8075007 0.0044555126 0.0023610752 0.0068165878
1898 0.3 1.86 2 0.83968198 0.0017850032 0.00094443009 0.0027294333
1899 0.35 1.86 3 1.1522265 0.0026810083 0.0014166451 0.0040976535
1900 0.4 1.86 4 1.4651882 0.0035784127 0.0018888602 0.0054672729
1901 0.45 1.86 5 1.7786179 0.0044765022 0.0023610752 0.0068375774
1902 0.5 1.86 2 0.81256307 0.001791519 0.00094443009 0.0027359491
1903 0.55 1.86 3 1.1270673 0.0026879377 0.0014166451 0.0041045829
1904 0.6 1.86 4 1.4421704 0.0035838363 0.0018888602 0.0054726964
1905 0.65 1.86 5 1.7579077 0.0044784952 0.0023610752 0.0068395704
1906 0.7 1.86 2 0.79430998 0.0017903996 0.00094443009 0.0027348297
1907 0.75 1.86 3 1.1114032 0.002683388 0.0014166451 0.0041000331
1908 0.8 1.86 4 1.4292083 0.0035739575 0.0018888602 0.0054628177
1909 0.85 1.86 5 1.7477412 0.0044614121 0.0023610752 0.0068224873
1910 0.9 1.86 2 0.78701249 0.0017816896 0.00094443009 0.0027261197
1911 0.95 1.86 3 1.1070274 0.0026675404 0.0014166451 0.0040841855
1912 1 1.86 4 1.4277859 0.0035491702 0.0018888602 0.0054380304
1913 1.05 1.86 5 1.7492824 0.0044259339 0.0023610752 0.0067870092
1914 1.1 1.86 2 0.79150612 0.0017657362 0.00094443009 0.0027101663
1915 1.15 1.86 3 1.1144411 0.0026410269 0.0014166451 0.004057672
1916 1.2 1.86 4 1.438066 0.0035104626 0.0018888602 0.0053993228
1917 1.25 1.86 5 1.7623548 0.0043734751 0.0023610752 0.0067345503
1918 1.3 1.86 2 0.80727638 0.0017431754 0.00094443009 0.0026876055
1919 1.35 1.86 3 1.1327953 0.0026049043 0.0014166451 0.0040215495
1920 1.4 1.86 4 1.4588717 0.0034593779 0.0018888602 0.005348238
1921 1.45 1.86 5 1.7854617 0.0043061271 0.0023610752 0.0066672023
1922 1.5 1.86 2 0.83251772 0.0017149067 0.00094443009 0.0026593367
1923 1.55 1.86 3 1.1599888 0.0025606129 0.0014166451 0.003977258
1924 1.6 1.86 4 1.487821 0.0033979525 0.0018888602 0.0052868127
1925 1.65 1.86 5 1.8159577 0.0042265747 0.0023610752 0.0065876499
1926 1.7 1.86 2 0.86434024 0.0016820569 0.00094443009 0.002626487
1927 1.75 1.86 3 1.1929081 0.0025099184 0.0014166451 0.0039265635
1928 1.8 1.86 0 0.24159931 0 0 0
1929 1.85 1.86 0 0.25035121 0 0 0
1930 1.9 1.86 0 0.25910057 0 0 0
1931 1.95 1.86 0 0.26778422 0 0 0
1932 2 1.86 0 0.27633946 0 0 0
1933 2.05 1.86 0 0.28470451 0 0 0
1934 2.1 1.86 0 0.29281897 0 0 0
1935 2.15 1.86 0 0.30062424 0 0 0
1936 2.2 1.86 0 0.30806398 0 0 0
1937 2.25 1.86 0 0.31508446 0 0 0
1938 2.3 1.86 0 0.32163499 0 0 0
1939 2.35 1.86 0 0.32766827 0 0 0
1940 2.4 1.86 0 0.33314073 0 0 0
1941 2.45 1.86 0 0.33801286 0 0 0
1942 2.5 1.86 0 0.34224948 0 0 0
1943 2.55 1.86 3 1.30582 0.0022856213 0.0014166451 0.0037022665
1944 2.6 1.86 4 1.6286986 0.0030300721 0.0018888602 0.0049189323
1945 2.65 1.86 5 1.9508646 0.0037663424 0.0023610752 0.0061274176
1946 2.7 1.86 2 0.99230226 0.0014982715 0.00094443009 0.0024427015
1947 2.75 1.86 3 1.3130012 0.0022353903 0.0014166451 0.0036520355
1948 2.8 1.86 4 1.6329565 0.0029650466 0.0018888602 0.0048539067
1949 2.85 1.86 5 1.9521683 0.0036876999 0.0023610752 0.0060487751
1950 2.9 1.86 2 0.99064239 0.0014679489 0.00094443009 0.002412379
1951 2.95 1.86 3 1.3083898 0.0021917218 0.0014166451 0.0036083669
1952 3 1.86 4 1.6254267 0.0029093878 0.0018888602 0.004798248
1953 0 1.92 2 0.89 0.0017615624 0.00093954477 0.0027011072
1954 0.05 1.92 3 1.2008425 0.0026498179 0.0014093172 0.004059135
1955 0.1 1.92 4 1.5117511 0.0035422236 0.0018790895 0.0054213132
1956 0.15 1.92 5 1.8227914 0.0044381267 0.0023488619 0.0067869886
1957 0.2 1.92 2 0.85402827 0.0017789515 0.00093954477 0.0027184963
1958 0.25 1.92 3 1.1655248 0.0026733076 0.0014093172 0.0040826247
1959 0.3 1.92 4 1.4773425 0.0035700063 0.0018790895 0.0054490959
1960 0.35 1.92 5 1.7895405 0.0044683472 0.0023488619 0.0068172091
1961 0.4 1.92 2 0.82217497 0.0017892063 0.00093954477 0.0027287511
1962 0.45 1.92 3 1.1352992 0.0026859013 0.0014093172 0.0040952185
1963 0.5 1.92 4 1.4489628 0.0035830381 0.0018790895 0.0054621276
1964 0.55 1.92 5 1.7632116 0.0044798962 0.0023488619 0.0068287581
1965 0.6 1.92 2 0.798087 0.0017919181 0.00093954477 0.0027314629
1966 0.65 1.92 3 1.1136261 0.0026870971 0.0014093172 0.0040964143
1967 0.7 1.92 4 1.4298611 0.0035807993 0.0018790895 0.0054598888
1968 0.75 1.92 5 1.7468191 0.0044723133 0.0023488619 0.0068211752
1969 0.8 1.92 2 0.78452221 0.0017869787 0.00093954477 0.0027265235
1970 0.85 1.92 3 1.1029869 0.0026768473 0.0014093172 0.0040861644
1971 0.9 1.92 4 1.4222243 0.0035633792 0.0018790895 0.0054424688
1972 0.95 1.92 5 1.7422399 0.0044459007 0.0023488619 0.0067947626
1973 1 1.92 2 0.78303365 0.0017745851 0.00093954477 0.0027141299
1974 1.05 1.92 3 1.1045997 0.0026555604 0.0014093172 0.0040648775
1975 1.1 1.92 4 1.4269269 0.0035314724 0.0018790895 0.0054105619
1976 1.15 1.92 5 1.7499983 0.0044017114 0.0023488619 0.0067505734
1977 1.2 1.92 2 0.79379173 0.0017552313 0.00093954477 0.0026947761
1978 1.25 1.92 3 1.1182799 0.0026240851 0.0014093172 0.0040334022
1979 1.3 1.92 4 1.4434303 0.0034863508 0.0018790895 0.0053654403
1980 1.35 1.92 5 1.7692059 0.0043415072 0.0023488619 0.0066903691
1981 1.4 1.92 2 0.81556476 0.0017296889 0.00093954477 0.0026692337
1982 1.45 1.92 3 1.1424611 0.0025836762 0.0014093172 0.0039929934
1983 1.5 1.92 4 1.4698452 0.0034298133 0.0018790895 0.0053089028
1984 1.55 1.92 5 1.7976636 0.0042676882 0.0023488619 0.0066165501
1985 1.6 1.92 2 0.84585994 0.0016989763 0.00093954477 0.002638521
1986 1.65 1.92 3 1.174375 0.0025359448 0.0014093172 0.003945262
1987 1.7 1.92 4 1.5031472 0.0033641139 0.0018790895 0.0052432034
1988 1.75 1.92 5 1.8321134 0.0041831973 0.0023488619 0.0065320592
1989 1.8 1.92 2 0.88120874 0.0016643177 0.00093954477 0.0026038625
1990 1.85 1.92 0 0.25036753 0 0 0
1991 1.9 1.92 0 0.25952368 0 0 0
1992 1.95 1.92 0 0.26861106 0 0 0
1993 2 1.92 0 0.27756405 0 0 0
1994 2.05 1.92 0 0.28631802 0 0 0
1995 2.1 1.92 0 0.29480974 0 0 0
1996 2.15 1.92 0 0.30297791 0 0 0
1997 2.2 1.92 0 0.31076354 0 0 0
1998 2.25 1.92 0 0.31811042 0 0 0
1999 2.3 1.92 0 0.3249655 0 0 0
2000 2.35 1.92 0 0.33127928 0 0 0
2001 2.4 1.92 0 0.33700617 0 0 0
2002 2.45 1.92 0 0.34210482 0 0 0
2003 2.5 1.92 4 1.6265384 0.0030652992 0.0018790895 0.0049443888
2004 2.55 1.92 5 1.9502749 0.0038093689 0.0023488619 0.0061582308
2005 2.6 1.92 2 0.99328741 0.0015150361 0.00093954477 0.0024545808
2006 2.65 1.92 3 1.3155541 0.0022598054 0.0014093172 0.0036691226
2007 2.7 1.92 4 1.6370586 0.0029965429 0.0018790895 0.0048756325
2008 2.75 1.92 5 1.95779 0.0037256506 0.0023488619 0.0060745125
2009 2.8 1.92 2 0.9977432 0.0014825233 0.00093954477 0.0024220681
2010 2.85 1.92 3 1.3169184 0.00221262 0.0014093172 0.0036219371
2011 2.9 1.92 4 1.6353215 0.0029358978 0.0018790895 0.0048149873
2012 2.95 1.92 5 1.9529642 0.0036528697 0.0023488619 0.0060017316
2013 3 1.92 2 0.9898634 0.0014546939 0.00093954477 0.0023942387
2014 0 1.98 4 1.53 0.0035231249 0.0018697541 0.0053928789
2015 0.05 1.98 5 1.8405002 0.0044163631 0.0023371926 0.0067535557
2016 0.1 1.98 2 0.87106901 0.0017711118 0.00093487703 0.0027059888
2017 0.15 1.98 3 1.1817745 0.002662876 0.0014023156 0.0040651916
2018 0.2 1.98 4 1.4926838 0.003557903 0.0018697541 0.0054276571
2019 0.25 1.98 5 1.8038626 0.0044555126 0.0023371926 0.0067927052
2020 0.3 1.98 2 0.83537446 0.0017850032 0.00093487703 0.0027198802
2021 0.35 1.98 3 1.1472808 0.0026810083 0.0014023156 0.0040833239
2022 0.4 1.98 4 1.45964 0.0035784127 0.0018697541 0.0054481668
2023 0.45 1.98 5 1.7725072 0.0044765022 0.0023371926 0.0068136948
2024 0.5 1.98 2 0.80593402 0.001791519 0.00093487703 0.0027263961
2025 0.55 1.98 3 1.1199678 0.0026879377 0.0014023156 0.0040902533
2026 0.6 1.98 4 1.4346517 0.0035838363 0.0018697541 0.0054535903
2027 0.65 1.98 5 1.7500241 0.0044784952 0.0023371926 0.0068156878
2028 0.7 1.98 2 0.78611835 0.0017903996 0.00093487703 0.0027252767
2029 0.75 1.98 3 1.1029627 0.002683388 0.0014023156 0.0040857035
2030 0.8 1.98 4 1.4205799 0.0035739575 0.0018697541 0.0054437116
2031 0.85 1.98 5 1.7389873 0.0044614121 0.0023371926 0.0067986047
2032 0.9 1.98 2 0.77819616 0.0017816896 0.00093487703 0.0027165667
2033 0.95 1.98 3 1.0982124 0.0026675404 0.0014023156 0.0040698559
2034 1 1.98 4 1.4190357 0.0035491702 0.0018697541 0.0054189243
2035 1.05 1.98 5 1.7406603 0.0044259339 0.0023371926 0.0067631265
2036 1.1 1.98 2 0.78307446 0.0017657362 0.00093487703 0.0027006132
2037 1.15 1.98 3 1.1062607 0.0026410269 0.0014023156 0.0040433424
2038 1.2 1.98 4 1.4301959 0.0035104626 0.0018697541 0.0053802167
2039 1.25 1.98 5 1.7548518 0.0043734751 0.0023371926 0.0067106677
2040 1.3 1.98 2 0.80019475 0.0017431754 0.00093487703 0.0026780524
2041 1.35 1.98 3 1.1261861 0.0026049043 0.0014023156 0.0040072199
2042 1.4 1.98 4 1.4527827 0.0034593779 0.0018697541 0.0053291319
2043 1.45 1.98 5 1.7799369 0.0043061271 0.0023371926 0.0066433196
2044 1.5 1.98 2 0.82759689 0.0017149067 0.00093487703 0.0026497837
2045 1.55 1.98 3 1.1557075 0.0025606129 0.0014023156 0.0039629285
2046 1.6 1.98 4 1.4842102 0.0033979525 0.0018697541 0.0052677066
2047 1.65 1.98 5 1.8130435 0.0042265747 0.0023371926 0.0065637672
2048 1.7 1.98 2 0.86214361 0.0016820569 0.00093487703 0.002616934
2049 1.75 1.98 3 1.1914449 0.0025099184 0.0014023156 0.0039122339
2050 1.8 1.98 4 1.5208802 0.0033286354 0.0018697541 0.0051983895
2051 1.85 1.98 5 1.8503813 0.0041379894 0.0023371926 0.006475182
2052 1.9 1.98 0 0.25987963 0 0 0
2053 1.95 1.98 0 0.26930665 0 0 0
2054 2 1.98 0 0.27859427 0 0 0
2055 2.05 1.98 0 0.28767542 0 0 0
2056 2.1 1.98 0 0.29648452 0 0 0
2057 2.15 1.98 0 0.30495798 0 0 0
2058 2.2 1.98 0 0.3130346 0 0 0
2059 2.25 1.98 0 0.32065608 0 0 0
2060 2.3 1.98 0 0.32776737 0 0 0
2061 2.35 1.98 0 0.33431713 0 0 0
2062 2.4 1.98 0 0.34025806 0 0 0
2063 2.45 1.98 5 1.9455473 0.0038543001 0.0023371926 0.0061914927
2064 2.5 1.98 2 0.99014658 0.0015326496 0.00093487703 0.0024675267
2065 2.55 1.98 3 1.3140228 0.0022856213 0.0014023156 0.0036879369
2066 2.6 1.98 4 1.6371478 0.0030300721 0.0018697541 0.0048998262
2067 2.65 1.98 5 1.9594992 0.0037663424 0.0023371926 0.006103535
2068 2.7 1.98 2 1.0010599 0.0014982715 0.00093487703 0.0024331485
2069 2.75 1.98 3 1.3218187 0.0022353903 0.0014023156 0.0036377059
2070 2.8 1.98 4 1.6417701 0.0029650466 0.0018697541 0.0048348006
2071 2.85 1.98 5 1.9609145 0.0036876999 0.0023371926 0.0060248925
2072 2.9 1.98 2 0.99925797 0.0014679489 0.00093487703 0.0024028259
2073 2.95 1.98 3 1.3168125 0.0021917218 0.0014023156 0.0035940374
2074 3 1.98 4 1.6335958 0.0029093878 0.0018697541 0.0047791419
2075 0 2.04 2 0.89 0.0017615624 0.00093044367 0.0026920061
2076 0.05 2.04 3 1.2002249 0.0026498179 0.0013956655 0.0040454834
2077 0.1 2.04 4 1.5105204 0.0035422236 0.0018608873 0.005403111
2078 0.15 2.04 5 1.8209566 0.0044381267 0.0023261092 0.0067642359
2079 0.2 2.04 2 0.8516025 0.0017789515 0.00093044367 0.0027093952
2080 0.25 2.04 3 1.1625256 0.0026733076 0.0013956655 0.0040689731
2081 0.3 2.04 4 1.4737916 0.0035700063 0.0018608873 0.0054308937
2082 0.35 2.04 5 1.7854634 0.0044683472 0.0023261092 0.0067944564
2083 0.4 2.04 2 0.81760116 0.0017892063 0.00093044367 0.00271965
2084 0.45 2.04 3 1.1302617 0.0026859013 0.0013956655 0.0040815668
2085 0.5 2.04 4 1.443498 0.0035830381 0.0018608873 0.0054439254
2086 0.55 2.04 5 1.757359 0.0044798962 0.0023261092 0.0068060054
2087 0.6 2.04 2 0.79188881 0.0017919181 0.00093044367 0.0027223618
2088 0.65 2.04 3 1.1071271 0.0026870971 0.0013956655 0.0040827626
2089 0.7 2.04 4 1.4231082 0.0035807993 0.0018608873 0.0054416866
2090 0.75 2.04 5 1.7398611 0.0044723133 0.0023261092 0.0067984224
2091 0.8 2.04 2 0.77740927 0.0017869787 0.00093044367 0.0027174224
2092 0.85 2.04 3 1.0957704 0.0026768473 0.0013956655 0.0040725128
2093 0.9 2.04 4 1.4149564 0.0035633792 0.0018608873 0.0054242666
2094 0.95 2.04 5 1.7349731 0.0044459007 0.0023261092 0.0067720098
2095 1 2.04 2 0.77582033 0.0017745851 0.00093044367 0.0027050288
2096 1.05 2.04 3 1.097492 0.0026555604 0.0013956655 0.0040512259
2097 1.1 2.04 4 1.4199761 0.0035314724 0.0018608873 0.0053923597
2098 1.15 2.04 5 1.7432546 0.0044017114 0.0023261092 0.0067278206
2099 1.2 2.04 2 0.78730389 0.0017552313 0.00093044367 0.002685675
2100 1.25 2.04 3 1.1120947 0.0026240851 0.0013956655 0.0040197506
2101 1.3 2.04 4 1.4375925 0.0034863508 0.0018608873 0.0053472381
2102 1.35 2.04 5 1.7637575 0.0043415072 0.0023261092 0.0066676164
2103 1.4 2.04 2 0.81054519 0.0017296889 0.00093044367 0.0026601326
2104 1.45 2.04 3 1.1379066 0.0025836762 0.0013956655 0.0039793417
2105 1.5 2.04 4 1.4657886 0.0034298133 0.0018608873 0.0052907006
2106 1.55 2.04 5 1.7941343 0.0042676882 0.0023261092 0.0065937974
2107 1.6 2.04 2 0.84288333 0.0016989763 0.00093044367 0.0026294199
2108 1.65 2.04 3 1.1719726 0.0025359448 0.0013956655 0.0039316103
2109 1.7 2.04 4 1.5013364 0.0033641139 0.0018608873 0.0052250012
2110 1.75 2.04 5 1.8309072 0.0041831973 0.0023261092 0.0065093064
2111 1.8 2.04 2 0.88061589 0.0016643177 0.00093044367 0.0025947614
2112 1.85 2.04 3 1.2103923 0.0024827937 0.0013956655 0.0038784592
2113 1.9 2.04 4 1.5401659 0.0032918717 0.0018608873 0.0051527591
2114 1.95 2.04 0 0.2698661 0 0 0
2115 2 2.04 0 0.27942284 0 0 0
2116 2.05 2.04 0 0.28876714 0 0 0
2117 2.1 2.04 0 0.2978315 0 0 0
2118 2.15 2.04 0 0.30655049 0 0 0
2119 2.2 2.04 0 0.31486116 0 0 0
2120 2.25 2.04 0 0.32270348 0 0 0
2121 2.3 2.04 0 0.33002083 0 0 0
2122 2.35 2.04 0 0.33676038 0 0 0
2123 2.4 2.04 2 0.98287347 0.0015509361 0.00093044367 0.0024813798
2124 2.45 2.04 3 1.3083159 0.00231258 0.0013956655 0.0037082455
2125 2.5 2.04 4 1.6330485 0.0030652992 0.0018608873 0.0049261866
2126 2.55 2.04 5 1.957037 0.0038093689 0.0023261092 0.006135478
2127 2.6 2.04 2 1.0002526 0.0015150361 0.00093044367 0.0024454797
2128 2.65 2.04 3 1.3226722 0.0022598054 0.0013956655 0.0036554709
2129 2.7 2.04 4 1.6442781 0.0029965429 0.0018608873 0.0048574303
2130 2.75 2.04 5 1.9650589 0.0037256506 0.0023261092 0.0060517597
2131 2.8 2.04 2 1.0050089 0.0014825233 0.00093044367 0.002412967
2132 2.85 2.04 3 1.3241285 0.00221262 0.0013956655 0.0036082855
2133 2.9 2.04 4 1.6424239 0.0029358978 0.0018608873 0.0047967851
2134 2.95 2.04 5 1.9599076 0.0036528697 0.0023261092 0.0059789789
2135 3 2.04 2 0.99659773 0.0014546939 0.00093044367 0.0023851376
2136 0 2.1 4 1.53 0.0035231249 0.0018525213 0.0053756461
2137 0.05 2.1 5 1.8400186 0.0044163631 0.0023156516 0.0067320147
2138 0.1 2.1 2 0.87010925 0.0017711118 0.00092626063 0.0026973724
2139 0.15 2.1 3 1.1803435 0.002662876 0.0013893909 0.004052267
2140 0.2 2.1 4 1.490792 0.003557903 0.0018525213 0.0054104243
2141 0.25 2.1 5 1.8015235 0.0044555126 0.0023156516 0.0067711642
2142 0.3 2.1 2 0.83260506 0.0017850032 0.00092626063 0.0027112638
2143 0.35 2.1 3 1.1441011 0.0026810083 0.0013893909 0.0040703993
2144 0.4 2.1 4 1.4560729 0.0035784127 0.0018525213 0.005430934
2145 0.45 2.1 5 1.7685785 0.0044765022 0.0023156516 0.0067921538
2146 0.5 2.1 2 0.80167206 0.001791519 0.00092626063 0.0027177797
2147 0.55 2.1 3 1.1154034 0.0026879377 0.0013893909 0.0040773287
2148 0.6 2.1 4 1.4298178 0.0035838363 0.0018525213 0.0054363575
2149 0.65 2.1 5 1.7449555 0.0044784952 0.0023156516 0.0067941468
2150 0.7 2.1 2 0.78085178 0.0017903996 0.00092626063 0.0027166603
2151 0.75 2.1 3 1.0975362 0.002683388 0.0013893909 0.0040727789
2152 0.8 2.1 4 1.4150326 0.0035739575 0.0018525213 0.0054264787
2153 0.85 2.1 5 1.7333592 0.0044614121 0.0023156516 0.0067770637
2154 0.9 2.1 2 0.77252795 0.0017816896 0.00092626063 0.0027079502
2155 0.95 2.1 3 1.092545 0.0026675404 0.0013893909 0.0040569313
2156 1 2.1 4 1.4134101 0.0035491702 0.0018525213 0.0054016915
2157 1.05 2.1 5 1.7351171 0.0044259339 0.0023156516 0.0067415855
2158 1.1 2.1 2 0.77765358 0.0017657362 0.00092626063 0.0026919968
2159 1.15 2.1 3 1.1010013 0.0026410269 0.0013893909 0.0040304178
2160 1.2 2.1 4 1.4251361 0.0035104626 0.0018525213 0.0053629839
2161 1.25 2.1 5 1.750028 0.0043734751 0.0023156516 0.0066891267
2162 1.3 2.1 2 0.79564182 0.0017431754 0.00092626063 0.002669436
2163 1.35 2.1 3 1.121937 0.0026049043 0.0013893909 0.0039942953
2164 1.4 2.1 4 1.448868 0.0034593779 0.0018525213 0.0053118991
2165 1.45 2.1 5 1.7763848 0.0043061271 0.0023156516 0.0066217786
2166 1.5 2.1 2 0.8244332 0.0017149067 0.00092626063 0.0026411673
2167 1.55 2.1 3 1.152955 0.0025606129 0.0013893909 0.0039500039
2168 1.6 2.1 4 1.4818887 0.0033979525 0.0018525213 0.0052504738
2169 1.65 2.1 5 1.8111699 0.0042265747 0.0023156516 0.0065422262
2170 1.7 2.1 2 0.86073136 0.0016820569 0.00092626063 0.0026083176
2171 1.75 2.1 3 1.1905042 0.0025099184 0.0013893909 0.0038993093
2172 1.8 2.1 4 1.5204178 0.0033286354 0.0018525213 0.0051811567
2173 1.85 2.1 5 1.8504006 0.0041379894 0.0023156516 0.006453641
2174 1.9 2.1 2 0.90038051 0.0016459359 0.00092626063 0.0025721965
2175 1.95 2.1 3 1.2302855 0.0024548417 0.0013893909 0.0038442327
2176 2 2.1 0 0.28004393 0 0 0
2177 2.05 2.1 0 0.28958547 0 0 0
2178 2.1 2.1 0 0.29884118 0 0 0
2179 2.15 2.1 0 0.30774422 0 0 0
2180 2.2 2.1 0 0.31623032 0 0 0
2181 2.25 2.1 0 0.32423818 0 0 0
2182 2.3 2.1 0 0.33171 0 0 0
2183 2.35 2.1 3 1.2985918 0.0023404122 0.0013893909 0.0037298032
2184 2.4 2.1 4 1.6248339 0.0031018722 0.0018525213 0.0049543935
2185 2.45 2.1 5 1.9503913 0.0038543001 0.0023156516 0.0061699516
2186 2.5 2.1 2 0.99522378 0.0015326496 0.00092626063 0.0024589102
2187 2.55 2.1 3 1.3192965 0.0022856213 0.0013893909 0.0036750123
2188 2.6 2.1 4 1.64258 0.0030300721 0.0018525213 0.0048825934
2189 2.65 2.1 5 1.9650506 0.0037663424 0.0023156516 0.006081994
2190 2.7 2.1 2 1.0066904 0.0014982715 0.00092626063 0.0024245321
2191 2.75 2.1 3 1.3274877 0.0022353903 0.0013893909 0.0036247813
2192 2.8 2.1 4 1.6474366 0.0029650466 0.0018525213 0.0048175678
2193 2.85 2.1 5 1.9665376 0.0036876999 0.0023156516 0.0060033515
2194 2.9 2.1 2 1.0047971 0.0014679489 0.00092626063 0.0023942095
2195 2.95 2.1 3 1.3222277 0.0021917218 0.0013893909 0.0035811128
2196 3 2.1 4 1.6388479 0.0029093878 0.0018525213 0.0047619091
2197 0 2.16 2 0.89 0.0017615624 0.00092234297 0.0026839054
2198 0.05 2.16 3 1.1998826 0.0026498179 0.0013835145 0.0040333323
2199 0.1 2.16 4 1.5098383 0.0035422236 0.0018446859 0.0053869096
2200 0.15 2.16 5 1.8199396 0.0044381267 0.0023058574 0.0067439841
2201 0.2 2.16 2 0.85025792 0.0017789515 0.00092234297 0.0027012945
2202 0.25 2.16 3 1.1608632 0.0026733076 0.0013835145 0.004056822
2203 0.3 2.16 4 1.4718233 0.0035700063 0.0018446859 0.0054146923
2204 0.35 2.16 5 1.7832035 0.0044683472 0.0023058574 0.0067742046
2205 0.4 2.16 2 0.81506593 0.0017892063 0.00092234297 0.0027115493
2206 0.45 2.16 3 1.1274695 0.0026859013 0.0013835145 0.0040694158
2207 0.5 2.16 4 1.440469 0.0035830381 0.0018446859 0.005427724
2208 0.55 2.16 5 1.7541149 0.0044798962 0.0023058574 0.0067857536
2209 0.6 2.16 2 0.7884532 0.0017919181 0.00092234297 0.0027142611
2210 0.65 2.16 3 1.1035247 0.0026870971 0.0013835145 0.0040706116
2211 0.7 2.16 4 1.4193651 0.0035807993 0.0018446859 0.0054254852
2212 0.75 2.16 5 1.7360043 0.0044723133 0.0023058574 0.0067781707
2213 0.8 2.16 2 0.77346663 0.0017869787 0.00092234297 0.0027093217
2214 0.85 2.16 3 1.0917704 0.0026768473 0.0013835145 0.0040603617
2215 0.9 2.16 4 1.4109279 0.0035633792 0.0018446859 0.0054080652
2216 0.95 2.16 5 1.7309451 0.0044459007 0.0023058574 0.0067517581
2217 1 2.16 2 0.77182204 0.0017745851 0.00092234297 0.0026969281
2218 1.05 2.16 3 1.0935523 0.0026555604 0.0013835145 0.0040390748
2219 1.1 2.16 4 1.4161233 0.0035314724 0.0018446859 0.0053761583
2220 1.15 2.16 5 1.7395166 0.0044017114 0.0023058574 0.0067075688
2221 1.2 2.16 2 0.78370773 0.0017552313 0.00092234297 0.0026775743
2222 1.25 2.16 3 1.1086663 0.0026240851 0.0013835145 0.0040075995
2223 1.3 2.16 4 1.4343566 0.0034863508 0.0018446859 0.0053310367
2224 1.35 2.16 5 1.7607375 0.0043415072 0.0023058574 0.0066473646
2225 1.4 2.16 2 0.80776289 0.0017296889 0.00092234297 0.0026520319
2226 1.45 2.16 3 1.1353821 0.0025836762 0.0013835145 0.0039671907
2227 1.5 2.16 4 1.4635401 0.0034298133 0.0018446859 0.0052744992
2228 1.55 2.16 5 1.792178 0.0042676882 0.0023058574 0.0065735456
2229 1.6 2.16 2 0.84123343 0.0016989763 0.00092234297 0.0026213192
2230 1.65 2.16 3 1.170641 0.0025359448 0.0013835145 0.0039194593
2231 1.7 2.16 4 1.5003327 0.0033641139 0.0018446859 0.0052087998
2232 1.75 2.16 5 1.8302386 0.0041831973 0.0023058574 0.0064890547
2233 1.8 2.16 2 0.88028728 0.0016643177 0.00092234297 0.0025866607
2234 1.85 2.16 3 1.2104061 0.0024827937 0.0013835145 0.0038663081
2235 1.9 2.16 4 1.5405219 0.0032918717 0.0018446859 0.0051365577
2236 1.95 2.16 5 1.8705618 0.0040914029 0.0023058574 0.0063972603
2237 2 2.16 2 0.92045316 0.001627095 0.00092234297 0.002549438
2238 2.05 2.16 3 1.2501247 0.0024263418 0.0013835145 0.0038098563
2239 2.1 2.16 4 1.5795064 0.003215967 0.0018446859 0.0050606529
2240 2.15 2.16 5 1.9085308 0.0039959645 0.0023058574 0.006301822
2241 2.2 2.16 2 0.95713243 0.0015887922 0.00092234297 0.0025111351
2242 2.25 2.16 3 1.2852494 0.0023688398 0.0013835145 0.0037523543
2243 2.3 2.16 4 1.612823 0.0031394257 0.0018446859 0.0049841116
2244 2.35 2.16 5 1.9397985 0.0039006871 0.0023058574 0.0062065445
2245 2.4 2.16 2 0.98612566 0.0015509361 0.00092234297 0.0024732791
2246 2.45 2.16 3 1.3117587 0.00231258 0.0013835145 0.0036960945
2247 2.5 2.16 4 1.636657 0.0030652992 0.0018446859 0.0049099852
2248 2.55 2.16 5 1.9607852 0.0038093689 0.0023058574 0.0061152263
2249 2.6 2.16 2 1.0041134 0.0015150361 0.00092234297 0.002437379
2250 2.65 2.16 3 1.3266177 0.0022598054 0.0013835145 0.0036433199
2251 2.7 2.16 4 1.6482799 0.0029965429 0.0018446859 0.0048412289
2252 2.75 2.16 5 1.969088 0.0037256506 0.0023058574 0.006031508
2253 2.8 2.16 2 1.0090362 0.0014825233 0.00092234297 0.0024048663
2254 2.85 2.16 3 1.328125 0.00221262 0.0013835145 0.0035961344
2255 2.9 2.16 4 1.6463607 0.0029358978 0.0018446859 0.0047805837
2256 2.95 2.16 5 1.9637563 0.0036528697 0.0023058574 0.0059587271
2257 3 2.16 2 1.0003305 0.0014546939 0.00092234297 0.0023770369
2258 0 2.22 4 1.53 0.0035231249 0.0018374096 0.0053605345
2259 0.05 2.22 5 1.839818 0.0044163631 0.002296762 0.0067131251
2260 0.1 2.22 2 0.86970957 0.0017711118 0.0009187048 0.0026898166
2261 0.15 2.22 3 1.1797476 0.002662876 0.0013780572 0.0040409332
2262 0.2 2.22 4 1.4900041 0.003557903 0.0018374096 0.0053953126
2263 0.25 2.22 5 1.8005494 0.0044555126 0.002296762 0.0067522746
2264 0.3 2.22 2 0.83145178 0.0017850032 0.0009187048 0.002703708
2265 0.35 2.22 3 1.1427769 0.0026810083 0.0013780572 0.0040590655
2266 0.4 2.22 4 1.4545874 0.0035784127 0.0018374096 0.0054158223
2267 0.45 2.22 5 1.7669424 0.0044765022 0.002296762 0.0067732642
2268 0.5 2.22 2 0.79989721 0.001791519 0.0009187048 0.0027102238
2269 0.55 2.22 3 1.1135026 0.0026879377 0.0013780572 0.0040659949
2270 0.6 2.22 4 1.4278047 0.0035838363 0.0018374096 0.0054212459
2271 0.65 2.22 5 1.7428448 0.0044784952 0.002296762 0.0067752572
2272 0.7 2.22 2 0.77865858 0.0017903996 0.0009187048 0.0027091044
2273 0.75 2.22 3 1.0952763 0.002683388 0.0013780572 0.0040614451
2274 0.8 2.22 4 1.4127225 0.0035739575 0.0018374096 0.0054113671
2275 0.85 2.22 5 1.7310154 0.0044614121 0.002296762 0.0067581741
2276 0.9 2.22 2 0.77016749 0.0017816896 0.0009187048 0.0027003944
2277 0.95 2.22 3 1.0901849 0.0026675404 0.0013780572 0.0040455976
2278 1 2.22 4 1.4110674 0.0035491702 0.0018374096 0.0053865798
2279 1.05 2.22 5 1.7328086 0.0044259339 0.002296762 0.0067226959
2280 1.1 2.22 2 0.77539611 0.0017657362 0.0009187048 0.002684441
2281 1.15 2.22 3 1.0988111 0.0026410269 0.0013780572 0.004019084
2282 1.2 2.22 4 1.4230289 0.0035104626 0.0018374096 0.0053478722
2283 1.25 2.22 5 1.7480192 0.0043734751 0.002296762 0.0066702371
2284 1.3 2.22 2 0.79374581 0.0017431754 0.0009187048 0.0026618802
2285 1.35 2.22 3 1.1201674 0.0026049043 0.0013780572 0.0039829615
2286 1.4 2.22 4 1.4472377 0.0034593779 0.0018374096 0.0052967875
2287 1.45 2.22 5 1.7749056 0.0043061271 0.002296762 0.006602889
2288 1.5 2.22 2 0.82311571 0.0017149067 0.0009187048 0.0026336114
2289 1.55 2.22 3 1.1518088 0.0025606129 0.0013780572 0.0039386701
2290 1.6 2.22 4 1.480922 0.0033979525 0.0018374096 0.0052353621
2291 1.65 2.22 5 1.8103896 0.0042265747 0.002296762 0.0065233367
2292 1.7 2.22 2 0.86014324 0.0016820569 0.0009187048 0.0026007617
2293 1.75 2.22 3 1.1901124 0.0025099184 0.0013780572 0.0038879756
2294 1.8 2.22 4 1.5202253 0.0033286354 0.0018374096 0.005166045
2295 1.85 2.22 5 1.8504087 0.0041379894 0.002296762 0.0064347514
2296 1.9 2.22 2 0.90058909 0.0016459359 0.0009187048 0.0025646407
2297 1.95 2.22 3 1.2306931 0.0024548417 0.0013780572 0.0038328989
2298 2 2.22 4 1.5606476 0.0032541901 0.0018374096 0.0050915997
2299 2.05 2.22 5 1.8903809 0.004043903 0.002296762 0.006340665
2300 2.1 2.22 2 0.93982259 0.0016079835 0.0009187048 0.0025266883
2301 2.15 2.22 3 1.2689045 0.0023975787 0.0013780572 0.0037756359
2302 2.2 2.22 4 1.5975611 0.0031775843 0.0018374096 0.0050149939
2303 2.25 2.22 5 1.9257299 0.0039480663 0.002296762 0.0062448283
2304 2.3 2.22 2 0.97335186 0.0015697128 0.0009187048 0.0024884176
2305 2.35 2.22 3 1.300372 0.0023404122 0.0013780572 0.0037184694
2306 2.4 2.22 4 1.6267395 0.0031018722 0.0018374096 0.0049392818
2307 2.45 2.22 5 1.9524086 0.0038543001 0.002296762 0.0061510621
2308 2.5 2.22 2 0.99733813 0.0015326496 0.0009187048 0.0024513544
2309 2.55 2.22 3 1.3214927 0.0022856213 0.0013780572 0.0036636785
2310 2.6 2.22 4 1.6448421 0.0030300721 0.0018374096 0.0048674817
2311 2.65 2.22 5 1.9673624 0.0037663424 0.002296762 0.0060631044
2312 2.7 2.22 2 1.0090352 0.0014982715 0.0009187048 0.0024169763
2313 2.75 2.22 3 1.3298485 0.0022353903 0.0013780572 0.0036134475
2314 2.8 2.22 4 1.6497964 0.0029650466 0.0018374096 0.0048024562
2315 2.85 2.22 5 1.9688793 0.0036876999 0.002296762 0.0059844619
2316 2.9 2.22 2 1.0071038 0.0014679489 0.0009187048 0.0023866537
2317 2.95 2.22 3 1.3244828 0.0021917218 0.0013780572 0.003569779
2318 3 2.22 4 1.6410351 0.0029093878 0.0018374096 0.0047467974
2319 0 2.28 2 0.89 0.0017615624 0.0009153592 0.0026769216
2320 0.05 2.28 3 1.1998252 0.0026498179 0.0013730388 0.0040228567
2321 0.1 2.28 4 1.5097239 0.0035422236 0.0018307184 0.005372942
2322 0.15 2.28 5 1.819769 0.0044381267 0.002288398 0.0067265247
2323 0.2 2.28 2 0.85003238 0.0017789515 0.0009153592 0.0026943107
2324 0.25 2.28 3 1.1605844 0.0026733076 0.0013730388 0.0040463464
2325 0.3 2.28 4 1.4714931 0.0035700063 0.0018307184 0.0054007247
2326 0.35 2.28 5 1.7828244 0.0044683472 0.002288398 0.0067567452
2327 0.4 2.28 2 0.81464068 0.0017892063 0.0009153592 0.0027045655
2328 0.45 2.28 3 1.1270011 0.0026859013 0.0013730388 0.0040589401
2329 0.5 2.28 4 1.4399609 0.0035830381 0.0018307184 0.0054137565
2330 0.55 2.28 5 1.7535707 0.0044798962 0.002288398 0.0067682942
2331 0.6 2.28 2 0.78787692 0.0017919181 0.0009153592 0.0027072773
2332 0.65 2.28 3 1.1029205 0.0026870971 0.0013730388 0.0040601359
2333 0.7 2.28 4 1.4187372 0.0035807993 0.0018307184 0.0054115177
2334 0.75 2.28 5 1.7353574 0.0044723133 0.002288398 0.0067607112
2335 0.8 2.28 2 0.7728053 0.0017869787 0.0009153592 0.0027023379
2336 0.85 2.28 3 1.0910994 0.0026768473 0.0013730388 0.0040498861
2337 0.9 2.28 4 1.4102521 0.0035633792 0.0018307184 0.0053940976
2338 0.95 2.28 5 1.7302695 0.0044459007 0.002288398 0.0067342987
2339 1 2.28 2 0.77115137 0.0017745851 0.0009153592 0.0026899443
2340 1.05 2.28 3 1.0928914 0.0026555604 0.0013730388 0.0040285992
2341 1.1 2.28 4 1.4154771 0.0035314724 0.0018307184 0.0053621908
2342 1.15 2.28 5 1.7388896 0.0044017114 0.002288398 0.0066901094
2343 1.2 2.28 2 0.78310451 0.0017552313 0.0009153592 0.0026705905
2344 1.25 2.28 3 1.1080912 0.0026240851 0.0013730388 0.0039971239
2345 1.3 2.28 4 1.4338138 0.0034863508 0.0018307184 0.0053170692
2346 1.35 2.28 5 1.7602309 0.0043415072 0.002288398 0.0066299052
2347 1.4 2.28 2 0.80729618 0.0017296889 0.0009153592 0.0026450481
2348 1.45 2.28 3 1.1349586 0.0025836762 0.0013730388 0.003956715
2349 1.5 2.28 4 1.463163 0.0034298133 0.0018307184 0.0052605317
2350 1.55 2.28 5 1.7918499 0.0042676882 0.002288398 0.0065560862
2351 1.6 2.28 2 0.84095667 0.0016989763 0.0009153592 0.0026143355
2352 1.65 2.28 3 1.1704176 0.0025359448 0.0013730388 0.0039089836
2353 1.7 2.28 4 1.5001643 0.0033641139 0.0018307184 0.0051948323
2354 1.75 2.28 5 1.8301265 0.0041831973 0.002288398 0.0064715953
2355 1.8 2.28 2 0.88023216 0.0016643177 0.0009153592 0.0025796769
2356 1.85 2.28 3 1.2104084 0.0024827937 0.0013730388 0.0038558325
2357 1.9 2.28 4 1.5405816 0.0032918717 0.0018307184 0.0051225901
2358 1.95 2.28 5 1.8706785 0.0040914029 0.002288398 0.0063798009
2359 2 2.28 2 0.92062598 0.001627095 0.0009153592 0.0025424542
2360 2.05 2.28 3 1.2503524 0.0024263418 0.0013730388 0.0037993806
2361 2.1 2.28 4 1.5797874 0.003215967 0.0018307184 0.0050466854
2362 2.15 2.28 5 1.9088629 0.0039959645 0.002288398 0.0062843625
2363 2.2 2.28 2 0.95751341 0.0015887922 0.0009153592 0.0025041514
2364 2.25 2.28 3 1.2856764 0.0023688398 0.0013730388 0.0037418786
2365 2.3 2.28 4 1.613293 0.0031394257 0.0018307184 0.004970144
2366 2.35 2.28 5 1.9403081 0.0039006871 0.002288398 0.006189085
2367 2.4 2.28 2 0.98667118 0.0015509361 0.0009153592 0.0024662953
2368 2.45 2.28 3 1.3123362 0.00231258 0.0013730388 0.0036856188
2369 2.5 2.28 4 1.6372623 0.0030652992 0.0018307184 0.0048960176
2370 2.55 2.28 5 1.9614139 0.0038093689 0.002288398 0.0060977669
2371 2.6 2.28 2 1.004761 0.0015150361 0.0009153592 0.0024303953
2372 2.65 2.28 3 1.3272795 0.0022598054 0.0013730388 0.0036328442
2373 2.7 2.28 4 1.6489511 0.0029965429 0.0018307184 0.0048272613
2374 2.75 2.28 5 1.9697638 0.0037256506 0.002288398 0.0060140486
2375 2.8 2.28 2 1.0097118 0.0014825233 0.0009153592 0.0023978825
2376 2.85 2.28 3 1.3287953 0.00221262 0.0013730388 0.0035856588
2377 2.9 2.28 4 1.6470211 0.0029358978 0.0018307184 0.0047666162
2378 2.95 2.28 5 1.9644019 0.0036528697 0.002288398 0.0059412677
2379 3 2.28 2 1.0009566 0.0014546939 0.0009153592 0.0023700531
2380 0 2.34 4 1.53 0.0035231249 0.0018246364 0.0053477613
2381 0.05 2.34 5 1.8399042 0.0044163631 0.0022807955 0.0066971587
2382 0.1 2.34 2 0.86988122 0.0017711118 0.00091231821 0.00268343
2383 0.15 2.34 3 1.1800036 0.002662876 0.0013684773 0.0040313533
2384 0.2 2.34 4 1.4903425 0.003557903 0.0018246364 0.0053825394
2385 0.25 2.34 5 1.8009678 0.0044555126 0.0022807955 0.0067363081
2386 0.3 2.34 2 0.83194708 0.0017850032 0.00091231821 0.0026973214
2387 0.35 2.34 3 1.1433456 0.0026810083 0.0013684773 0.0040494856
2388 0.4 2.34 4 1.4552254 0.0035784127 0.0018246364 0.0054030491
2389 0.45 2.34 5 1.7676451 0.0044765022 0.0022807955 0.0067572978
2390 0.5 2.34 2 0.80065945 0.001791519 0.00091231821 0.0027038372
2391 0.55 2.34 3 1.1143189 0.0026879377 0.0013684773 0.004056415
2392 0.6 2.34 4 1.4286693 0.0035838363 0.0018246364 0.0054084727
2393 0.65 2.34 5 1.7437513 0.0044784952 0.0022807955 0.0067592907
2394 0.7 2.34 2 0.77960049 0.0017903996 0.00091231821 0.0027027179
2395 0.75 2.34 3 1.0962468 0.002683388 0.0013684773 0.0040518653
2396 0.8 2.34 4 1.4137146 0.0035739575 0.0018246364 0.0053985939
2397 0.85 2.34 5 1.732022 0.0044614121 0.0022807955 0.0067422076
2398 0.9 2.34 2 0.77118124 0.0017816896 0.00091231821 0.0026940078
2399 0.95 2.34 3 1.0911985 0.0026675404 0.0013684773 0.0040360177
2400 1 2.34 4 1.4120735 0.0035491702 0.0018246364 0.0053738066
2401 1.05 2.34 5 1.7338 0.0044259339 0.0022807955 0.0067067295
2402 1.1 2.34 2 0.77636562 0.0017657362 0.00091231821 0.0026780544
2403 1.15 2.34 3 1.0997517 0.0026410269 0.0013684773 0.0040095042
2404 1.2 2.34 4 1.4239339 0.0035104626 0.0018246364 0.005335099
2405 1.25 2.34 5 1.7488819 0.0043734751 0.0022807955 0.0066542707
2406 1.3 2.34 2 0.79456009 0.0017431754 0.00091231821 0.0026554936
2407 1.35 2.34 3 1.1209274 0.0026049043 0.0013684773 0.0039733816
2408 1.4 2.34 4 1.4479379 0.0034593779 0.0018246364 0.0052840143
2409 1.45 2.34 5 1.7755409 0.0043061271 0.0022807955 0.0065869226
2410 1.5 2.34 2 0.82368153 0.0017149067 0.00091231821 0.0026272249
2411 1.55 2.34 3 1.152301 0.0025606129 0.0013684773 0.0039290902
2412 1.6 2.34 4 1.4813372 0.0033979525 0.0018246364 0.0052225889
2413 1.65 2.34 5 1.8107247 0.0042265747 0.0022807955 0.0065073702
2414 1.7 2.34 2 0.86039582 0.0016820569 0.00091231821 0.0025943751
2415 1.75 2.34 3 1.1902807 0.0025099184 0.0013684773 0.0038783957
2416 1.8 2.34 4 1.520308 0.0033286354 0.0018246364 0.0051532719
2417 1.85 2.34 5 1.8504052 0.0041379894 0.0022807955 0.006418785
2418 1.9 2.34 2 0.90049951 0.0016459359 0.00091231821 0.0025582541
2419 1.95 2.34 3 1.230518 0.0024548417 0.0013684773 0.003823319
2420 2 2.34 4 1.5603884 0.0032541901 0.0018246364 0.0050788265
2421 2.05 2.34 5 1.8900393 0.004043903 0.0022807955 0.0063246986
2422 2.1 2.34 2 0.93940111 0.0016079835 0.00091231821 0.0025203017
2423 2.15 2.34 3 1.2684062 0.0023975787 0.0013684773 0.003766056
2424 2.2 2.34 4 1.5969896 0.0031775843 0.0018246364 0.0050022208
2425 2.25 2.34 5 1.9250893 0.0039480663 0.0022807955 0.0062288619
2426 2.3 2.34 2 0.97264674 0.0015697128 0.00091231821 0.002482031
2427 2.35 2.34 3 1.2996074 0.0023404122 0.0013684773 0.0037088895
2428 2.4 2.34 4 1.6259211 0.0031018722 0.0018246364 0.0049265086
2429 2.45 2.34 5 1.9515422 0.0038543001 0.0022807955 0.0061350956
2430 2.5 2.34 2 0.99643009 0.0015326496 0.00091231821 0.0024449678
2431 2.55 2.34 3 1.3205495 0.0022856213 0.0013684773 0.0036540986
2432 2.6 2.34 4 1.6438706 0.0030300721 0.0018246364 0.0048547086
2433 2.65 2.34 5 1.9663695 0.0037663424 0.0022807955 0.0060471379
2434 2.7 2.34 2 1.0080282 0.0014982715 0.00091231821 0.0024105897
2435 2.75 2.34 3 1.3288346 0.0022353903 0.0013684773 0.0036038677
2436 2.8 2.34 4 1.648783 0.0029650466 0.0018246364 0.004789683
2437 2.85 2.34 5 1.9678736 0.0036876999 0.0022807955 0.0059684955
2438 2.9 2.34 2 1.0061132 0.0014679489 0.00091231821 0.0023802671
2439 2.95 2.34 3 1.3235143 0.0021917218 0.0013684773 0.0035601991
2440 3 2.34 4 1.6400958 0.0029093878 0.0018246364 0.0047340243
2441 0 2.4 2 0.89 0.0017615624 0.00090959279 0.0026711552
2442 0.05 2.4 3 1.2000543 0.0026498179 0.0013643892 0.0040142071
2443 0.1 2.4 4 1.5101804 0.0035422236 0.0018191856 0.0053614092
2444 0.15 2.4 5 1.8204496 0.0044381267 0.002273982 0.0067121087
2445 0.2 2.4 2 0.85093224 0.0017789515 0.00090959279 0.0026885443
2446 0.25 2.4 3 1.1616969 0.0026733076 0.0013643892 0.0040376967
2447 0.3 2.4 4 1.4728104 0.0035700063 0.0018191856 0.0053891919
2448 0.35 2.4 5 1.7843368 0.0044683472 0.002273982 0.0067423292
2449 0.4 2.4 2 0.81633737 0.0017892063 0.00090959279 0.0026987991
2450 0.45 2.4 3 1.1288698 0.0026859013 0.0013643892 0.0040502905
2451 0.5 2.4 4 1.4419881 0.0035830381 0.0018191856 0.0054022236
2452 0.55 2.4 5 1.7557418 0.0044798962 0.002273982 0.0067538782
2453 0.6 2.4 2 0.79017618 0.0017919181 0.00090959279 0.0027015109
2454 0.65 2.4 3 1.1053313 0.0026870971 0.0013643892 0.0040514863
2455 0.7 2.4 4 1.4212423 0.0035807993 0.0018191856 0.0053999849
2456 0.75 2.4 5 1.7379385 0.0044723133 0.002273982 0.0067462952
2457 0.8 2.4 2 0.77544389 0.0017869787 0.00090959279 0.0026965715
2458 0.85 2.4 3 1.0937765 0.0026768473 0.0013643892 0.0040412364
2459 0.9 2.4 4 1.4129482 0.0035633792 0.0018191856 0.0053825648
2460 0.95 2.4 5 1.7329652 0.0044459007 0.002273982 0.0067198826
2461 1 2.4 2 0.77382721 0.0017745851 0.00090959279 0.0026841779
2462 1.05 2.4 3 1.0955281 0.0026555604 0.0013643892 0.0040199495
2463 1.1 2.4 4 1.4180555 0.0035314724 0.0018191856 0.005350658
2464 1.15 2.4 5 1.7413913 0.0044017114 0.002273982 0.0066756934
2465 1.2 2.4 2 0.78551122 0.0017552313 0.00090959279 0.0026648241
2466 1.25 2.4 3 1.1103857 0.0026240851 0.0013643892 0.0039884743
2467 1.3 2.4 4 1.4359794 0.0034863508 0.0018191856 0.0053055364
2468 1.35 2.4 5 1.762252 0.0043415072 0.002273982 0.0066154892
2469 1.4 2.4 2 0.80915823 0.0017296889 0.00090959279 0.0026392817
2470 1.45 2.4 3 1.1366482 0.0025836762 0.0013643892 0.0039480654
2471 1.5 2.4 4 1.4646678 0.0034298133 0.0018191856 0.0052489989
2472 1.55 2.4 5 1.7931591 0.0042676882 0.002273982 0.0065416701
2473 1.6 2.4 2 0.84206087 0.0016989763 0.00090959279 0.002608569
2474 1.65 2.4 3 1.1713088 0.0025359448 0.0013643892 0.003900334
2475 1.7 2.4 4 1.5008361 0.0033641139 0.0018191856 0.0051832994
2476 1.75 2.4 5 1.8305739 0.0041831973 0.002273982 0.0064571792
2477 1.8 2.4 2 0.88045208 0.0016643177 0.00090959279 0.0025739105
2478 1.85 2.4 3 1.2103992 0.0024827937 0.0013643892 0.0038471828
2479 1.9 2.4 4 1.5403434 0.0032918717 0.0018191856 0.0051110573
2480 1.95 2.4 5 1.8702129 0.0040914029 0.002273982 0.0063653848
2481 2 2.4 2 0.91993645 0.001627095 0.00090959279 0.0025366878
2482 2.05 2.4 3 1.2494439 0.0024263418 0.0013643892 0.003790731
2483 2.1 2.4 4 1.5786664 0.003215967 0.0018191856 0.0050351525
2484 2.15 2.4 5 1.9075376 0.0039959645 0.002273982 0.0062699465
2485 2.2 2.4 2 0.95599337 0.0015887922 0.00090959279 0.002498385
2486 2.25 2.4 3 1.2839726 0.0023688398 0.0013643892 0.003733229
2487 2.3 2.4 4 1.6114177 0.0031394257 0.0018191856 0.0049586112
2488 2.35 2.4 5 1.9382749 0.0039006871 0.002273982 0.006174669
2489 2.4 2.4 2 0.98449467 0.0015509361 0.00090959279 0.0024605289
2490 2.45 2.4 3 1.3100321 0.00231258 0.0013643892 0.0036769692
2491 2.5 2.4 4 1.6348473 0.0030652992 0.0018191856 0.0048844848
2492 2.55 2.4 5 1.9589055 0.0038093689 0.002273982 0.0060833508
2493 2.6 2.4 2 1.0021772 0.0015150361 0.00090959279 0.0024246289
2494 2.65 2.4 3 1.324639 0.0022598054 0.0013643892 0.0036241946
2495 2.7 2.4 4 1.646273 0.0029965429 0.0018191856 0.0048157285
2496 2.75 2.4 5 1.9670674 0.0037256506 0.002273982 0.0059996325
2497 2.8 2.4 2 1.0070165 0.0014825233 0.00090959279 0.0023921161
2498 2.85 2.4 3 1.3261207 0.00221262 0.0013643892 0.0035770091
2499 2.9 2.4 4 1.6443864 0.0029358978 0.0018191856 0.0047550834
2500 2.95 2.4 5 1.9618262 0.0036528697 0.002273982 0.0059268517
2501 3 2.4 2 0.9984585 0.0014546939 0.00090959279 0.0023642867
200 2501 12505
1 0 0 3 1.21 0.0026618777 0.0016238003 0.004285678
2 0.05 0 4 1.5401877 0.0035407471 0.0021650671 0.0057058143
3 0.1 0 5 1.8703019 0.0044143405 0.0027063339 0.0071206744
4 0.15 0 2 0.92026945 0.0017606846 0.0010825336 0.0028432181
5 0.2 0 3 1.2500185 0.002632847 0.0016238003 0.0042566473
6 0.25 0 4 1.5794785 0.0034987801 0.0021650671 0.0056638472
7 0.3 0 5 1.9085813 0.0043579385 0.0027063339 0.0070642724
8 0.35 0 2 0.95726105 0.0017366029 0.0010825336 0.0028191364
9 0.4 0 3 1.2854552 0.0025945334 0.0016238003 0.0042183337
10 0.45 0 4 1.6131044 0.0034449016 0.0021650671 0.0056099688
11 0.5 0 5 1.9401536 0.0042872666 0.0027063339 0.0069936005
12 0.55 0 2 0.98655189 0.0017070753 0.0010825336 0.0027896088
13 0.6 0 3 1.312253 0.0025484644 0.0016238003 0.0041722647
14 0.65 0 4 1.6372157 0.0033812597 0.0021650671 0.0055463269
15 0.7 0 5 1.9614043 0.0042051423 0.0027063339 0.0069114762
16 0.75 0 2 1.0047884 0.0016732789 0.0010825336 0.0027558125
17 0.8 0 3 1.3273438 0.0024964766 0.0016238003 0.0041202769
18 0.85 0 4 1.6490518 0.0033103916 0.0021650671 0.0054754587
19 0.9 0 5 1.9699002 0.0041148397 0.0027063339 0.0068211736
20 0.95 0 2 1.0098828 0.0016365611 0.0010825336 0.0027190947
21 1 0 3 1.3289998 0.0024406426 0.0016238003 0.0040644429
22 1.05 0 4 1.6472575 0.0032351224 0.0021650671 0.0054001895
23 1.1 0 5 1.9646686 0.0040199587 0.0027063339 0.0067262926
24 1.15 0 2 1.0012517 0.0015983858 0.0010825336 0.0026809194
25 1.2 0 3 1.3170314 0.0023831882 0.0016238003 0.0040069886
26 1.25 0 4 1.6320384 0.0031584531 0.0021650671 0.0053235202
27 1.3 0 5 1.9463085 0.0039242821 0.0027063339 0.006630616
28 1.35 0 2 0.97988327 0.0015602748 0.0010825336 0.0026428084
29 1.4 0 3 1.292809 0.0023264042 0.0016238003 0.0039502045
30 1.45 0 4 1.6051368 0.0030834401 0.0021650671 0.0052485072
31 1.5 0 5 1.916922 0.0038316241 0.0027063339 0.006537958
32 1.55 0 2 0.94822408 0.0015237476 0.0010825336 0.0026062811
33 1.6 0 3 1.2591057 0.0022725541 0.0016238003 0.0038963545
34 1.65 0 4 1.5696327 0.0030130739 0.0021650671 0.005178141
35 1.7 0 5 1.8798736 0.0037456787 0.0027063339 0.0064520126
36 1.75 0 2 0.90989878 0.0014902602 0.0010825336 0.0025727938
37 1.8 0 3 1.2197803 0.0022237849 0.0016238003 0.0038475853
38 1.85 0 4 1.5295911 0.0029501599 0.0021650671 0.0051152271
39 1.9 0 5 1.8394049 0.0036698722 0.0027063339 0.0063762061
40 1.95 0 2 0.86929525 0.0014611479 0.0010825336 0.0025436814
41 2 0 3 1.1793351 0.0021820409 0.0016238003 0.0038058412
42 2.05 0 4 1.4895963 0.0028972063 0.0021650671 0.0050622734
43 2.1 0 5 1.8001493 0.003607227 0.0027063339 0.0063135609
44 2.15 0 2 0.83106222 0.0014375711 0.0010825336 0.0025201047
45 2.2 0 3 1.1424007 0.0021489862 0.0016238003 0.0037727865
46 2.25 0 4 1.4542273 0.0028563241 0.0021650671 0.0050213912
47 2.3 0 5 1.7666011 0.0035602404 0.0027063339 0.0062665743
48 2.35 0 2 0.79957702 0.0014204699 0.0010825336 0.0025030035
49 2.4 0 3 1.1132059 0.0021259386 0.0016238003 0.0037497389
50 2.45 0 4 1.4275336 0.0028291431 0.0021650671 0.0049942103
51 2.5 0 5 1.7426013 0.0035307855 0.0027063339 0.0062371194
52 2.55 0 2 0.77844441 0.001410526 0.0010825336 0.0024930595
53 2.6 0 3 1.095093 0.002113817 0.0016238003 0.0037376173
54 2.65 0 4 1.4125714 0.0028167471 0.0021650671 0.0049818142
55 2.7 0 5 1.7308976 0.0035200368 0.0027063339 0.0062263707
56 2.75 0 2 0.77008387 0.0014081358 0.0010825336 0.0024906693
57 2.8 0 3 1.090136 0.0021131046 0.0016238003 0.0037369049
58 2.85 0 4 1.4110536 0.0028196301 0.0021650671 0.0049846973
59 2.9 0 5 1.7328301 0.0035284227 0.0027063339 0.0062347566
60 2.95 0 2 0.77545261 0.0014133946 0.0010825336 0.0024959282
61 3 0 3 1.0989022 0.0021238298 0.0016238003 0.0037476302
62 0 0.06 5 1.85 0.0044364628 0.0026974981 0.0071339608
63 0.05 0.06 2 0.9001518 0.0017703736 0.0010789992 0.0028493728
64 0.1 0.06 3 1.2302303 0.0026486043 0.0016184988 0.0042671031
65 0.15 0.06 4 1.5601627 0.0035213691 0.0021579984 0.0056793676
66 0.2 0.06 5 1.8898773 0.0043880783 0.0026974981 0.0070855763
67 0.25 0.06 2 0.93930404 0.0017493901 0.0010789992 0.0028283893
68 0.3 0.06 3 1.2683747 0.0026147631 0.0016184988 0.0042332619
69 0.35 0.06 4 1.5970239 0.0034732058 0.0021579984 0.0056312042
70 0.4 0.06 5 1.9251891 0.0043242223 0.0026974981 0.0070217204
71 0.45 0.06 2 0.97281142 0.0017224508 0.0010789992 0.00280145
72 0.5 0.06 3 1.2998358 0.00257236 0.0016184988 0.0041908588
73 0.55 0.06 4 1.6262115 0.0034141505 0.0021579984 0.005572149
74 0.6 0.06 5 1.9518924 0.0042474407 0.0026974981 0.0069449387
75 0.65 0.06 2 0.99683767 0.0016906299 0.0010789992 0.0027696291
76 0.7 0.06 3 1.3210115 0.0025230854 0.0016184988 0.0041415842
77 0.75 0.06 4 1.6443837 0.0033465578 0.0021579984 0.0055045563
78 0.8 0.06 5 1.96693 0.0041607943 0.0026974981 0.0068582924
79 0.85 0.06 2 1.008632 0.0016551958 0.0010789992 0.002734195
80 0.9 0.06 3 1.3294774 0.0024689038 0.0016184988 0.0040874026
81 0.95 0.06 4 1.6494601 0.0032731223 0.0021579984 0.0054311207
82 1 0.06 5 1.9685802 0.0040677376 0.0026974981 0.0067652357
83 1.05 0.06 2 1.0068441 0.0016175612 0.0010789992 0.0026965604
84 1.1 0.06 3 1.3242643 0.0024119752 0.0016184988 0.0040304741
85 1.15 0.06 4 1.6408594 0.0031967716 0.0021579984 0.0053547701
86 1.2 0.06 5 1.9566541 0.0039719804 0.0026974981 0.0066694785
87 1.25 0.06 2 0.9916786 0.0015792265 0.0010789992 0.0026582258
88 1.3 0.06 3 1.305969 0.0023545692 0.0016184988 0.0039730681
89 1.35 0.06 4 1.6195663 0.0031205496 0.0021579984 0.0052785481
90 1.4 0.06 5 1.932517 0.0038773403 0.0026974981 0.0065748383
91 1.45 0.06 2 0.96487186 0.00154172 0.0010789992 0.0026207193
92 1.5 0.06 3 1.2766861 0.0022989744 0.0016184988 0.0039174733
93 1.55 0.06 4 1.5880188 0.0030474951 0.0021579984 0.0052054936
94 1.6 0.06 5 1.8989326 0.0037875902 0.0026974981 0.0064850882
95 1.65 0.06 2 0.929493 0.001506537 0.0010789992 0.0025855362
96 1.7 0.06 3 1.2397683 0.0022474072 0.0016184988 0.003865906
97 1.75 0.06 4 1.5498286 0.0029805205 0.0021579984 0.0051385189
98 1.8 0.06 5 1.8597458 0.0037063082 0.0026974981 0.0064038063
99 1.85 0.06 2 0.88959256 0.00147508 0.0010789992 0.0025540792
100 1.9 0.06 3 1.1994423 0.0022019233 0.0016184988 0.0038204222
101 1.95 0.06 4 1.5093683 0.0029222958 0.0021579984 0.0050802942
102 2 0.06 5 1.8194432 0.0036367348 0.0026974981 0.0063342329
103 2.05 0.06 2 0.84973877 0.0014486032 0.0010789992 0.0025276024
104 2.1 0.06 3 1.1603251 0.0021643362 0.0016184988 0.003782835
105 2.15 0.06 4 1.47127 0.0028751423 0.0021579984 0.0050331407
106 2.2 0.06 5 1.7826391 0.0035816436 0.0026974981 0.0062791417
107 2.25 0.06 2 0.81449451 0.001428162 0.0010789992 0.0025071613
108 2.3 0.06 3 1.1268951 0.0021361442 0.0016184988 0.003754643
109 2.35 0.06 4 1.4398958 0.0028409398 0.0021579984 0.0049989383
110 2.4 0.06 5 1.7535472 0.003543231 0.0026974981 0.0062407291
111 2.45 0.06 2 0.78789493 0.0014145716 0.0010789992 0.0024935708
112 2.5 0.06 3 1.10298 0.0021184713 0.0016184988 0.0037369702
113 2.55 0.06 4 1.4188377 0.002821052 0.0021579984 0.0049790504
114 2.6 0.06 5 1.7354982 0.0035230283 0.0026974981 0.0062205264
115 2.65 0.06 2 0.77298542 0.0014083735 0.0010789992 0.0024873728
116 2.7 0.06 3 1.0913176 0.0021120221 0.0016184988 0.0037305209
117 2.75 0.06 4 1.4105067 0.0028162716 0.0021579984 0.00497427
118 2.8 0.06 5 1.7305586 0.003521841 0.0026974981 0.006219339
119 2.85 0.06 2 0.77147299 0.0014098151 0.0010789992 0.0024888143
120 2.9 0.06 3 1.0932432 0.0021170536 0.0016184988 0.0037355525
121 2.95 0.06 4 1.4158565 0.0028267892 0.0021579984 0.0049847877
122 3 0.06 5 1.739294 0.0035397163 0.0026974981 0.0062372144
123 0 0.12 3 1.21 0.0026618777 0.0016127709 0.0042746485
124 0.05 0.12 4 1.5400443 0.0035407471 0.0021503611 0.0056911083
125 0.1 0.12 5 1.8700161 0.0044143405 0.0026879514 0.0071022919
126 0.15 0.12 2 0.91984329 0.0017606846 0.0010751806 0.0028358651
127 0.2 0.12 3 1.249455 0.002632847 0.0016127709 0.0042456178
128 0.25 0.12 4 1.5787819 0.0034987801 0.0021503611 0.0056491413
129 0.3 0.12 5 1.9077565 0.0043579385 0.0026879514 0.0070458899
130 0.35 0.12 2 0.95631409 0.0017366029 0.0010751806 0.0028117835
131 0.4 0.12 3 1.2843928 0.0025945334 0.0016127709 0.0042073043
132 0.45 0.12 4 1.6119344 0.0034449016 0.0021503611 0.0055952628
133 0.5 0.12 5 1.9388844 0.0042872666 0.0026879514 0.0069752181
134 0.55 0.12 2 0.98519255 0.0017070753 0.0010751806 0.0027822558
135 0.6 0.12 3 1.3108134 0.0025484644 0.0016127709 0.0041612353
136 0.65 0.12 4 1.6357062 0.0033812597 0.0021503611 0.0055316209
137 0.7 0.12 5 1.9598358 0.0042051423 0.0026879514 0.0068930938
138 0.75 0.12 2 1.0031723 0.0016732789 0.0010751806 0.0027484595
139 0.8 0.12 3 1.3256917 0.0024964766 0.0016127709 0.0041092474
140 0.85 0.12 4 1.6473757 0.0033103916 0.0021503611 0.0054607527
141 0.9 0.12 5 1.9682121 0.0041148397 0.0026879514 0.0068027911
142 0.95 0.12 2 1.008195 0.0016365611 0.0010751806 0.0027117417
143 1 0.12 3 1.3273244 0.0024406426 0.0016127709 0.0040534134
144 1.05 0.12 4 1.6456067 0.0032351224 0.0021503611 0.0053854836
145 1.1 0.12 5 1.9630542 0.0040199587 0.0026879514 0.0067079102
146 1.15 0.12 2 0.99968537 0.0015983858 0.0010751806 0.0026735664
147 1.2 0.12 3 1.3155246 0.0023831882 0.0016127709 0.0039959591
148 1.25 0.12 4 1.6306018 0.0031584531 0.0021503611 0.0053088142
149 1.3 0.12 5 1.9449526 0.0039242821 0.0026879514 0.0066122335
150 1.35 0.12 2 0.97861782 0.0015602748 0.0010751806 0.0026354554
151 1.4 0.12 3 1.2916431 0.0023264042 0.0016127709 0.003939175
152 1.45 0.12 4 1.604079 0.0030834401 0.0021503611 0.0052338012
153 1.5 0.12 5 1.9159799 0.0038316241 0.0026879514 0.0065195755
154 1.55 0.12 2 0.94740435 0.0015237476 0.0010751806 0.0025989281
155 1.6 0.12 3 1.2584143 0.0022725541 0.0016127709 0.003885325
156 1.65 0.12 4 1.5690748 0.0030130739 0.0021503611 0.0051634351
157 1.7 0.12 5 1.879453 0.0037456787 0.0026879514 0.0064336301
158 1.75 0.12 2 0.90961863 0.0014902602 0.0010751806 0.0025654408
159 1.8 0.12 3 1.2196426 0.0022237849 0.0016127709 0.0038365558
160 1.85 0.12 4 1.5295969 0.0029501599 0.0021503611 0.0051005211
161 1.9 0.12 5 1.8395541 0.0036698722 0.0026879514 0.0063578237
162 1.95 0.12 2 0.86958675 0.0014611479 0.0010751806 0.0025363285
163 2 0.12 3 1.1797668 0.0021820409 0.0016127709 0.0037948117
164 2.05 0.12 4 1.4901651 0.0028972063 0.0021503611 0.0050475674
165 2.1 0.12 5 1.8008511 0.003607227 0.0026879514 0.0062951784
166 2.15 0.12 2 0.831892 0.0014375711 0.0010751806 0.0025127517
167 2.2 0.12 3 1.1433524 0.0021489862 0.0016127709 0.003761757
168 2.25 0.12 4 1.4552941 0.0028563241 0.0021503611 0.0050066852
169 2.3 0.12 5 1.7677752 0.0035602404 0.0026879514 0.0062481918
170 2.35 0.12 2 0.80085007 0.0014204699 0.0010751806 0.0024956505
171 2.4 0.12 3 1.1145686 0.0021259386 0.0016127709 0.0037387095
172 2.45 0.12 4 1.4289762 0.0028291431 0.0021503611 0.0049795043
173 2.5 0.12 5 1.7441133 0.0035307855 0.0026879514 0.006218737
174 2.55 0.12 2 0.78001498 0.001410526 0.0010751806 0.0024857066
175 2.6 0.12 3 1.0967108 0.002113817 0.0016127709 0.0037265879
176 2.65 0.12 4 1.4142246 0.0028167471 0.0021503611 0.0049671082
177 2.7 0.12 5 1.7325744 0.0035200368 0.0026879514 0.0062079883
178 2.75 0.12 2 0.77177215 0.0014081358 0.0010751806 0.0024833164
179 2.8 0.12 3 1.0918235 0.0021131046 0.0016127709 0.0037258755
180 2.85 0.12 4 1.4127282 0.0028196301 0.0021503611 0.0049699913
181 2.9 0.12 5 1.7344797 0.0035284227 0.0026879514 0.0062163742
182 2.95 0.12 2 0.7770653 0.0014133946 0.0010751806 0.0024885752
183 3 0.12 3 1.1004664 0.0021238298 0.0016127709 0.0037366007
184 0 0.18 5 1.85 0.0044364628 0.0026777284 0.0071141911
185 0.05 0.18 2 0.89986595 0.0017703736 0.0010710914 0.0028414649
186 0.1 0.18 3 1.2296607 0.0026486043 0.001606637 0.0042552413
187 0.15 0.18 4 1.5593134 0.0035213691 0.0021421827 0.0056635518
188 0.2 0.18 5 1.8887545 0.0043880783 0.0026777284 0.0070658067
189 0.25 0.18 2 0.93791575 0.0017493901 0.0010710914 0.0028204814
190 0.3 0.18 3 1.266731 0.0026147631 0.001606637 0.0042214001
191 0.35 0.18 4 1.5951367 0.0034732058 0.0021421827 0.0056153885
192 0.4 0.18 5 1.923072 0.0043242223 0.0026777284 0.0070019507
193 0.45 0.18 2 0.97047964 0.0017224508 0.0010710914 0.0027935422
194 0.5 0.18 3 1.2973062 0.00257236 0.001606637 0.004178997
195 0.55 0.18 4 1.6235024 0.0034141505 0.0021421827 0.0055563333
196 0.6 0.18 5 1.9490234 0.0042474407 0.0026777284 0.006925169
197 0.65 0.18 2 0.99382937 0.0016906299 0.0010710914 0.0027617212
198 0.7 0.18 3 1.3178856 0.0025230854 0.001606637 0.0041297224
199 0.75 0.18 4 1.6411629 0.0033465578 0.0021421827 0.0054887405
200 0.8 0.18 5 1.9636375 0.0041607943 0.0026777284 0.0068385227
201 0.85 0.18 2 1.0052916 0.0016551958 0.0010710914 0.0027262871
202 0.9 0.18 3 1.3261132 0.0024689038 0.001606637 0.0040755408
203 0.95 0.18 4 1.6460964 0.0032731223 0.0021421827 0.005415305
204 1 0.18 5 1.9652412 0.0040677376 0.0026777284 0.006745466
205 1.05 0.18 2 1.003554 0.0016175612 0.0010710914 0.0026886526
206 1.1 0.18 3 1.3210469 0.0024119752 0.001606637 0.0040186123
207 1.15 0.18 4 1.6377379 0.0031967716 0.0021421827 0.0053389543
208 1.2 0.18 5 1.9536509 0.0039719804 0.0026777284 0.0066497088
209 1.25 0.18 2 0.98881556 0.0015792265 0.0010710914 0.0026503179
210 1.3 0.18 3 1.3032667 0.0023545692 0.001606637 0.0039612063
211 1.35 0.18 4 1.6170444 0.0031205496 0.0021421827 0.0052627324
212 1.4 0.18 5 1.9301935 0.0038773403 0.0026777284 0.0065550687
213 1.45 0.18 2 0.96276365 0.00154172 0.0010710914 0.0026128114
214 1.5 0.18 3 1.2748084 0.0022989744 0.001606637 0.0039056115
215 1.55 0.18 4 1.5863851 0.0030474951 0.0021421827 0.0051896778
216 1.6 0.18 5 1.8975547 0.0037875902 0.0026777284 0.0064653186
217 1.65 0.18 0 0.28838097 0 0 0
218 1.7 0.18 0 0.27893008 0 0 0
219 1.75 0.18 0 0.26927029 0 0 0
220 1.8 0.18 0 0.25947136 0 0 0
221 1.85 0.18 2 0.88960403 0.00147508 0.0010710914 0.0025461713
222 1.9 0.18 3 1.1997396 0.0022019233 0.001606637 0.0038085604
223 1.95 0.18 4 1.5099492 0.0029222958 0.0021421827 0.0050644785
224 2 0.18 5 1.8203036 0.0036367348 0.0026777284 0.0063144632
225 2.05 0.18 2 0.85087243 0.0014486032 0.0010710914 0.0025196945
226 2.1 0.18 3 1.1617238 0.0021643362 0.001606637 0.0037709732
227 2.15 0.18 4 1.4729237 0.0028751423 0.0021421827 0.005017325
228 2.2 0.18 5 1.7845358 0.0035816436 0.0026777284 0.006259372
229 2.25 0.18 2 0.81662057 0.001428162 0.0010710914 0.0024992534
230 2.3 0.18 3 1.1292352 0.0021361442 0.001606637 0.0037427812
231 2.35 0.18 4 1.442433 0.0028409398 0.0021421827 0.0049831225
232 2.4 0.18 5 1.756263 0.003543231 0.0026777284 0.0062209594
233 2.45 0.18 2 0.79076997 0.0014145716 0.0010710914 0.0024856629
234 2.5 0.18 3 1.1059934 0.0021184713 0.001606637 0.0037251084
235 2.55 0.18 4 1.4219678 0.002821052 0.0021421827 0.0049632347
236 2.6 0.18 5 1.7387223 0.0035230283 0.0026777284 0.0062007567
237 2.65 0.18 2 0.77628028 0.0014083735 0.0010710914 0.0024794649
238 2.7 0.18 3 1.0946594 0.0021120221 0.001606637 0.0037186591
239 2.75 0.18 4 1.4138713 0.0028162716 0.0021421827 0.0049584543
240 2.8 0.18 5 1.7339218 0.003521841 0.0026777284 0.0061995694
241 2.85 0.18 2 0.77481044 0.0014098151 0.0010710914 0.0024809064
242 2.9 0.18 3 1.0965308 0.0021170536 0.001606637 0.0037236907
243 2.95 0.18 4 1.4190705 0.0028267892 0.0021421827 0.0049689719
244 3 0.18 5 1.7424112 0.0035397163 0.0026777284 0.0062174447
245 0 0.24 3 1.21 0.0026618777 0.0016001194 0.0042619971
246 0.05 0.24 4 1.539618 0.0035407471 0.0021334926 0.0056742397
247 0.1 0.24 5 1.8691666 0.0044143405 0.0026668657 0.0070812062
248 0.15 0.24 2 0.91857681 0.0017606846 0.0010667463 0.0028274309
249 0.2 0.24 3 1.2477807 0.002632847 0.0016001194 0.0042329664
250 0.25 0.24 4 1.5767117 0.0034987801 0.0021334926 0.0056322727
251 0.3 0.24 5 1.9053055 0.0043579385 0.0026668657 0.0070248042
252 0.35 0.24 2 0.95349988 0.0017366029 0.0010667463 0.0028033492
253 0.4 0.24 3 1.2812358 0.0025945334 0.0016001194 0.0041946528
254 0.45 0.24 4 1.6084573 0.0034449016 0.0021334926 0.0055783942
255 0.5 0.24 5 1.9351124 0.0042872666 0.0026668657 0.0069541323
256 0.55 0.24 2 0.98115281 0.0017070753 0.0010667463 0.0027738216
257 0.6 0.24 3 1.3065351 0.0025484644 0.0016001194 0.0041485838
258 0.65 0.24 4 1.6312203 0.0033812597 0.0021334926 0.0055147523
259 0.7 0.24 5 1.9551747 0.0042051423 0.0026668657 0.006872008
260 0.75 0.24 2 0.99836959 0.0016732789 0.0010667463 0.0027400252
261 0.8 0.24 3 1.320782 0.0024964766 0.0016001194 0.004096596
262 0.85 0.24 4 1.6423945 0.0033103916 0.0021334926 0.0054438841
263 0.9 0.24 5 1.9631955 0.0041148397 0.0026668657 0.0067817054
264 0.95 0.24 2 1.0031791 0.0016365611 0.0010667463 0.0027033074
265 1 0.24 3 1.3223454 0.0024406426 0.0016001194 0.004040762
266 1.05 0.24 4 1.6407006 0.0032351224 0.0021334926 0.005368615
267 1.1 0.24 5 1.9582564 0.0040199587 0.0026668657 0.0066868244
268 1.15 0.24 2 0.99503059 0.0015983858 0.0010667463 0.0026651321
269 1.2 0.24 3 1.3110464 0.0023831882 0.0016001194 0.0039833077
270 1.25 0.24 4 1.6263325 0.0031584531 0.0021334926 0.0052919456
271 1.3 0.24 5 1.9409231 0.0039242821 0.0026668657 0.0065911478
272 1.35 0.24 2 0.97485709 0.0015602748 0.0010667463 0.0026270211
273 1.4 0.24 0 0.32817841 0 0 0
274 1.45 0.24 0 0.32093522 0 0 0
275 1.5 0.24 0 0.31317984 0 0 0
276 1.55 0.24 0 0.30496825 0 0 0
277 1.6 0.24 0 0.29635976 0 0 0
278 1.65 0.24 0 0.28741652 0 0 0
279 1.7 0.24 0 0.27820311 0 0 0
280 1.75 0.24 0 0.26878606 0 0 0
281 1.8 0.24 0 0.25923336 0 0 0
282 1.85 0.24 0 0.24961398 0 0 0
283 1.9 0.24 0 0.2399974 0 0 0
284 1.95 0.24 0 0.23045304 0 0 0
285 2 0.24 0 0.22104982 0 0 0
286 2.05 0.24 0 0.21185564 0 0 0
287 2.1 0.24 5 1.8029369 0.003607227 0.0026668657 0.0062740927
288 2.15 0.24 2 0.83435796 0.0014375711 0.0010667463 0.0025043174
289 2.2 0.24 3 1.1461808 0.0021489862 0.0016001194 0.0037491056
290 2.25 0.24 4 1.4584645 0.0028563241 0.0021334926 0.0049898167
291 2.3 0.24 5 1.7712647 0.0035602404 0.0026668657 0.0062271061
292 2.35 0.24 2 0.80463338 0.0014204699 0.0010667463 0.0024872162
293 2.4 0.24 3 1.1186185 0.0021259386 0.0016001194 0.003726058
294 2.45 0.24 4 1.4332634 0.0028291431 0.0021334926 0.0049626357
295 2.5 0.24 5 1.7486069 0.0035307855 0.0026668657 0.0061976512
296 2.55 0.24 2 0.78468248 0.001410526 0.0010667463 0.0024772723
297 2.6 0.24 3 1.1015185 0.002113817 0.0016001194 0.0037139364
298 2.65 0.24 4 1.4191379 0.0028167471 0.0021334926 0.0049502397
299 2.7 0.24 5 1.7375577 0.0035200368 0.0026668657 0.0061869025
300 2.75 0.24 2 0.77678945 0.0014081358 0.0010667463 0.0024748821
301 2.8 0.24 3 1.0968387 0.0021131046 0.0016001194 0.003713224
302 2.85 0.24 4 1.417705 0.0028196301 0.0021334926 0.0049531227
303 2.9 0.24 5 1.7393821 0.0035284227 0.0026668657 0.0061952885
304 2.95 0.24 2 0.78185797 0.0014133946 0.0010667463 0.0024801409
305 3 0.24 3 1.1051147 0.0021238298 0.0016001194 0.0037239492
306 0 0.3 5 1.85 0.0044364628 0.0026554025 0.0070918653
307 0.05 0.3 2 0.8993023 0.0017703736 0.001062161 0.0028325346
308 0.1 0.3 3 1.2285374 0.0026486043 0.0015932415 0.0042418458
309 0.15 0.3 4 1.5576387 0.0035213691 0.002124322 0.0056456911
310 0.2 0.3 5 1.8865404 0.0043880783 0.0026554025 0.0070434808
311 0.25 0.3 2 0.93517827 0.0017493901 0.001062161 0.0028115511
312 0.3 0.3 3 1.2634899 0.0026147631 0.0015932415 0.0042080046
313 0.35 0.3 4 1.5914153 0.0034732058 0.002124322 0.0055975278
314 0.4 0.3 5 1.9188973 0.0043242223 0.0026554025 0.0069796248
315 0.45 0.3 2 0.96588174 0.0017224508 0.001062161 0.0027846118
316 0.5 0.3 3 1.2923183 0.00257236 0.0015932415 0.0041656015
317 0.55 0.3 4 1.6181605 0.0034141505 0.002124322 0.0055384725
318 0.6 0.3 5 1.943366 0.0042474407 0.0026554025 0.0069028432
319 0.65 0.3 2 0.98789747 0.0016906299 0.001062161 0.0027527909
320 0.7 0.3 3 1.311722 0.0025230854 0.0015932415 0.0041163269
321 0.75 0.3 4 1.6348121 0.0033465578 0.002124322 0.0054708798
322 0.8 0.3 5 1.9571453 0.0041607943 0.0026554025 0.0068161968
323 0.85 0.3 2 0.99870485 0.0016551958 0.001062161 0.0027173568
324 0.9 0.3 3 1.3194795 0.0024689038 0.0015932415 0.0040621453
325 0.95 0.3 4 1.6394636 0.0032731223 0.002124322 0.0053974443
326 1 0.3 5 1.9586574 0.0040677376 0.0026554025 0.0067231401
327 1.05 0.3 2 0.99706654 0.0016175612 0.001062161 0.0026797222
328 1.1 0.3 3 1.3147026 0.0024119752 0.0015932415 0.0040052167
329 1.15 0.3 4 1.6315827 0.0031967716 0.002124322 0.0053210936
330 1.2 0.3 5 1.9477292 0.0039719804 0.0026554025 0.0066273829
331 1.25 0.3 0 0.34317011 0 0 0
332 1.3 0.3 0 0.33793825 0 0 0
333 1.35 0.3 0 0.33207142 0 0 0
334 1.4 0.3 0 0.32561198 0 0 0
335 1.45 0.3 0 0.31860657 0 0 0
336 1.5 0.3 0 0.31110578 0 0 0
337 1.55 0.3 0 0.30316376 0 0 0
338 1.6 0.3 0 0.29483787 0 0 0
339 1.65 0.3 0 0.28618822 0 0 0
340 1.7 0.3 0 0.27727727 0 0 0
341 1.75 0.3 0 0.26816935 0 0 0
342 1.8 0.3 0 0.25893025 0 0 0
343 1.85 0.3 0 0.24962666 0 0 0
344 1.9 0.3 0 0.24032576 0 0 0
345 1.95 0.3 0 0.23109472 0 0 0
346 2 0.3 0 0.22200019 0 0 0
347 2.05 0.3 0 0.21310783 0 0 0
348 2.1 0.3 0 0.20448187 0 0 0
349 2.15 0.3 0 0.19618457 0 0 0
350 2.2 0.3 0 0.18827585 0 0 0
351 2.25 0.3 2 0.82081282 0.001428162 0.001062161 0.002490323
352 2.3 0.3 3 1.1338494 0.0021361442 0.0015932415 0.0037293857
353 2.35 0.3 4 1.4474358 0.0028409398 0.002124322 0.0049652618
354 2.4 0.3 5 1.7616184 0.003543231 0.0026554025 0.0061986335
355 2.45 0.3 2 0.7964391 0.0014145716 0.001062161 0.0024767326
356 2.5 0.3 3 1.1119354 0.0021184713 0.0015932415 0.0037117128
357 2.55 0.3 4 1.4281398 0.002821052 0.002124322 0.004945374
358 2.6 0.3 5 1.7450797 0.0035230283 0.0026554025 0.0061784308
359 2.65 0.3 2 0.78277722 0.0014083735 0.001062161 0.0024705345
360 2.7 0.3 3 1.1012489 0.0021120221 0.0015932415 0.0037052636
361 2.75 0.3 4 1.4205059 0.0028162716 0.002124322 0.0049405936
362 2.8 0.3 5 1.7405535 0.003521841 0.0026554025 0.0061772435
363 2.85 0.3 2 0.78139135 0.0014098151 0.001062161 0.0024719761
364 2.9 0.3 3 1.1030134 0.0021170536 0.0015932415 0.0037102951
365 2.95 0.3 4 1.425408 0.0028267892 0.002124322 0.0049511112
366 3 0.3 5 1.7485579 0.0035397163 0.0026554025 0.0061951188
367 0 0.36 3 1.21 0.0026618777 0.001586028 0.0042479057
368 0.05 0.36 4 1.538921 0.0035407471 0.002114704 0.0056554511
369 0.1 0.36 5 1.8677775 0.0044143405 0.00264338 0.0070577205
370 0.15 0.36 2 0.91650568 0.0017606846 0.001057352 0.0028180366
371 0.2 0.36 3 1.2450425 0.002632847 0.001586028 0.004218875
372 0.25 0.36 4 1.5733262 0.0034987801 0.002114704 0.0056134841
373 0.3 0.36 5 1.9012971 0.0043579385 0.00264338 0.0070013185
374 0.35 0.36 2 0.94889767 0.0017366029 0.001057352 0.0027939549
375 0.4 0.36 3 1.2760729 0.0025945334 0.001586028 0.0041805614
376 0.45 0.36 4 1.6027711 0.0034449016 0.002114704 0.0055596056
377 0.5 0.36 5 1.9289437 0.0042872666 0.00264338 0.0069306466
378 0.55 0.36 2 0.97454642 0.0017070753 0.001057352 0.0027644273
379 0.6 0.36 3 1.2995386 0.0025484644 0.001586028 0.0041344924
380 0.65 0.36 4 1.6238843 0.0033812597 0.002114704 0.0054959637
381 0.7 0.36 5 1.947552 0.0042051423 0.00264338 0.0068485223
382 0.75 0.36 2 0.9905154 0.0016732789 0.001057352 0.0027306309
383 0.8 0.36 3 1.312753 0.0024964766 0.001586028 0.0040825046
384 0.85 0.36 4 1.6342486 0.0033103916 0.002114704 0.0054250956
385 0.9 0.36 5 1.9549915 0.0041148397 0.00264338 0.0067582197
386 0.95 0.36 2 0.9949763 0.0016365611 0.001057352 0.0026939131
387 1 0.36 3 1.3142031 0.0024406426 0.001586028 0.0040266706
388 1.05 0.36 4 1.6326775 0.0032351224 0.002114704 0.0053498264
389 1.1 0.36 0 0.35041044 0 0 0
390 1.15 0.36 0 0.34741839 0 0 0
391 1.2 0.36 0 0.34372292 0 0 0
392 1.25 0.36 0 0.3393507 0 0 0
393 1.3 0.36 0 0.33433332 0 0 0
394 1.35 0.36 0 0.32870699 0 0 0
395 1.4 0.36 0 0.32251235 0 0 0
396 1.45 0.36 0 0.31579412 0 0 0
397 1.5 0.36 5 1.9086008 0.0038316241 0.00264338 0.006475004
398 1.55 0.36 2 0.94098437 0.0015237476 0.001057352 0.0025810996
399 1.6 0.36 3 1.2529998 0.0022725541 0.001586028 0.0038585821
400 1.65 0.36 4 1.5647047 0.0030130739 0.002114704 0.0051277779
401 1.7 0.36 5 1.8761591 0.0037456787 0.00264338 0.0063890586
402 1.75 0.36 2 0.90742452 0.0014902602 0.001057352 0.0025476122
403 1.8 0.36 3 1.2185642 0.0022237849 0.001586028 0.0038098129
404 1.85 0.36 4 1.529642 0.0029501599 0.002114704 0.0050648639
405 1.9 0.36 5 1.8407223 0.0036698722 0.00264338 0.0063132522
406 1.95 0.36 2 0.87186972 0.0014611479 0.001057352 0.0025184999
407 2 0.36 0 0.22314801 0 0 0
408 2.05 0.36 0 0.21462019 0 0 0
409 2.1 0.36 0 0.20634783 0 0 0
410 2.15 0.36 0 0.19839067 0 0 0
411 2.2 0.36 0 0.19080617 0 0 0
412 2.25 0.36 0 0.18364908 0 0 0
413 2.3 0.36 0 0.17697108 0 0 0
414 2.35 0.36 2 0.81082041 0.0014204699 0.001057352 0.0024778219
415 2.4 0.36 3 1.1252415 0.0021259386 0.001586028 0.0037119666
416 2.45 0.36 4 1.4402745 0.0028291431 0.002114704 0.0049438471
417 2.5 0.36 5 1.7559555 0.0035307855 0.00264338 0.0061741655
418 2.55 0.36 2 0.79231547 0.001410526 0.001057352 0.002467878
419 2.6 0.36 3 1.1093808 0.002113817 0.001586028 0.003699845
420 2.65 0.36 4 1.4271727 0.0028167471 0.002114704 0.0049314511
421 2.7 0.36 5 1.7457071 0.0035200368 0.00264338 0.0061634168
422 2.75 0.36 2 0.7849945 0.0014081358 0.001057352 0.0024654878
423 2.8 0.36 3 1.1050401 0.0021131046 0.001586028 0.0036991326
424 2.85 0.36 4 1.4258436 0.0028196301 0.002114704 0.0049343341
425 2.9 0.36 5 1.7473992 0.0035284227 0.00264338 0.0061718027
426 2.95 0.36 2 0.78969568 0.0014133946 0.001057352 0.0024707466
427 3 0.36 3 1.1127164 0.0021238298 0.001586028 0.0037098578
428 0 0.42 5 1.85 0.0044364628 0.0026308415 0.0070673043
429 0.05 0.42 2 0.89847671 0.0017703736 0.0010523366 0.0028227102
430 0.1 0.42 3 1.2268922 0.0026486043 0.0015785049 0.0042271092
431 0.15 0.42 4 1.5551857 0.0035213691 0.0021046732 0.0056260423
432 0.2 0.42 5 1.8832974 0.0043880783 0.0026308415 0.0070189198
433 0.25 0.42 2 0.93116867 0.0017493901 0.0010523366 0.0028017266
434 0.3 0.42 3 1.2587426 0.0026147631 0.0015785049 0.004193268
435 0.35 0.42 4 1.5859647 0.0034732058 0.0021046732 0.005577879
436 0.4 0.42 5 1.9127826 0.0043242223 0.0026308415 0.0069550638
437 0.45 0.42 2 0.95914719 0.0017224508 0.0010523366 0.0027747874
438 0.5 0.42 3 1.2850125 0.00257236 0.0015785049 0.0041508649
439 0.55 0.42 4 1.6103362 0.0034141505 0.0021046732 0.0055188237
440 0.6 0.42 5 1.9350798 0.0042474407 0.0026308415 0.0068782821
441 0.65 0.42 2 0.97920901 0.0016906299 0.0010523366 0.0027429665
442 0.7 0.42 3 1.3026941 0.0025230854 0.0015785049 0.0041015903
443 0.75 0.42 4 1.6255099 0.0033465578 0.0021046732 0.005451231
444 0.8 0.42 5 1.9476361 0.0041607943 0.0026308415 0.0067916358
445 0.85 0.42 2 0.98905723 0.0016551958 0.0010523366 0.0027075324
446 0.9 0.42 3 1.3097631 0.0024689038 0.0015785049 0.0040474087
447 0.95 0.42 4 1.6297487 0.0032731223 0.0021046732 0.0053777955
448 1 0.42 0 0.34901397 0 0 0
449 1.05 0.42 0 0.34756432 0 0 0
450 1.1 0.42 0 0.34541019 0 0 0
451 1.15 0.42 0 0.34256714 0 0 0
452 1.2 0.42 0 0.33905569 0 0 0
453 1.25 0.42 0 0.33490121 0 0 0
454 1.3 0.42 3 1.2901337 0.0023545692 0.0015785049 0.0039330741
455 1.35 0.42 4 1.6047875 0.0031205496 0.0021046732 0.0052252228
456 1.4 0.42 5 1.9189014 0.0038773403 0.0026308415 0.0065081818
457 1.45 0.42 2 0.9525177 0.00154172 0.0010523366 0.0025940566
458 1.5 0.42 3 1.2656826 0.0022989744 0.0015785049 0.0038774793
459 1.55 0.42 4 1.5784454 0.0030474951 0.0021046732 0.0051521683
460 1.6 0.42 5 1.8908585 0.0037875902 0.0026308415 0.0064184317
461 1.65 0.42 2 0.92297649 0.001506537 0.0010523366 0.0025588736
462 1.7 0.42 3 1.2348564 0.0022474072 0.0015785049 0.0038259121
463 1.75 0.42 4 1.5465568 0.0029805205 0.0021046732 0.0050851936
464 1.8 0.42 5 1.8581377 0.0037063082 0.0026308415 0.0063371497
465 1.85 0.42 2 0.88965979 0.00147508 0.0010523366 0.0025274166
466 1.9 0.42 3 1.2011844 0.0022019233 0.0015785049 0.0037804282
467 1.95 0.42 4 1.5127726 0.0029222958 0.0021046732 0.005026969
468 2 0.42 5 1.8244852 0.0036367348 0.0026308415 0.0062675763
469 2.05 0.42 2 0.85638204 0.0014486032 0.0010523366 0.0025009397
470 2.1 0.42 3 1.1685216 0.0021643362 0.0015785049 0.0037428411
471 2.15 0.42 0 0.20096072 0 0 0
472 2.2 0.42 0 0.19375391 0 0 0
473 2.25 0.42 0 0.18695323 0 0 0
474 2.3 0.42 0 0.18060779 0 0 0
475 2.35 0.42 0 0.1747634 0 0 0
476 2.4 0.42 0 0.16946228 0 0 0
477 2.45 0.42 0 0.16474268 0 0 0
478 2.5 0.42 3 1.1206387 0.0021184713 0.0015785049 0.0036969762
479 2.55 0.42 4 1.43718 0.002821052 0.0021046732 0.0049257251
480 2.6 0.42 5 1.7543915 0.0035230283 0.0026308415 0.0061538698
481 2.65 0.42 2 0.79229331 0.0014083735 0.0010523366 0.0024607101
482 2.7 0.42 3 1.1109007 0.0021120221 0.0015785049 0.003690527
483 2.75 0.42 4 1.4302236 0.0028162716 0.0021046732 0.0049209448
484 2.8 0.42 5 1.7502669 0.003521841 0.0026308415 0.0061526825
485 2.85 0.42 2 0.79103044 0.0014098151 0.0010523366 0.0024621517
486 2.9 0.42 3 1.1125086 0.0021170536 0.0015785049 0.0036955585
487 2.95 0.42 4 1.4346906 0.0028267892 0.0021046732 0.0049314624
488 3 0.42 5 1.7575609 0.0035397163 0.0026308415 0.0061705578
489 0 0.48 3 1.21 0.0026618777 0.0015706993 0.0042325769
490 0.05 0.48 4 1.5379727 0.0035407471 0.0020942657 0.0056350128
491 0.1 0.48 5 1.8658878 0.0044143405 0.0026178321 0.0070321726
492 0.15 0.48 2 0.91368821 0.0017606846 0.0010471328 0.0028078174
493 0.2 0.48 3 1.2413176 0.002632847 0.0015706993 0.0042035462
494 0.25 0.48 4 1.5687208 0.0034987801 0.0020942657 0.0055930458
495 0.3 0.48 5 1.8958444 0.0043579385 0.0026178321 0.0069757706
496 0.35 0.48 2 0.94263703 0.0017366029 0.0010471328 0.0027837357
497 0.4 0.48 3 1.2690496 0.0025945334 0.0015706993 0.0041652327
498 0.45 0.48 4 1.5950357 0.0034449016 0.0020942657 0.0055391673
499 0.5 0.48 5 1.9205523 0.0042872666 0.0026178321 0.0069050987
500 0.55 0.48 2 0.9655594 0.0017070753 0.0010471328 0.0027542081
501 0.6 0.48 3 1.2900209 0.0025484644 0.0015706993 0.0041191636
502 0.65 0.48 4 1.6139047 0.0033812597 0.0020942657 0.0054755254
503 0.7 0.48 5 1.9371825 0.0042051423 0.0026178321 0.0068229744
504 0.75 0.48 2 0.97983092 0.0016732789 0.0010471328 0.0027204117
505 0.8 0.48 3 1.3018307 0.0024964766 0.0015706993 0.0040671758
506 0.85 0.48 0 0.34316731 0 0 0
507 0.9 0.48 0 0.34383124 0 0 0
508 0.95 0.48 0 0.34381764 0 0 0
509 1 0.48 0 0.34312662 0 0 0
510 1.05 0.48 0 0.34176317 0 0 0
511 1.1 0.48 0 0.33973712 0 0 0
512 1.15 0.48 0 0.33706312 0 0 0
513 1.2 0.48 3 1.2937605 0.0023831882 0.0015706993 0.0039538875
514 1.25 0.48 4 1.609853 0.0031584531 0.0020942657 0.0052527187
515 1.3 0.48 5 1.9253689 0.0039242821 0.0026178321 0.0065421142
516 1.35 0.48 2 0.96034068 0.0015602748 0.0010471328 0.0026074077
517 1.4 0.48 3 1.2748045 0.0023264042 0.0015706993 0.0038971034
518 1.45 0.48 4 1.5888004 0.0030834401 0.0020942657 0.0051777057
519 1.5 0.48 5 1.9023717 0.0038316241 0.0026178321 0.0064494561
520 1.55 0.48 2 0.93556489 0.0015237476 0.0010471328 0.0025708804
521 1.6 0.48 3 1.248429 0.0022725541 0.0015706993 0.0038432534
522 1.65 0.48 4 1.5610157 0.0030130739 0.0020942657 0.0051073396
523 1.7 0.48 5 1.8733784 0.0037456787 0.0026178321 0.0063635107
524 1.75 0.48 2 0.90557235 0.0014902602 0.0010471328 0.0025373931
525 1.8 0.48 3 1.2176538 0.0022237849 0.0015706993 0.0037944842
526 1.85 0.48 4 1.52968 0.0029501599 0.0020942657 0.0050444256
527 1.9 0.48 5 1.8417085 0.0036698722 0.0026178321 0.0062877043
528 1.95 0.48 2 0.87379691 0.0014611479 0.0010471328 0.0025082807
529 2 0.48 3 1.1860023 0.0021820409 0.0015706993 0.0037527401
530 2.05 0.48 4 1.498381 0.0028972063 0.0020942657 0.004991472
531 2.1 0.48 5 1.8109879 0.003607227 0.0026178321 0.0062250591
532 2.15 0.48 2 0.84387658 0.0014375711 0.0010471328 0.002484704
533 2.2 0.48 3 1.1570983 0.0021489862 0.0015706993 0.0037196854
534 2.25 0.48 4 1.470702 0.0028563241 0.0020942657 0.0049505898
535 2.3 0.48 0 0.18473383 0 0 0
536 2.35 0.48 0 0.17923695 0 0 0
537 2.4 0.48 0 0.17425103 0 0 0
538 2.45 0.48 0 0.16981207 0 0 0
539 2.5 0.48 0 0.16595211 0 0 0
540 2.55 0.48 0 0.16269903 0 0 0
541 2.6 0.48 3 1.1200763 0.002113817 0.0015706993 0.0036845162
542 2.65 0.48 4 1.4381029 0.0028167471 0.0020942657 0.0049110128
543 2.7 0.48 5 1.7567931 0.0035200368 0.0026178321 0.0061378689
544 2.75 0.48 2 0.79615626 0.0014081358 0.0010471328 0.0024552686
545 2.8 0.48 3 1.116197 0.0021131046 0.0015706993 0.0036838038
546 2.85 0.48 4 1.4369151 0.0028196301 0.0020942657 0.0049138958
547 2.9 0.48 5 1.7583054 0.0035284227 0.0026178321 0.0061462548
548 2.95 0.48 2 0.80035771 0.0014133946 0.0010471328 0.0024605274
549 3 0.48 3 1.1230573 0.0021238298 0.0015706993 0.0036945291
550 0 0.54 0 0.25 0 0 0
551 0.05 0.54 0 0.25741244 0 0 0
552 0.1 0.54 0 0.26477136 0 0 0
553 0.15 0.54 0 0.27202362 0 0 0
554 0.2 0.54 5 1.8791169 0.0043880783 0.0026043986 0.0069924769
555 0.25 0.54 2 0.92599985 0.0017493901 0.0010417595 0.0027911495
556 0.3 0.54 3 1.2526229 0.0026147631 0.0015626392 0.0041774023
557 0.35 0.54 4 1.5789382 0.0034732058 0.0020835189 0.0055567247
558 0.4 0.54 5 1.9049001 0.0043242223 0.0026043986 0.006928621
559 0.45 0.54 2 0.95046562 0.0017224508 0.0010417595 0.0027642103
560 0.5 0.54 3 1.2755945 0.00257236 0.0015626392 0.0041349992
561 0.55 0.54 4 1.6002498 0.0034141505 0.0020835189 0.0054976694
562 0.6 0.54 5 1.9243978 0.0042474407 0.0026043986 0.0068518393
563 0.65 0.54 2 0.96800863 0.0016906299 0.0010417595 0.0027323893
564 0.7 0.54 0 0.33105618 0 0 0
565 0.75 0.54 0 0.33351845 0 0 0
566 0.8 0.54 0 0.33537766 0 0 0
567 0.85 0.54 0 0.33662039 0 0 0
568 0.9 0.54 0 0.33723766 0 0 0
569 0.95 0.54 0 0.33722502 0 0 0
570 1 0.54 0 0.33658256 0 0 0
571 1.05 0.54 2 0.97531492 0.0016175612 0.0010417595 0.0026593207
572 1.1 0.54 3 1.2934312 0.0024119752 0.0015626392 0.0039746144
573 1.15 0.54 4 1.6109451 0.0031967716 0.0020835189 0.0052802905
574 1.2 0.54 5 1.9278746 0.0039719804 0.0026043986 0.006576379
575 1.25 0.54 2 0.96424168 0.0015792265 0.0010417595 0.002620986
576 1.3 0.54 3 1.2800727 0.0023545692 0.0015626392 0.0039172084
577 1.35 0.54 4 1.5953978 0.0031205496 0.0020835189 0.0052040685
578 1.4 0.54 5 1.9102507 0.0038773403 0.0026043986 0.0064817389
579 1.45 0.54 2 0.94466847 0.00154172 0.0010417595 0.0025834795
580 1.5 0.54 3 1.2586915 0.0022989744 0.0015626392 0.0038616136
581 1.55 0.54 4 1.572363 0.0030474951 0.0020835189 0.005131014
582 1.6 0.54 5 1.8857286 0.0037875902 0.0026043986 0.0063919888
583 1.65 0.54 2 0.91883623 0.001506537 0.0010417595 0.0025482964
584 1.7 0.54 3 1.2317356 0.0022474072 0.0015626392 0.0038100464
585 1.75 0.54 4 1.5444781 0.0029805205 0.0020835189 0.0050640394
586 1.8 0.54 5 1.857116 0.0037063082 0.0026043986 0.0063107068
587 1.85 0.54 2 0.8897025 0.00147508 0.0010417595 0.0025168394
588 1.9 0.54 3 1.2022912 0.0022019233 0.0015626392 0.0037645625
589 1.95 0.54 4 1.5149355 0.0029222958 0.0020835189 0.0050058147
590 2 0.54 5 1.8276886 0.0036367348 0.0026043986 0.0062411334
591 2.05 0.54 2 0.86060284 0.0014486032 0.0010417595 0.0024903626
592 2.1 0.54 3 1.1737293 0.0021643362 0.0015626392 0.0037269754
593 2.15 0.54 4 1.4871177 0.0028751423 0.0020835189 0.0049586612
594 2.2 0.54 5 1.8008157 0.0035816436 0.0026043986 0.0061860423
595 2.25 0.54 2 0.83486888 0.001428162 0.0010417595 0.0024699215
596 2.3 0.54 3 1.1493201 0.0021361442 0.0015626392 0.0036987834
597 2.35 0.54 4 1.4642095 0.0028409398 0.0020835189 0.0049244587
598 2.4 0.54 0 0.17957396 0 0 0
599 2.45 0.54 0 0.17544692 0 0 0
600 2.5 0.54 0 0.1718582 0 0 0
601 2.55 0.54 0 0.16883372 0 0 0
602 2.6 0.54 0 0.16639532 0 0 0
603 2.65 0.54 0 0.16456059 0 0 0
604 2.7 0.54 0 0.16334279 0 0 0
605 2.75 0.54 0 0.16275071 0 0 0
606 2.8 0.54 5 1.7627886 0.003521841 0.0026043986 0.0061262396
607 2.85 0.54 2 0.80345627 0.0014098151 0.0010417595 0.0024515745
608 2.9 0.54 3 1.1247488 0.0021170536 0.0015626392 0.0036796928
609 2.95 0.54 4 1.4466569 0.0028267892 0.0020835189 0.0049103081
610 3 0.54 5 1.7691668 0.0035397163 0.0026043986 0.006144115
611 0 0.6 0 0.25 0 0 0
612 0.05 0.6 0 0.25679993 0 0 0
613 0.1 0.6 0 0.26355075 0 0 0
614 0.15 0.6 0 0.27020373 0 0 0
615 0.2 0.6 0 0.27671083 0 0 0
616 0.25 0.6 0 0.28302506 0 0 0
617 0.3 0.6 0 0.28910082 0 0 0
618 0.35 0.6 0 0.29489425 0 0 0
619 0.4 0.6 0 0.30036352 0 0 0
620 0.45 0.6 0 0.30546912 0 0 0
621 0.5 0.6 0 0.31017421 0 0 0
622 0.55 0.6 0 0.3144448 0 0 0
623 0.6 0.6 0 0.31825005 0 0 0
624 0.65 0.6 0 0.3215625 0 0 0
625 0.7 0.6 0 0.32435821 0 0 0
626 0.75 0.6 0 0.32661702 0 0 0
627 0.8 0.6 0 0.32832259 0 0 0
628 0.85 0.6 0 0.32946263 0 0 0
629 0.9 0.6 0 0.3300289 0 0 0
630 0.95 0.6 0 0.3300173 0 0 0
631 1 0.6 0 0.32942793 0 0 0
632 1.05 0.6 0 0.32826503 0 0 0
633 1.1 0.6 0 0.32653702 0 0 0
634 1.15 0.6 0 0.32425635 0 0 0
635 1.2 0.6 0 0.32143951 0 0 0
636 1.25 0.6 4 1.5981068 0.0031584531 0.0020724716 0.0052309246
637 1.3 0.6 5 1.9142824 0.0039242821 0.0025905894 0.0065148715
638 1.35 0.6 2 0.94999374 0.0015602748 0.0010362358 0.0025965106
639 1.4 0.6 3 1.2652719 0.0023264042 0.0015543537 0.0038807578
640 1.45 0.6 4 1.580151 0.0030834401 0.0020724716 0.0051559116
641 1.5 0.6 5 1.894668 0.0038316241 0.0025905894 0.0064222135
642 1.55 0.6 2 0.92886241 0.0015237476 0.0010362358 0.0025599833
643 1.6 0.6 3 1.2427762 0.0022725541 0.0015543537 0.0038269078
644 1.65 0.6 4 1.5564534 0.0030130739 0.0020724716 0.0050855455
645 1.7 0.6 5 1.8699395 0.0037456787 0.0025905894 0.0063362681
646 1.75 0.6 2 0.90328169 0.0014902602 0.0010362358 0.002526496
647 1.8 0.6 3 1.216528 0.0022237849 0.0015543537 0.0037781386
648 1.85 0.6 4 1.5297271 0.0029501599 0.0020724716 0.0050226315
649 1.9 0.6 5 1.8429282 0.0036698722 0.0025905894 0.0062604617
650 1.95 0.6 2 0.87618035 0.0014611479 0.0010362358 0.0024973837
651 2 0.6 3 1.1895323 0.0021820409 0.0015543537 0.0037363945
652 2.05 0.6 4 1.503032 0.0028972063 0.0020724716 0.0049696779
653 2.1 0.6 5 1.8167265 0.003607227 0.0025905894 0.0061978164
654 2.15 0.6 2 0.85066122 0.0014375711 0.0010362358 0.0024738069
655 2.2 0.6 3 1.16488 0.0021489862 0.0015543537 0.0037033398
656 2.25 0.6 4 1.4794246 0.0028563241 0.0020724716 0.0049287956
657 2.3 0.6 5 1.7943343 0.0035602404 0.0025905894 0.0061508298
658 2.35 0.6 2 0.82964602 0.0014204699 0.0010362358 0.0024567057
659 2.4 0.6 3 1.1453935 0.0021259386 0.0015543537 0.0036802923
660 2.45 0.6 4 1.4616075 0.0028291431 0.0020724716 0.0049016147
661 2.5 0.6 5 1.7783153 0.0035307855 0.0025905894 0.006121375
662 2.55 0.6 0 0.17554079 0 0 0
663 2.6 0.6 0 0.17330388 0 0 0
664 2.65 0.6 0 0.17162076 0 0 0
665 2.7 0.6 0 0.17050359 0 0 0
666 2.75 0.6 0 0.16996044 0 0 0
667 2.8 0.6 0 0.16999522 0 0 0
668 2.85 0.6 0 0.1706077 0 0 0
669 2.9 0.6 0 0.17179343 0 0 0
670 2.95 0.6 0 0.17354387 0 0 0
671 3 0.6 0 0.17584637 0 0 0
672 0 0.66 5 1.85 0.0044364628 0.0025764542 0.007012917
673 0.05 0.66 2 0.89613946 0.0017703736 0.0010305817 0.0028009553
674 0.1 0.66 0 0.26223458 0 0 0
675 0.15 0.66 0 0.26824137 0 0 0
676 0.2 0.66 0 0.27411644 0 0 0
677 0.25 0.66 0 0.27981737 0 0 0
678 0.3 0.66 0 0.285303 0 0 0
679 0.35 0.66 0 0.29053372 0 0 0
680 0.4 0.66 0 0.29547176 0 0 0
681 0.45 0.66 0 0.30008147 0 0 0
682 0.5 0.66 0 0.30432956 0 0 0
683 0.55 0.66 0 0.30818535 0 0 0
684 0.6 0.66 0 0.311621 0 0 0
685 0.65 0.66 0 0.31461171 0 0 0
686 0.7 0.66 0 0.31713588 0 0 0
687 0.75 0.66 0 0.31917529 0 0 0
688 0.8 0.66 0 0.32071521 0 0 0
689 0.85 0.66 0 0.32174451 0 0 0
690 0.9 0.66 0 0.32225578 0 0 0
691 0.95 0.66 0 0.32224531 0 0 0
692 1 0.66 0 0.32171318 0 0 0
693 1.05 0.66 0 0.32066324 0 0 0
694 1.1 0.66 0 0.31910306 0 0 0
695 1.15 0.66 0 0.31704391 0 0 0
696 1.2 0.66 0 0.31450067 0 0 0
697 1.25 0.66 0 0.31149168 0 0 0
698 1.3 0.66 0 0.30803869 0 0 0
699 1.35 0.66 4 1.5841666 0.0031205496 0.0020611634 0.005181713
700 1.4 0.66 5 1.8999034 0.0038773403 0.0025764542 0.0064537945
701 1.45 0.66 2 0.9352799 0.00154172 0.0010305817 0.0025723017
702 1.5 0.66 3 1.2503294 0.0022989744 0.0015458725 0.003844847
703 1.55 0.66 4 1.5650877 0.0030474951 0.0020611634 0.0051086585
704 1.6 0.66 5 1.8795927 0.0037875902 0.0025764542 0.0063640444
705 1.65 0.66 2 0.913884 0.001506537 0.0010305817 0.0025371187
706 1.7 0.66 3 1.2280028 0.0022474072 0.0015458725 0.0037932797
707 1.75 0.66 4 1.5419917 0.0029805205 0.0020611634 0.0050416838
708 1.8 0.66 5 1.8558939 0.0037063082 0.0025764542 0.0062827624
709 1.85 0.66 2 0.88975359 0.00147508 0.0010305817 0.0025056617
710 1.9 0.66 3 1.2036151 0.0022019233 0.0015458725 0.0037477959
711 1.95 0.66 4 1.5175226 0.0029222958 0.0020611634 0.0049834591
712 2 0.66 5 1.8315203 0.0036367348 0.0025764542 0.006213189
713 2.05 0.66 2 0.8656514 0.0014486032 0.0010305817 0.0024791848
714 2.1 0.66 3 1.1799583 0.0021643362 0.0015458725 0.0037102087
715 2.15 0.66 4 1.4944822 0.0028751423 0.0020611634 0.0049363056
716 2.2 0.66 5 1.8092625 0.0035816436 0.0025764542 0.0061580979
717 2.25 0.66 2 0.8443369 0.001428162 0.0010305817 0.0024587437
718 2.3 0.66 3 1.1597411 0.0021361442 0.0015458725 0.0036820167
719 2.35 0.66 4 1.4755081 0.0028409398 0.0020611634 0.0049021032
720 2.4 0.66 5 1.7916687 0.003543231 0.0025764542 0.0061196852
721 2.45 0.66 2 0.8282504 0.0014145716 0.0010305817 0.0024451533
722 2.5 0.66 3 1.145278 0.0021184713 0.0015458725 0.0036643439
723 2.55 0.66 4 1.4627729 0.002821052 0.0020611634 0.0048822153
724 2.6 0.66 5 1.7807533 0.0035230283 0.0025764542 0.0060994825
725 2.65 0.66 2 0.81923365 0.0014083735 0.0010305817 0.0024389552
726 2.7 0.66 0 0.17822499 0 0 0
727 2.75 0.66 0 0.17773459 0 0 0
728 2.8 0.66 0 0.177766 0 0 0
729 2.85 0.66 0 0.17831898 0 0 0
730 2.9 0.66 0 0.17938955 0 0 0
731 2.95 0.66 0 0.18096997 0 0 0
732 3 0.66 0 0.18304883 0 0 0
733 0 0.72 3 1.21 0.0026618777 0.0015372263 0.004199104
734 0.05 0.72 4 1.5354357 0.0035407471 0.0020496351 0.0055903822
735 0.1 0.72 5 1.8608321 0.0044143405 0.0025620439 0.0069763844
736 0.15 0.72 2 0.90615037 0.0017606846 0.0010248175 0.0027855021
737 0.2 0.72 3 1.231352 0.002632847 0.0015372263 0.0041700733
738 0.25 0.72 4 1.5563994 0.0034987801 0.0020496351 0.0055484152
739 0.3 0.72 5 1.8812562 0.0043579385 0.0025620439 0.0069199824
740 0.35 0.72 0 0.28588736 0 0 0
741 0.4 0.72 0 0.29025935 0 0 0
742 0.45 0.72 0 0.29434065 0 0 0
743 0.5 0.72 5 1.8981018 0.0042872666 0.0025620439 0.0068493105
744 0.55 0.72 2 0.94151558 0.0017070753 0.0010248175 0.0027318928
745 0.6 0.72 3 1.2645574 0.0025484644 0.0015372263 0.0040856907
746 0.65 0.72 4 1.5872053 0.0033812597 0.0020496351 0.0054308948
747 0.7 0.72 0 0.30944012 0 0 0
748 0.75 0.72 0 0.31124575 0 0 0
749 0.8 0.72 0 0.31260915 0 0 0
750 0.85 0.72 0 0.31352047 0 0 0
751 0.9 0.72 0 0.31397312 0 0 0
752 0.95 0.72 0 0.31396386 0 0 0
753 1 0.72 0 0.31349273 0 0 0
754 1.05 0.72 0 0.31256314 0 0 0
755 1.1 0.72 0 0.3111818 0 0 0
756 1.15 0.72 0 0.3093587 0 0 0
757 1.2 0.72 0 0.30710698 0 0 0
758 1.25 0.72 0 0.30444291 0 0 0
759 1.3 0.72 0 0.30138573 0 0 0
760 1.35 0.72 0 0.29795752 0 0 0
761 1.4 0.72 3 1.254183 0.0023264042 0.0015372263 0.0038636305
762 1.45 0.72 4 1.5700895 0.0030834401 0.0020496351 0.0051330751
763 1.5 0.72 5 1.8857065 0.0038316241 0.0025620439 0.0063936679
764 1.55 0.72 2 0.92106565 0.0015237476 0.0010248175 0.0025485651
765 1.6 0.72 3 1.2362005 0.0022725541 0.0015372263 0.0038097804
766 1.65 0.72 4 1.5511462 0.0030130739 0.0020496351 0.005062709
767 1.7 0.72 5 1.8659392 0.0037456787 0.0025620439 0.0063077225
768 1.75 0.72 2 0.90061706 0.0014902602 0.0010248175 0.0025150778
769 1.8 0.72 3 1.2152183 0.0022237849 0.0015372263 0.0037610112
770 1.85 0.72 4 1.5297818 0.0029501599 0.0020496351 0.004999795
771 1.9 0.72 5 1.844347 0.0036698722 0.0025620439 0.0062319161
772 1.95 0.72 2 0.87895291 0.0014611479 0.0010248175 0.0024859654
773 2 0.72 3 1.1936386 0.0021820409 0.0015372263 0.0037192672
774 2.05 0.72 4 1.5084425 0.0028972063 0.0020496351 0.0049468414
775 2.1 0.72 5 1.823402 0.003607227 0.0025620439 0.0061692708
776 2.15 0.72 2 0.85855355 0.0014375711 0.0010248175 0.0024623887
777 2.2 0.72 3 1.1739322 0.0021489862 0.0015372263 0.0036862125
778 2.25 0.72 4 1.4895712 0.0028563241 0.0020496351 0.0049059592
779 2.3 0.72 5 1.8055022 0.0035602404 0.0025620439 0.0061222842
780 2.35 0.72 2 0.84175452 0.0014204699 0.0010248175 0.0024452875
781 2.4 0.72 3 1.1583552 0.0021259386 0.0015372263 0.0036631649
782 2.45 0.72 4 1.4753287 0.0028291431 0.0020496351 0.0048787782
783 2.5 0.72 5 1.7926971 0.0035307855 0.0025620439 0.0060928294
784 2.55 0.72 2 0.83047914 0.001410526 0.0010248175 0.0024353435
785 2.6 0.72 3 1.148691 0.002113817 0.0015372263 0.0036510433
786 2.65 0.72 4 1.4673456 0.0028167471 0.0020496351 0.0048663822
787 2.7 0.72 5 1.7864525 0.0035200368 0.0025620439 0.0060820807
788 2.75 0.72 2 0.82601835 0.0014081358 0.0010248175 0.0024329533
789 2.8 0.72 3 1.1460462 0.0021131046 0.0015372263 0.0036503309
790 2.85 0.72 4 1.4665358 0.0028196301 0.0020496351 0.0048692652
791 2.9 0.72 5 1.7874836 0.0035284227 0.0025620439 0.0060904666
792 2.95 0.72 0 0.18888286 0 0 0
793 3 0.72 0 0.19072342 0 0 0
794 0 0.78 5 1.85 0.0044364628 0.0025474102 0.006983873
795 0.05 0.78 2 0.8946936 0.0017703736 0.0010189641 0.0027893377
796 0.1 0.78 3 1.2193533 0.0026486043 0.0015284461 0.0041770504
797 0.15 0.78 4 1.5439455 0.0035213691 0.0020379282 0.0055592973
798 0.2 0.78 5 1.8684369 0.0043880783 0.0025474102 0.0069354885
799 0.25 0.78 2 0.9127953 0.0017493901 0.0010189641 0.0027683541
800 0.3 0.78 3 1.236989 0.0026147631 0.0015284461 0.0041432092
801 0.35 0.78 4 1.5609879 0.0034732058 0.0020379282 0.0055111339
802 0.4 0.78 5 1.884763 0.0043242223 0.0025474102 0.0068716325
803 0.45 0.78 2 0.92828715 0.0017224508 0.0010189641 0.0027414149
804 0.5 0.78 3 1.2515348 0.00257236 0.0015284461 0.0041008061
805 0.55 0.78 4 1.5744825 0.0034141505 0.0020379282 0.0054520787
806 0.6 0.78 5 1.8971091 0.0042474407 0.0025474102 0.0067948509
807 0.65 0.78 0 0.29939547 0 0 0
808 0.7 0.78 0 0.3013252 0 0 0
809 0.75 0.78 0 0.30288432 0 0 0
810 0.8 0.78 0 0.30406158 0 0 0
811 0.85 0.78 0 0.30484848 0 0 0
812 0.9 0.78 0 0.30523934 0 0 0
813 0.95 0.78 0 0.30523134 0 0 0
814 1 0.78 0 0.30482453 0 0 0
815 1.05 0.78 0 0.30402185 0 0 0
816 1.1 0.78 0 0.3028291 0 0 0
817 1.15 0.78 0 0.30125489 0 0 0
818 1.2 0.78 0 0.29931058 0 0 0
819 1.25 0.78 0 0.29701022 0 0 0
820 1.3 0.78 0 0.29437042 0 0 0
821 1.35 0.78 0 0.29141023 0 0 0
822 1.4 0.78 0 0.28815103 0 0 0
823 1.45 0.78 2 0.92461636 0.00154172 0.0010189641 0.0025606841
824 1.5 0.78 3 1.2408317 0.0022989744 0.0015284461 0.0038274206
825 1.55 0.78 4 1.5568245 0.0030474951 0.0020379282 0.0050854233
826 1.6 0.78 5 1.8726235 0.0037875902 0.0025474102 0.0063350004
827 1.65 0.78 2 0.90825925 0.001506537 0.0010189641 0.002525501
828 1.7 0.78 3 1.2237631 0.0022474072 0.0015284461 0.0037758533
829 1.75 0.78 4 1.5391676 0.0029805205 0.0020379282 0.0050184486
830 1.8 0.78 5 1.8545059 0.0037063082 0.0025474102 0.0062537184
831 1.85 0.78 2 0.88981162 0.00147508 0.0010189641 0.0024940441
832 1.9 0.78 3 1.2051187 0.0022019233 0.0015284461 0.0037303695
833 1.95 0.78 4 1.5204611 0.0029222958 0.0020379282 0.0049602239
834 2 0.78 5 1.8358723 0.0036367348 0.0025474102 0.006184145
835 2.05 0.78 2 0.87138557 0.0014486032 0.0010189641 0.0024675672
836 2.1 0.78 3 1.1870332 0.0021643362 0.0015284461 0.0036927823
837 2.15 0.78 4 1.5028467 0.0028751423 0.0020379282 0.0049130704
838 2.2 0.78 5 1.8188563 0.0035816436 0.0025474102 0.0061290538
839 2.25 0.78 2 0.85509069 0.001428162 0.0010189641 0.0024471261
840 2.3 0.78 3 1.1715772 0.0021361442 0.0015284461 0.0036645903
841 2.35 0.78 4 1.4883411 0.0028409398 0.0020379282 0.004878868
842 2.4 0.78 5 1.8054059 0.003543231 0.0025474102 0.0060906412
843 2.45 0.78 2 0.8427926 0.0014145716 0.0010189641 0.0024335357
844 2.5 0.78 3 1.1605202 0.0021184713 0.0015284461 0.0036469175
845 2.55 0.78 4 1.4786051 0.002821052 0.0020379282 0.0048589801
846 2.6 0.78 5 1.7970611 0.0035230283 0.0025474102 0.0060704385
847 2.65 0.78 2 0.83589932 0.0014083735 0.0010189641 0.0024273376
848 2.7 0.78 3 1.1551282 0.0021120221 0.0015284461 0.0036404682
849 2.75 0.78 4 1.4747533 0.0028162716 0.0020379282 0.0048541997
850 2.8 0.78 5 1.7947773 0.003521841 0.0025474102 0.0060692512
851 2.85 0.78 2 0.83520006 0.0014098151 0.0010189641 0.0024287791
852 2.9 0.78 3 1.1560185 0.0021170536 0.0015284461 0.0036454998
853 2.95 0.78 4 1.4772267 0.0028267892 0.0020379282 0.0048647174
854 3 0.78 5 1.798816 0.0035397163 0.0025474102 0.0060871266
855 0 0.84 3 1.21 0.0026618777 0.0015195636 0.0041814412
856 0.05 0.84 4 1.5339184 0.0035407471 0.0020260847 0.0055668319
857 0.1 0.84 5 1.8578085 0.0044143405 0.0025326059 0.0069469464
858 0.15 0.84 2 0.90164224 0.0017606846 0.0010130424 0.0027737269
859 0.2 0.84 3 1.2253919 0.002632847 0.0015195636 0.0041524105
860 0.25 0.84 4 1.5490304 0.0034987801 0.0020260847 0.0055248648
861 0.3 0.84 5 1.8725315 0.0043579385 0.0025326059 0.0068905444
862 0.35 0.84 2 0.91586996 0.0017366029 0.0010130424 0.0027496453
863 0.4 0.84 3 1.2390216 0.0025945334 0.0015195636 0.004114097
864 0.45 0.84 4 1.5619636 0.0034449016 0.0020260847 0.0054709864
865 0.5 0.84 5 1.8846749 0.0042872666 0.0025326059 0.0068198726
866 0.55 0.84 2 0.92713581 0.0017070753 0.0010130424 0.0027201176
867 0.6 0.84 3 1.2493286 0.0025484644 0.0015195636 0.004068028
868 0.65 0.84 0 0.29123732 0 0 0
869 0.7 0.84 0 0.29284833 0 0 0
870 0.75 0.84 0 0.29414995 0 0 0
871 0.8 0.84 0 0.29513278 0 0 0
872 0.85 0.84 0 0.29578971 0 0 0
873 0.9 0.84 0 0.29611602 0 0 0
874 0.95 0.84 0 0.29610934 0 0 0
875 1 0.84 0 0.29576972 0 0 0
876 1.05 0.84 0 0.29509961 0 0 0
877 1.1 0.84 0 0.29410385 0 0 0
878 1.15 0.84 0 0.29278964 0 0 0
879 1.2 0.84 0 0.29116645 0 0 0
880 1.25 0.84 0 0.28924602 0 0 0
881 1.3 0.84 0 0.2870422 0 0 0
882 1.35 0.84 0 0.28457092 0 0 0
883 1.4 0.84 0 0.28185001 0 0 0
884 1.45 0.84 0 0.27889913 0 0 0
885 1.5 0.84 5 1.8757396 0.0038316241 0.0025326059 0.00636423
886 1.55 0.84 2 0.91239416 0.0015237476 0.0010130424 0.0025367899
887 1.6 0.84 3 1.228887 0.0022725541 0.0015195636 0.0037921177
888 1.65 0.84 4 1.5452436 0.0030130739 0.0020260847 0.0050391587
889 1.7 0.84 5 1.86149 0.0037456787 0.0025326059 0.0062782846
890 1.75 0.84 2 0.89765347 0.0014902602 0.0010130424 0.0025033026
891 1.8 0.84 3 1.2137617 0.0022237849 0.0015195636 0.0037433485
892 1.85 0.84 4 1.5298427 0.0029501599 0.0020260847 0.0049762447
893 1.9 0.84 5 1.8459249 0.0036698722 0.0025326059 0.0062024782
894 1.95 0.84 2 0.88203653 0.0014611479 0.0010130424 0.0024741903
895 2 0.84 3 1.1982056 0.0021820409 0.0015195636 0.0037016044
896 2.05 0.84 4 1.5144599 0.0028972063 0.0020260847 0.004923291
897 2.1 0.84 5 1.8308264 0.003607227 0.0025326059 0.0061398329
898 2.15 0.84 2 0.86733134 0.0014375711 0.0010130424 0.0024506135
899 2.2 0.84 3 1.184 0.0021489862 0.0015195636 0.0036685497
900 2.25 0.84 4 1.5008563 0.0028563241 0.0020260847 0.0048824088
901 2.3 0.84 5 1.8179231 0.0035602404 0.0025326059 0.0060928463
902 2.35 0.84 2 0.8552215 0.0014204699 0.0010130424 0.0024335123
903 2.4 0.84 3 1.172771 0.0021259386 0.0015195636 0.0036455022
904 2.45 0.84 4 1.4905894 0.0028291431 0.0020260847 0.0048552279
905 2.5 0.84 5 1.8086923 0.0035307855 0.0025326059 0.0060633915
906 2.55 0.84 2 0.84709347 0.001410526 0.0010130424 0.0024235684
907 2.6 0.84 3 1.1658045 0.002113817 0.0015195636 0.0036333805
908 2.65 0.84 4 1.4848346 0.0028167471 0.0020260847 0.0048428318
909 2.7 0.84 5 1.8041908 0.0035200368 0.0025326059 0.0060526428
910 2.75 0.84 2 0.84387783 0.0014081358 0.0010130424 0.0024211782
911 2.8 0.84 3 1.1638979 0.0021131046 0.0015195636 0.0036326681
912 2.85 0.84 4 1.4842508 0.0028196301 0.0020260847 0.0048457149
913 2.9 0.84 5 1.8049341 0.0035284227 0.0025326059 0.0060610287
914 2.95 0.84 2 0.84594276 0.0014133946 0.0010130424 0.002426437
915 3 0.84 3 1.1672696 0.0021238298 0.0015195636 0.0036433934
916 0 0.9 5 1.85 0.0044364628 0.0025176843 0.0069541471
917 0.05 0.9 2 0.89311558 0.0017703736 0.0010070737 0.0027774473
918 0.1 0.9 3 1.2162087 0.0026486043 0.0015106106 0.0041592149
919 0.15 0.9 4 1.5392569 0.0035213691 0.0020141474 0.0055355166
920 0.2 0.9 5 1.8622383 0.0043880783 0.0025176843 0.0069057626
921 0.25 0.9 2 0.90513136 0.0017493901 0.0010070737 0.0027564638
922 0.3 0.9 3 1.2279151 0.0026147631 0.0015106106 0.0041253737
923 0.35 0.9 4 1.5505696 0.0034732058 0.0020141474 0.0054873532
924 0.4 0.9 5 1.8730755 0.0043242223 0.0025176843 0.0068419066
925 0.45 0.9 2 0.91541474 0.0017224508 0.0010070737 0.0027295245
926 0.5 0.9 3 1.2375705 0.00257236 0.0015106106 0.0040829706
927 0.55 0.9 4 1.5595272 0.0034141505 0.0020141474 0.005428298
928 0.6 0.9 0 0.28127068 0 0 0
929 0.65 0.9 0 0.28278837 0 0 0
930 0.7 0.9 0 0.28406931 0 0 0
931 0.75 0.9 0 0.28510425 0 0 0
932 0.8 0.9 0 0.2858857 0 0 0
933 0.85 0.9 0 0.28640804 0 0 0
934 0.9 0.9 0 0.28666749 0 0 0
935 0.95 0.9 0 0.28666218 0 0 0
936 1 0.9 0 0.28639214 0 0 0
937 1.05 0.9 0 0.28585933 0 0 0
938 1.1 0.9 0 0.28506759 0 0 0
939 1.15 0.9 0 0.28402264 0 0 0
940 1.2 0.9 0 0.28273202 0 0 0
941 1.25 0.9 0 0.28120506 0 0 0
942 1.3 0.9 0 0.27945278 0 0 0
943 1.35 0.9 0 0.27748782 0 0 0
944 1.4 0.9 0 0.27532439 0 0 0
945 1.45 0.9 0 0.2729781 0 0 0
946 1.5 0.9 3 1.2304659 0.0022989744 0.0015106106 0.003809585
947 1.55 0.9 4 1.5478059 0.0030474951 0.0020141474 0.0050616425
948 1.6 0.9 5 1.8650174 0.0037875902 0.0025176843 0.0063052745
949 1.65 0.9 2 0.90212036 0.001506537 0.0010070737 0.0025136107
950 1.7 0.9 3 1.2191359 0.0022474072 0.0015106106 0.0037580178
951 1.75 0.9 4 1.5360854 0.0029805205 0.0020141474 0.0049946679
952 1.8 0.9 5 1.852991 0.0037063082 0.0025176843 0.0062239925
953 1.85 0.9 2 0.88987496 0.00147508 0.0010070737 0.0024821537
954 1.9 0.9 3 1.2067598 0.0022019233 0.0015106106 0.0037125339
955 1.95 0.9 4 1.5236681 0.0029222958 0.0020141474 0.0049364432
956 2 0.9 5 1.8406221 0.0036367348 0.0025176843 0.0061544191
957 2.05 0.9 2 0.87764387 0.0014486032 0.0010070737 0.0024556769
958 2.1 0.9 3 1.1947548 0.0021643362 0.0015106106 0.0036749468
959 2.15 0.9 4 1.5119758 0.0028751423 0.0020141474 0.0048892897
960 2.2 0.9 5 1.829327 0.0035816436 0.0025176843 0.0060993279
961 2.25 0.9 2 0.86682744 0.001428162 0.0010070737 0.0024352358
962 2.3 0.9 3 1.1844952 0.0021361442 0.0015106106 0.0036467548
963 2.35 0.9 4 1.5023471 0.0028409398 0.0020141474 0.0048550873
964 2.4 0.9 5 1.8203987 0.003543231 0.0025176843 0.0060609153
965 2.45 0.9 2 0.85866405 0.0014145716 0.0010070737 0.0024216453
966 2.5 0.9 3 1.1771557 0.0021184713 0.0015106106 0.0036290819
967 2.55 0.9 4 1.4958844 0.002821052 0.0020141474 0.0048351994
968 2.6 0.9 5 1.8148595 0.0035230283 0.0025176843 0.0060407126
969 2.65 0.9 2 0.85408834 0.0014083735 0.0010070737 0.0024154473
970 2.7 0.9 3 1.1735765 0.0021120221 0.0015106106 0.0036226327
971 2.75 0.9 4 1.4933276 0.0028162716 0.0020141474 0.004830419
972 2.8 0.9 5 1.8133436 0.003521841 0.0025176843 0.0060395253
973 2.85 0.9 2 0.85362418 0.0014098151 0.0010070737 0.0024168888
974 2.9 0.9 3 1.1741675 0.0021170536 0.0015106106 0.0036276642
975 2.95 0.9 4 1.4949695 0.0028267892 0.0020141474 0.0048409367
976 3 0.9 5 1.8160244 0.0035397163 0.0025176843 0.0060574006
977 0 0.96 3 1.21 0.0026618777 0.0015016194 0.0041634971
978 0.05 0.96 4 1.5322908 0.0035407471 0.0020021592 0.0055429064
979 0.1 0.96 5 1.854565 0.0044143405 0.002502699 0.0069170395
980 0.15 0.96 2 0.8968063 0.0017606846 0.0010010796 0.0027617642
981 0.2 0.96 3 1.2189984 0.002632847 0.0015016194 0.0041344664
982 0.25 0.96 4 1.5411256 0.0034987801 0.0020021592 0.0055009393
983 0.3 0.96 5 1.8631724 0.0043579385 0.002502699 0.0068606375
984 0.35 0.96 2 0.90512412 0.0017366029 0.0010010796 0.0027376825
985 0.4 0.96 3 1.2269666 0.0025945334 0.0015016194 0.0040961528
986 0.45 0.96 4 1.5486866 0.0034449016 0.0020021592 0.0054470609
987 0.5 0.96 5 1.8702717 0.0042872666 0.002502699 0.0067899657
988 0.55 0.96 2 0.91171037 0.0017070753 0.0010010796 0.0027081549
989 0.6 0.96 0 0.2729923 0 0 0
990 0.65 0.96 0 0.27410821 0 0 0
991 0.7 0.96 0 0.27505004 0 0 0
992 0.75 0.96 0 0.27581099 0 0 0
993 0.8 0.96 0 0.27638557 0 0 0
994 0.85 0.96 0 0.27676963 0 0 0
995 0.9 0.96 0 0.27696039 0 0 0
996 0.95 0.96 0 0.27695649 0 0 0
997 1 0.96 0 0.27675794 0 0 0
998 1.05 0.96 0 0.27636618 0 0 0
999 1.1 0.96 0 0.27578404 0 0 0
1000 1.15 0.96 0 0.27501572 0 0 0
1001 1.2 0.96 0 0.27406677 0 0 0
1002 1.25 0.96 0 0.27294405 0 0 0
1003 1.3 0.96 0 0.27165565 0 0 0
1004 1.35 0.96 0 0.27021089 0 0 0
1005 1.4 0.96 0 0.26862019 0 0 0
1006 1.45 0.96 0 0.26689504 0 0 0
1007 1.5 0.96 5 1.8650479 0.0038316241 0.002502699 0.0063343231
1008 1.55 0.96 2 0.9030921 0.0015237476 0.0010010796 0.0025248272
1009 1.6 0.96 3 1.2210418 0.0022725541 0.0015016194 0.0037741735
1010 1.65 0.96 4 1.5389117 0.0030130739 0.0020021592 0.0050152332
1011 1.7 0.96 5 1.8567173 0.0037456787 0.002502699 0.0062483777
1012 1.75 0.96 2 0.89447438 0.0014902602 0.0010010796 0.0024913398
1013 1.8 0.96 3 1.2121992 0.0022237849 0.0015016194 0.0037254043
1014 1.85 0.96 4 1.5299081 0.0029501599 0.0020021592 0.0049523192
1015 1.9 0.96 5 1.8476176 0.0036698722 0.002502699 0.0061725713
1016 1.95 0.96 2 0.88534439 0.0014611479 0.0010010796 0.0024622275
1017 2 0.96 3 1.2031048 0.0021820409 0.0015016194 0.0036836603
1018 2.05 0.96 4 1.5209149 0.0028972063 0.0020021592 0.0048993655
1019 2.1 0.96 5 1.8387907 0.003607227 0.002502699 0.006109926
1020 2.15 0.96 2 0.87674743 0.0014375711 0.0010010796 0.0024386507
1021 2.2 0.96 3 1.1947998 0.0021489862 0.0015016194 0.0036506056
1022 2.25 0.96 4 1.512962 0.0028563241 0.0020021592 0.0048584833
1023 2.3 0.96 5 1.8312472 0.0035602404 0.002502699 0.0060629394
1024 2.35 0.96 2 0.86966776 0.0014204699 0.0010010796 0.0024215495
1025 2.4 0.96 3 1.1882352 0.0021259386 0.0015016194 0.003627558
1026 2.45 0.96 4 1.5069597 0.0028291431 0.0020021592 0.0048313024
1027 2.5 0.96 5 1.8258506 0.0035307855 0.002502699 0.0060334846
1028 2.55 0.96 2 0.86491594 0.001410526 0.0010010796 0.0024116056
1029 2.6 0.96 3 1.1841624 0.002113817 0.0015016194 0.0036154364
1030 2.65 0.96 4 1.5035953 0.0028167471 0.0020021592 0.0048189063
1031 2.7 0.96 5 1.823219 0.0035200368 0.002502699 0.0060227359
1032 2.75 0.96 2 0.86303601 0.0014081358 0.0010010796 0.0024092154
1033 2.8 0.96 3 1.1830477 0.0021131046 0.0015016194 0.003614724
1034 2.85 0.96 4 1.5032541 0.0028196301 0.0020021592 0.0048217894
1035 2.9 0.96 5 1.8236535 0.0035284227 0.002502699 0.0060311218
1036 2.95 0.96 2 0.86424321 0.0014133946 0.0010010796 0.0024144742
1037 3 0.96 3 1.1850189 0.0021238298 0.0015016194 0.0036254492
1038 0 1.02 5 1.85 0.0044364628 0.002487704 0.0069241668
1039 0.05 1.02 2 0.89144983 0.0017703736 0.00099508162 0.0027654552
1040 0.1 1.02 3 1.2128892 0.0026486043 0.0014926224 0.0041412267
1041 0.15 1.02 4 1.5343077 0.0035213691 0.0019901632 0.0055115324
1042 0.2 1.02 5 1.8556951 0.0043880783 0.002487704 0.0068757823
1043 0.25 1.02 2 0.89704136 0.0017493901 0.00099508162 0.0027444717
1044 0.3 1.02 3 1.2183368 0.0026147631 0.0014926224 0.0041073855
1045 0.35 1.02 4 1.539572 0.0034732058 0.0019901632 0.005463369
1046 0.4 1.02 5 1.8607381 0.0043242223 0.002487704 0.0068119264
1047 0.45 1.02 2 0.90182672 0.0017224508 0.00099508162 0.0027175324
1048 0.5 1.02 3 1.2228299 0.00257236 0.0014926224 0.0040649824
1049 0.55 1.02 4 1.5437404 0.0034141505 0.0019901632 0.0054043138
1050 0.6 1.02 0 0.26455178 0 0 0
1051 0.65 1.02 0 0.26525803 0 0 0
1052 0.7 1.02 0 0.26585411 0 0 0
1053 0.75 1.02 0 0.26633572 0 0 0
1054 0.8 1.02 0 0.26669937 0 0 0
1055 0.85 1.02 0 0.26694244 0 0 0
1056 0.9 1.02 0 0.26706317 0 0 0
1057 0.95 1.02 0 0.2670607 0 0 0
1058 1 1.02 0 0.26693504 0 0 0
1059 1.05 1.02 0 0.2666871 0 0 0
1060 1.1 1.02 0 0.26631866 0 0 0
1061 1.15 1.02 0 0.26583239 0 0 0
1062 1.2 1.02 0 0.26523181 0 0 0
1063 1.25 1.02 0 0.26452124 0 0 0
1064 1.3 1.02 0 0.26370581 0 0 0
1065 1.35 1.02 0 0.26279143 0 0 0
1066 1.4 1.02 0 0.26178468 0 0 0
1067 1.45 1.02 0 0.26069283 0 0 0
1068 1.5 1.02 0 0.25952378 0 0 0
1069 1.55 1.02 4 1.538286 0.0030474951 0.0019901632 0.0050376583
1070 1.6 1.02 5 1.8569883 0.0037875902 0.002487704 0.0062752942
1071 1.65 1.02 2 0.8956402 0.001506537 0.00099508162 0.0025016186
1072 1.7 1.02 3 1.2142514 0.0022474072 0.0014926224 0.0037400296
1073 1.75 1.02 4 1.5328318 0.0029805205 0.0019901632 0.0049706837
1074 1.8 1.02 5 1.8513918 0.0037063082 0.002487704 0.0061940123
1075 1.85 1.02 2 0.88994181 0.00147508 0.00099508162 0.0024701616
1076 1.9 1.02 3 1.2084922 0.0022019233 0.0014926224 0.0036945458
1077 1.95 1.02 4 1.5270535 0.0029222958 0.0019901632 0.004912459
1078 2 1.02 5 1.845636 0.0036367348 0.002487704 0.0061244388
1079 2.05 1.02 2 0.88425009 0.0014486032 0.00099508162 0.0024436848
1080 2.1 1.02 3 1.2029057 0.0021643362 0.0014926224 0.0036569586
1081 2.15 1.02 4 1.5216125 0.0028751423 0.0019901632 0.0048653055
1082 2.2 1.02 5 1.8403798 0.0035816436 0.002487704 0.0060693477
1083 2.25 1.02 2 0.87921668 0.001428162 0.00099508162 0.0024232437
1084 2.3 1.02 3 1.1981314 0.0021361442 0.0014926224 0.0036287666
1085 2.35 1.02 4 1.5171318 0.0028409398 0.0019901632 0.004831103
1086 2.4 1.02 5 1.8362251 0.003543231 0.002487704 0.006030935
1087 2.45 1.02 2 0.87541785 0.0014145716 0.00099508162 0.0024096532
1088 2.5 1.02 3 1.1947159 0.0021184713 0.0014926224 0.0036110938
1089 2.55 1.02 4 1.5141244 0.002821052 0.0019901632 0.0048112152
1090 2.6 1.02 5 1.8336474 0.0035230283 0.002487704 0.0060107324
1091 2.65 1.02 2 0.87328855 0.0014083735 0.00099508162 0.0024034552
1092 2.7 1.02 3 1.1930504 0.0021120221 0.0014926224 0.0036046445
1093 2.75 1.02 4 1.5129346 0.0028162716 0.0019901632 0.0048064348
1094 2.8 1.02 5 1.832942 0.003521841 0.002487704 0.006009545
1095 2.85 1.02 2 0.87307255 0.0014098151 0.00099508162 0.0024048967
1096 2.9 1.02 3 1.1933254 0.0021170536 0.0014926224 0.0036096761
1097 2.95 1.02 4 1.5136986 0.0028267892 0.0019901632 0.0048169525
1098 3 1.02 5 1.8341895 0.0035397163 0.002487704 0.0060274204
1099 0 1.08 3 1.21 0.0026618777 0.001483652 0.0041455296
1100 0.05 1.08 4 1.5305987 0.0035407471 0.0019782026 0.0055189498
1101 0.1 1.08 5 1.851193 0.0044143405 0.0024727533 0.0068870938
1102 0.15 1.08 2 0.89177871 0.0017606846 0.00098910132 0.0027497859
1103 0.2 1.08 3 1.2123516 0.002632847 0.001483652 0.004116499
1104 0.25 1.08 4 1.5329075 0.0034987801 0.0019782026 0.0054769828
1105 0.3 1.08 5 1.8534424 0.0043579385 0.0024727533 0.0068306918
1106 0.35 1.08 2 0.89395242 0.0017366029 0.00098910132 0.0027257042
1107 0.4 1.08 3 1.2144339 0.0025945334 0.001483652 0.0040781854
1108 0.45 1.08 4 1.5348834 0.0034449016 0.0019782026 0.0054231043
1109 0.5 1.08 5 1.8552976 0.0042872666 0.0024727533 0.0067600199
1110 0.55 1.08 2 0.89567363 0.0017070753 0.00098910132 0.0026961766
1111 0.6 1.08 0 0.25600864 0 0 0
1112 0.65 1.08 0 0.25630026 0 0 0
1113 0.7 1.08 0 0.25654639 0 0 0
1114 0.75 1.08 0 0.25674525 0 0 0
1115 0.8 1.08 0 0.25689541 0 0 0
1116 0.85 1.08 0 0.25699577 0 0 0
1117 0.9 1.08 0 0.25704563 0 0 0
1118 0.95 1.08 0 0.25704461 0 0 0
1119 1 1.08 0 0.25699272 0 0 0
1120 1.05 1.08 0 0.25689034 0 0 0
1121 1.1 1.08 0 0.25673821 0 0 0
1122 1.15 1.08 0 0.25653742 0 0 0
1123 1.2 1.08 0 0.25628943 0 0 0
1124 1.25 1.08 0 0.25599603 0 0 0
1125 1.3 1.08 0 0.25565933 0 0 0
1126 1.35 1.08 0 0.25528176 0 0 0
1127 1.4 1.08 0 0.25486606 0 0 0
1128 1.45 1.08 0 0.25441522 0 0 0
1129 1.5 1.08 0 0.2539325 0 0 0
1130 1.55 1.08 2 0.89342139 0.0015237476 0.00098910132 0.0025128489
1131 1.6 1.08 3 1.2128856 0.0022725541 0.001483652 0.0037562061
1132 1.65 1.08 4 1.5323289 0.0030130739 0.0019782026 0.0049912766
1133 1.7 1.08 5 1.8517554 0.0037456787 0.0024727533 0.006218432
1134 1.75 1.08 2 0.8911693 0.0014902602 0.00098910132 0.0024793616
1135 1.8 1.08 3 1.2105747 0.0022237849 0.001483652 0.0037074369
1136 1.85 1.08 4 1.529976 0.0029501599 0.0019782026 0.0049283626
1137 1.9 1.08 5 1.8493774 0.0036698722 0.0024727533 0.0061426256
1138 1.95 1.08 2 0.88878334 0.0014611479 0.00098910132 0.0024502492
1139 2 1.08 3 1.2081981 0.0021820409 0.001483652 0.0036656929
1140 2.05 1.08 4 1.5276258 0.0028972063 0.0019782026 0.004875409
1141 2.1 1.08 5 1.8470706 0.003607227 0.0024727533 0.0060799803
1142 2.15 1.08 2 0.88653667 0.0014375711 0.00098910132 0.0024266725
1143 2.2 1.08 3 1.2060277 0.0021489862 0.001483652 0.0036326382
1144 2.25 1.08 4 1.5255474 0.0028563241 0.0019782026 0.0048345267
1145 2.3 1.08 5 1.8450993 0.0035602404 0.0024727533 0.0060329937
1146 2.35 1.08 2 0.88468652 0.0014204699 0.00098910132 0.0024095712
1147 2.4 1.08 3 1.2043121 0.0021259386 0.001483652 0.0036095906
1148 2.45 1.08 4 1.5239788 0.0028291431 0.0019782026 0.0048073458
1149 2.5 1.08 5 1.843689 0.0035307855 0.0024727533 0.0060035389
1150 2.55 1.08 2 0.88344472 0.001410526 0.00098910132 0.0023996273
1151 2.6 1.08 3 1.2032478 0.002113817 0.001483652 0.003597469
1152 2.65 1.08 4 1.5230996 0.0028167471 0.0019782026 0.0047949497
1153 2.7 1.08 5 1.8430013 0.0035200368 0.0024727533 0.0059927901
1154 2.75 1.08 2 0.88295343 0.0014081358 0.00098910132 0.0023972371
1155 2.8 1.08 3 1.2029565 0.0021131046 0.001483652 0.0035967566
1156 2.85 1.08 4 1.5230104 0.0028196301 0.0019782026 0.0047978328
1157 2.9 1.08 5 1.8431148 0.0035284227 0.0024727533 0.0060011761
1158 2.95 1.08 2 0.88326891 0.0014133946 0.00098910132 0.0024024959
1159 3 1.08 3 1.2034716 0.0021238298 0.001483652 0.0036074818
1160 0 1.14 5 1.85 0.0044364628 0.0024579006 0.0068943634
1161 0.05 1.14 2 0.88974326 0.0017703736 0.00098316026 0.0027535338
1162 0.1 1.14 3 1.2094884 0.0026486043 0.0014747404 0.0041233447
1163 0.15 1.14 4 1.5292372 0.0035213691 0.0019663205 0.0054876896
1164 0.2 1.14 5 1.8489915 0.0043880783 0.0024579006 0.0068459789
1165 0.25 1.14 2 0.88875309 0.0017493901 0.00098316026 0.0027325503
1166 0.3 1.14 3 1.2085237 0.0026147631 0.0014747404 0.0040895035
1167 0.35 1.14 4 1.528305 0.0034732058 0.0019663205 0.0054395263
1168 0.4 1.14 5 1.8480985 0.0043242223 0.0024579006 0.006782123
1169 0.45 1.14 2 0.88790568 0.0017224508 0.00098316026 0.0027056111
1170 0.5 1.14 3 1.207728 0.00257236 0.0014747404 0.0040471004
1171 0.55 1.14 4 1.5275668 0.0034141505 0.0019663205 0.0053804711
1172 0.6 1.14 0 0.24742312 0 0 0
1173 0.65 1.14 0 0.24729806 0 0 0
1174 0.7 1.14 0 0.2471925 0 0 0
1175 0.75 1.14 0 0.24710722 0 0 0
1176 0.8 1.14 0 0.24704282 0 0 0
1177 0.85 1.14 0 0.24699978 0 0 0
1178 0.9 1.14 0 0.2469784 0 0 0
1179 0.95 1.14 0 0.24697883 0 0 0
1180 1 1.14 0 0.24700109 0 0 0
1181 1.05 1.14 0 0.24704499 0 0 0
1182 1.1 1.14 0 0.24711024 0 0 0
1183 1.15 1.14 0 0.24719635 0 0 0
1184 1.2 1.14 0 0.2473027 0 0 0
1185 1.25 1.14 0 0.24742853 0 0 0
1186 1.3 1.14 0 0.24757293 0 0 0
1187 1.35 1.14 0 0.24773485 0 0 0
1188 1.4 1.14 0 0.24791313 0 0 0
1189 1.45 1.14 0 0.24810648 0 0 0
1190 1.5 1.14 0 0.2483135 0 0 0
1191 1.55 1.14 4 1.5285327 0.0030474951 0.0019663205 0.0050138156
1192 1.6 1.14 5 1.8487625 0.0037875902 0.0024579006 0.0062454908
1193 1.65 1.14 2 0.88900122 0.001506537 0.00098316026 0.0024896972
1194 1.7 1.14 3 1.2092472 0.0022474072 0.0014747404 0.0037221476
1195 1.75 1.14 4 1.5294985 0.0029805205 0.0019663205 0.004946841
1196 1.8 1.14 5 1.8497535 0.0037063082 0.0024579006 0.0061642089
1197 1.85 1.14 2 0.8900103 0.00147508 0.00098316026 0.0024582402
1198 1.9 1.14 3 1.210267 0.0022019233 0.0014747404 0.0036766637
1199 1.95 1.14 4 1.5305218 0.0029222958 0.0019663205 0.0048886163
1200 2 1.14 5 1.8507728 0.0036367348 0.0024579006 0.0060946354
1201 2.05 1.14 2 0.89101821 0.0014486032 0.00098316026 0.0024317634
1202 2.1 1.14 3 1.2112563 0.0021643362 0.0014747404 0.0036390766
1203 2.15 1.14 4 1.5314853 0.0028751423 0.0019663205 0.0048414628
1204 2.2 1.14 5 1.8517036 0.0035816436 0.0024579006 0.0060395443
1205 2.25 1.14 2 0.89190955 0.001428162 0.00098316026 0.0024113223
1206 2.3 1.14 3 1.2121017 0.0021361442 0.0014747404 0.0036108846
1207 2.35 1.14 4 1.5322787 0.0028409398 0.0019663205 0.0048072603
1208 2.4 1.14 5 1.8524393 0.003543231 0.0024579006 0.0060011316
1209 2.45 1.14 2 0.89258226 0.0014145716 0.00098316026 0.0023977318
1210 2.5 1.14 3 1.2127066 0.0021184713 0.0014747404 0.0035932117
1211 2.55 1.14 4 1.5328113 0.002821052 0.0019663205 0.0047873725
1212 2.6 1.14 5 1.8528958 0.0035230283 0.0024579006 0.005980929
1213 2.65 1.14 2 0.89295932 0.0014083735 0.00098316026 0.0023915338
1214 2.7 1.14 3 1.2130015 0.0021120221 0.0014747404 0.0035867625
1215 2.75 1.14 4 1.533022 0.0028162716 0.0019663205 0.0047825921
1216 2.8 1.14 5 1.8530207 0.003521841 0.0024579006 0.0059797416
1217 2.85 1.14 2 0.89299757 0.0014098151 0.00098316026 0.0023929753
1218 2.9 1.14 3 1.2129528 0.0021170536 0.0014747404 0.003591794
1219 2.95 1.14 4 1.5328867 0.0028267892 0.0019663205 0.0047931097
1220 3 1.14 5 1.8527998 0.0035397163 0.0024579006 0.005997617
1221 0 1.2 3 1.21 0.0026618777 0.0014659197 0.0041277973
1222 0.05 1.2 4 1.5288897 0.0035407471 0.0019545596 0.0054953067
1223 0.1 1.2 5 1.8477874 0.0044143405 0.0024431995 0.00685754
1224 0.15 1.2 2 0.88670103 0.0017606846 0.00097727979 0.0027379644
1225 0.2 1.2 3 1.2056385 0.002632847 0.0014659197 0.0040987667
1226 0.25 1.2 4 1.5246075 0.0034987801 0.0019545596 0.0054533397
1227 0.3 1.2 5 1.8436154 0.0043579385 0.0024431995 0.006801138
1228 0.35 1.2 2 0.88266944 0.0017366029 0.00097727979 0.0027138827
1229 0.4 1.2 3 1.2017764 0.0025945334 0.0014659197 0.0040604531
1230 0.45 1.2 4 1.5209427 0.0034449016 0.0019545596 0.0053994612
1231 0.5 1.2 5 1.8401744 0.0042872666 0.0024431995 0.0067304661
1232 0.55 1.2 2 0.87947712 0.0017070753 0.00097727979 0.0026843551
1233 0.6 1.2 0 0.23885578 0 0 0
1234 0.65 1.2 0 0.23831491 0 0 0
1235 0.7 1.2 0 0.23785841 0 0 0
1236 0.75 1.2 0 0.23748958 0 0 0
1237 0.8 1.2 0 0.23721109 0 0 0
1238 0.85 1.2 0 0.23702493 0 0 0
1239 0.9 1.2 0 0.23693247 0 0 0
1240 0.95 1.2 0 0.23693437 0 0 0
1241 1 1.2 0 0.2370306 0 0 0
1242 1.05 1.2 0 0.23722048 0 0 0
1243 1.1 1.2 0 0.23750264 0 0 0
1244 1.15 1.2 0 0.23787504 0 0 0
1245 1.2 1.2 0 0.23833499 0 0 0
1246 1.25 1.2 0 0.23887917 0 0 0
1247 1.3 1.2 0 0.23950365 0 0 0
1248 1.35 1.2 0 0.24020391 0 0 0
1249 1.4 1.2 0 0.24097492 0 0 0
1250 1.45 1.2 0 0.24181109 0 0 0
1251 1.5 1.2 0 0.24270638 0 0 0
1252 1.55 1.2 2 0.88365435 0.0015237476 0.00097727979 0.0025010273
1253 1.6 1.2 3 1.2046481 0.0022725541 0.0014659197 0.0037384738
1254 1.65 1.2 4 1.5256806 0.0030130739 0.0019545596 0.0049676335
1255 1.7 1.2 5 1.8467442 0.0037456787 0.0024431995 0.0061888781
1256 1.75 1.2 2 0.8878313 0.0014902602 0.00097727979 0.00246754
1257 1.8 1.2 3 1.2089341 0.0022237849 0.0014659197 0.0036897046
1258 1.85 1.2 4 1.5300446 0.0029501599 0.0019545596 0.0049047195
1259 1.9 1.2 5 1.8511547 0.0036698722 0.0024431995 0.0061130717
1260 1.95 1.2 2 0.89225654 0.0014611479 0.00097727979 0.0024384277
1261 2 1.2 3 1.2133421 0.0021820409 0.0014659197 0.0036479606
1262 2.05 1.2 4 1.5344035 0.0028972063 0.0019545596 0.0048517659
1263 2.1 1.2 5 1.8554331 0.003607227 0.0024431995 0.0060504265
1264 2.15 1.2 2 0.89642344 0.0014375711 0.00097727979 0.0024148509
1265 2.2 1.2 3 1.2173674 0.0021489862 0.0014659197 0.0036149059
1266 2.25 1.2 4 1.5382582 0.0028563241 0.0019545596 0.0048108837
1267 2.3 1.2 5 1.8590894 0.0035602404 0.0024431995 0.0060034398
1268 2.35 1.2 2 0.89985491 0.0014204699 0.00097727979 0.0023977497
1269 2.4 1.2 3 1.2205493 0.0021259386 0.0014659197 0.0035918583
1270 2.45 1.2 4 1.5411675 0.0028291431 0.0019545596 0.0047837027
1271 2.5 1.2 5 1.861705 0.0035307855 0.0024431995 0.005973985
1272 2.55 1.2 2 0.90215808 0.001410526 0.00097727979 0.0023878058
1273 2.6 1.2 3 1.2225233 0.002113817 0.0014659197 0.0035797367
1274 2.65 1.2 4 1.5427982 0.0028167471 0.0019545596 0.0047713067
1275 2.7 1.2 5 1.8629806 0.0035200368 0.0024431995 0.0059632363
1276 2.75 1.2 2 0.90306927 0.0014081358 0.00097727979 0.0023854156
1277 2.8 1.2 3 1.2230636 0.0021131046 0.0014659197 0.0035790243
1278 2.85 1.2 4 1.5429636 0.0028196301 0.0019545596 0.0047741897
1279 2.9 1.2 5 1.86277 0.0035284227 0.0024431995 0.0059716222
1280 2.95 1.2 2 0.90248415 0.0014133946 0.00097727979 0.0023906744
1281 3 1.2 3 1.2221082 0.0021238298 0.0014659197 0.0035897495
1282 0 1.26 5 1.85 0.0044364628 0.0024287027 0.0068651655
1283 0.05 1.26 2 0.88804392 0.0017703736 0.00097148109 0.0027418547
1284 0.1 1.26 3 1.206102 0.0026486043 0.0014572216 0.0041058259
1285 0.15 1.26 4 1.5241881 0.0035213691 0.0019429622 0.0054643313
1286 0.2 1.26 5 1.8423163 0.0043880783 0.0024287027 0.006816781
1287 0.25 1.26 2 0.88049993 0.0017493901 0.00097148109 0.0027208711
1288 0.3 1.26 3 1.1987522 0.0026147631 0.0014572216 0.0040719847
1289 0.35 1.26 4 1.5170856 0.0034732058 0.0019429622 0.005416168
1290 0.4 1.26 5 1.8355123 0.0043242223 0.0024287027 0.0067529251
1291 0.45 1.26 2 0.87404362 0.0017224508 0.00097148109 0.0026939319
1292 0.5 1.26 3 1.1926901 0.00257236 0.0014572216 0.0040295816
1293 0.55 1.26 4 1.5114617 0.0034141505 0.0019429622 0.0053571127
1294 0.6 1.26 0 0.23036703 0 0 0
1295 0.65 1.26 0 0.22941416 0 0 0
1296 0.7 1.26 0 0.22860994 0 0 0
1297 0.75 1.26 0 0.22796017 0 0 0
1298 0.8 1.26 0 0.22746954 0 0 0
1299 0.85 1.26 0 0.22714159 0 0 0
1300 0.9 1.26 0 0.2269787 0 0 0
1301 0.95 1.26 0 0.22698203 0 0 0
1302 1 1.26 0 0.22715157 0 0 0
1303 1.05 1.26 0 0.22748609 0 0 0
1304 1.1 1.26 0 0.22798318 0 0 0
1305 1.15 1.26 0 0.22863924 0 0 0
1306 1.2 1.26 0 0.22944954 0 0 0
1307 1.25 1.26 0 0.23040823 0 0 0
1308 1.3 1.26 0 0.23150838 0 0 0
1309 1.35 1.26 0 0.23274206 0 0 0
1310 1.4 1.26 0 0.23410035 0 0 0
1311 1.45 1.26 0 0.23557344 0 0 0
1312 1.5 1.26 3 1.1971507 0.0022989744 0.0014572216 0.0037561961
1313 1.55 1.26 4 1.5188207 0.0030474951 0.0019429622 0.0049904573
1314 1.6 1.26 5 1.8405715 0.0037875902 0.0024287027 0.0062162929
1315 1.65 1.26 2 0.88239036 0.001506537 0.00097148109 0.0024780181
1316 1.7 1.26 3 1.2042641 0.0022474072 0.0014572216 0.0037046288
1317 1.75 1.26 4 1.5261794 0.0029805205 0.0019429622 0.0049234826
1318 1.8 1.26 5 1.8481222 0.0037063082 0.0024287027 0.0061350109
1319 1.85 1.26 2 0.89007851 0.00147508 0.00097148109 0.0024465611
1320 1.9 1.26 3 1.2120343 0.0022019233 0.0014572216 0.003659145
1321 1.95 1.26 4 1.5339754 0.0029222958 0.0019429622 0.0048652579
1322 2 1.26 5 1.8558878 0.0036367348 0.0024287027 0.0060654375
1323 2.05 1.26 2 0.89775767 0.0014486032 0.00097148109 0.0024200842
1324 2.1 1.26 3 1.2195715 0.0021643362 0.0014572216 0.0036215578
1325 2.15 1.26 4 1.5413163 0.0028751423 0.0019429622 0.0048181044
1326 2.2 1.26 5 1.8629793 0.0035816436 0.0024287027 0.0060103464
1327 2.25 1.26 2 0.90454865 0.001428162 0.00097148109 0.0023996431
1328 2.3 1.26 3 1.2260129 0.0021361442 0.0014572216 0.0035933659
1329 2.35 1.26 4 1.5473616 0.0028409398 0.0019429622 0.004783902
1330 2.4 1.26 5 1.8685849 0.003543231 0.0024287027 0.0059719337
1331 2.45 1.26 2 0.90967395 0.0014145716 0.00097148109 0.0023860527
1332 2.5 1.26 3 1.230621 0.0021184713 0.0014572216 0.003575693
1333 2.55 1.26 4 1.5514191 0.002821052 0.0019429622 0.0047640141
1334 2.6 1.26 5 1.8720626 0.0035230283 0.0024287027 0.0059517311
1335 2.65 1.26 2 0.91254676 0.0014083735 0.00097148109 0.0023798546
1336 2.7 1.26 3 1.2328681 0.0021120221 0.0014572216 0.0035692437
1337 2.75 1.26 4 1.5530244 0.0028162716 0.0019429622 0.0047592338
1338 2.8 1.26 5 1.8730144 0.003521841 0.0024287027 0.0059505437
1339 2.85 1.26 2 0.91283818 0.0014098151 0.00097148109 0.0023812962
1340 2.9 1.26 3 1.2324971 0.0021170536 0.0014572216 0.0035742753
1341 2.95 1.26 4 1.5519936 0.0028267892 0.0019429622 0.0047697514
1342 3 1.26 5 1.8713312 0.0035397163 0.0024287027 0.0059684191
1343 0 1.32 3 1.21 0.0026618777 0.0014486776 0.0041105552
1344 0.05 1.32 4 1.527212 0.0035407471 0.0019315701 0.0054723172
1345 0.1 1.32 5 1.844444 0.0044143405 0.0024144626 0.0068288031
1346 0.15 1.32 2 0.88171625 0.0017606846 0.00096578503 0.0027264696
1347 0.2 1.32 3 1.1990483 0.002632847 0.0014486776 0.0040815245
1348 0.25 1.32 4 1.5164594 0.0034987801 0.0019315701 0.0054303502
1349 0.3 1.32 5 1.8339682 0.0043579385 0.0024144626 0.0067724011
1350 0.35 1.32 2 0.87159286 0.0017366029 0.00096578503 0.0027023879
1351 0.4 1.32 3 1.1893504 0.0025945334 0.0014486776 0.0040432109
1352 0.45 1.32 4 1.507257 0.0034449016 0.0019315701 0.0053764717
1353 0.5 1.32 5 1.8253279 0.0042872666 0.0024144626 0.0067017292
1354 0.55 1.32 2 0.86357692 0.0017070753 0.00096578503 0.0026728603
1355 0.6 1.32 0 0.22201672 0 0 0
1356 0.65 1.32 0 0.22065858 0 0 0
1357 0.7 1.32 0 0.21951231 0 0 0
1358 0.75 1.32 0 0.21858618 0 0 0
1359 0.8 1.32 0 0.21788687 0 0 0
1360 0.85 1.32 0 0.21741944 0 0 0
1361 0.9 1.32 0 0.21718727 0 0 0
1362 0.95 1.32 0 0.21719202 0 0 0
1363 1 1.32 0 0.21743367 0 0 0
1364 1.05 1.32 0 0.21791047 0 0 0
1365 1.1 1.32 0 0.21861898 0 0 0
1366 1.15 1.32 0 0.21955407 0 0 0
1367 1.2 1.32 0 0.22070901 0 0 0
1368 1.25 1.32 0 0.22207545 0 0 0
1369 1.3 1.32 0 0.22364352 0 0 0
1370 1.35 1.32 0 0.2254019 0 0 0
1371 1.4 1.32 0 0.2273379 0 0 0
1372 1.45 1.32 0 0.22943753 0 0 0
1373 1.5 1.32 5 1.8316856 0.0038316241 0.0024144626 0.0062460866
1374 1.55 1.32 2 0.87406598 0.0015237476 0.00096578503 0.0024895326
1375 1.6 1.32 3 1.1965614 0.0022725541 0.0014486776 0.0037212317
1376 1.65 1.32 4 1.5191538 0.0030130739 0.0019315701 0.004944644
1377 1.7 1.32 5 1.8418246 0.0037456787 0.0024144626 0.0061601412
1378 1.75 1.32 2 0.88455436 0.0014902602 0.00096578503 0.0024560453
1379 1.8 1.32 3 1.2073235 0.0022237849 0.0014486776 0.0036724625
1380 1.85 1.32 4 1.5301119 0.0029501599 0.0019315701 0.00488173
1381 1.9 1.32 5 1.8528995 0.0036698722 0.0024144626 0.0060843348
1382 1.95 1.32 2 0.89566621 0.0014611479 0.00096578503 0.0024269329
1383 2 1.32 3 1.218392 0.0021820409 0.0014486776 0.0036307184
1384 2.05 1.32 0 0.26105716 0 0 0
1385 2.1 1.32 0 0.2636425 0 0 0
1386 2.15 1.32 0 0.26612933 0 0 0
1387 2.2 1.32 0 0.2684997 0 0 0
1388 2.25 1.32 0 0.27073649 0 0 0
1389 2.3 1.32 5 1.8728235 0.0035602404 0.0024144626 0.0059747029
1390 2.35 1.32 2 0.9147458 0.0014204699 0.00096578503 0.0023862549
1391 2.4 1.32 3 1.2364894 0.0021259386 0.0014486776 0.0035746162
1392 2.45 1.32 4 1.5580417 0.0028291431 0.0019315701 0.0047607132
1393 2.5 1.32 5 1.8793915 0.0035307855 0.0024144626 0.0059452481
1394 2.55 1.32 2 0.9205291 0.001410526 0.00096578503 0.002376311
1395 2.6 1.32 3 1.2414463 0.002113817 0.0014486776 0.0035624945
1396 2.65 1.32 4 1.5621364 0.0028167471 0.0019315701 0.0047483172
1397 2.7 1.32 5 1.8825944 0.0035200368 0.0024144626 0.0059344994
1398 2.75 1.32 2 0.92281711 0.0014081358 0.00096578503 0.0023739208
1399 2.8 1.32 3 1.2428028 0.0021131046 0.0014486776 0.0035617821
1400 2.85 1.32 4 1.5625517 0.0028196301 0.0019315701 0.0047512002
1401 2.9 1.32 5 1.8820656 0.0035284227 0.0024144626 0.0059428853
1402 2.95 1.32 2 0.92134786 0.0014133946 0.00096578503 0.0023791796
1403 3 1.32 3 1.2404038 0.0021238298 0.0014486776 0.0035725074
1404 0 1.38 5 1.85 0.0044364628 0.0024005303 0.006836993
1405 0.05 1.38 2 0.88639965 0.0017703736 0.00096021211 0.0027305857
1406 0.1 1.38 3 1.2028253 0.0026486043 0.0014403182 0.0040889225
1407 0.15 1.38 4 1.5193028 0.0035213691 0.0019204242 0.0054417934
1408 0.2 1.38 5 1.8358575 0.0043880783 0.0024005303 0.0067886086
1409 0.25 1.38 2 0.87251428 0.0017493901 0.00096021211 0.0027096022
1410 0.3 1.38 3 1.1892974 0.0026147631 0.0014403182 0.0040550813
1411 0.35 1.38 4 1.5062299 0.0034732058 0.0019204242 0.00539363
1412 0.4 1.38 5 1.8233341 0.0043242223 0.0024005303 0.0067247526
1413 0.45 1.38 2 0.86063085 0.0017224508 0.00096021211 0.0026826629
1414 0.5 1.38 3 1.1781397 0.00257236 0.0014403182 0.0040126781
1415 0.55 1.38 4 1.4958785 0.0034141505 0.0019204242 0.0053345748
1416 0.6 1.38 5 1.8138638 0.0042474407 0.0024005303 0.0066479709
1417 0.65 1.38 0 0.21210992 0 0 0
1418 0.7 1.38 0 0.21062967 0 0 0
1419 0.75 1.38 0 0.20943371 0 0 0
1420 0.8 1.38 0 0.20853066 0 0 0
1421 0.85 1.38 0 0.20792705 0 0 0
1422 0.9 1.38 0 0.20762723 0 0 0
1423 0.95 1.38 0 0.20763337 0 0 0
1424 1 1.38 0 0.20794542 0 0 0
1425 1.05 1.38 0 0.20856114 0 0 0
1426 1.1 1.38 0 0.20947607 0 0 0
1427 1.15 1.38 0 0.21068361 0 0 0
1428 1.2 1.38 0 0.21217504 0 0 0
1429 1.25 1.38 0 0.21393959 0 0 0
1430 1.3 1.38 0 0.21596452 0 0 0
1431 1.35 1.38 0 0.21823521 0 0 0
1432 1.4 1.38 0 0.22073526 0 0 0
1433 1.45 1.38 2 0.86344662 0.00154172 0.00096021211 0.0025019321
1434 1.5 1.38 3 1.1863497 0.0022989744 0.0014403182 0.0037392926
1435 1.55 1.38 4 1.5094236 0.0030474951 0.0019204242 0.0049679193
1436 1.6 1.38 5 1.832646 0.0037875902 0.0024005303 0.0061881205
1437 1.65 1.38 2 0.87599377 0.001506537 0.00096021211 0.0024667491
1438 1.7 1.38 3 1.1994426 0.0022474072 0.0014403182 0.0036877254
1439 1.75 1.38 4 1.5229678 0.0029805205 0.0019204242 0.0049009447
1440 1.8 1.38 5 1.8465437 0.0037063082 0.0024005303 0.0061068385
1441 1.85 1.38 2 0.8901445 0.00147508 0.00096021211 0.0024352921
1442 1.9 1.38 3 1.2137443 0.0022019233 0.0014403182 0.0036422415
1443 1.95 1.38 0 0.25731707 0 0 0
1444 2 1.38 0 0.260837 0 0 0
1445 2.05 1.38 0 0.26427868 0 0 0
1446 2.1 1.38 0 0.26761727 0 0 0
1447 2.15 1.38 0 0.27082864 0 0 0
1448 2.2 1.38 0 0.27388962 0 0 0
1449 2.25 1.38 0 0.2767781 0 0 0
1450 2.3 1.38 0 0.27947322 0 0 0
1451 2.35 1.38 0 0.28195553 0 0 0
1452 2.4 1.38 5 1.8842071 0.003543231 0.0024005303 0.0059437613
1453 2.45 1.38 2 0.92621166 0.0014145716 0.00096021211 0.0023747837
1454 2.5 1.38 3 1.2479548 0.0021184713 0.0014403182 0.0035587895
1455 2.55 1.38 4 1.5694238 0.002821052 0.0019204242 0.0047414762
1456 2.6 1.38 5 1.8906082 0.0035230283 0.0024005303 0.0059235586
1457 2.65 1.38 2 0.93149933 0.0014083735 0.00096021211 0.0023685857
1458 2.7 1.38 3 1.2520908 0.0021120221 0.0014403182 0.0035523403
1459 2.75 1.38 4 1.5723784 0.0028162716 0.0019204242 0.0047366958
1460 2.8 1.38 5 1.89236 0.003521841 0.0024005303 0.0059223713
1461 2.85 1.38 2 0.93203572 0.0014098151 0.00096021211 0.0023700272
1462 2.9 1.38 3 1.2514079 0.0021170536 0.0014403182 0.0035573718
1463 2.95 1.38 4 1.5704811 0.0028267892 0.0019204242 0.0047472134
1464 3 1.38 5 1.889262 0.0035397163 0.0024005303 0.0059402466
1465 0 1.44 3 1.21 0.0026618777 0.0014321736 0.0040940512
1466 0.05 1.44 4 1.5256127 0.0035407471 0.0019095648 0.0054503119
1467 0.1 1.44 5 1.8412572 0.0044143405 0.002386956 0.0068012965
1468 0.15 1.44 2 0.87696471 0.0017606846 0.00095478238 0.002715467
1469 0.2 1.44 3 1.1927664 0.002632847 0.0014321736 0.0040650205
1470 0.25 1.44 4 1.5086925 0.0034987801 0.0019095648 0.0054083449
1471 0.3 1.44 5 1.8247725 0.0043579385 0.002386956 0.0067448945
1472 0.35 1.44 2 0.86103459 0.0017366029 0.00095478238 0.0026913853
1473 0.4 1.44 3 1.1775059 0.0025945334 0.0014321736 0.004026707
1474 0.45 1.44 4 1.4942118 0.0034449016 0.0019095648 0.0053544664
1475 0.5 1.44 5 1.8111761 0.0042872666 0.002386956 0.0066742226
1476 0.55 1.44 2 0.84842073 0.0017070753 0.00095478238 0.0026618577
1477 0.6 1.44 3 1.1659656 0.0025484644 0.0014321736 0.003980638
1478 0.65 1.44 4 1.4838284 0.0033812597 0.0019095648 0.0052908245
1479 0.7 1.44 0 0.20202467 0 0 0
1480 0.75 1.44 0 0.20056731 0 0 0
1481 0.8 1.44 0 0.19946689 0 0 0
1482 0.85 1.44 0 0.19873134 0 0 0
1483 0.9 1.44 0 0.19836599 0 0 0
1484 0.95 1.44 0 0.19837347 0 0 0
1485 1 1.44 0 0.19875373 0 0 0
1486 1.05 1.44 0 0.19950402 0 0 0
1487 1.1 1.44 0 0.20061893 0 0 0
1488 1.15 1.44 0 0.20209039 0 0 0
1489 1.2 1.44 0 0.2039078 0 0 0
1490 1.25 1.44 0 0.20605802 0 0 0
1491 1.3 1.44 0 0.20852553 0 0 0
1492 1.35 1.44 0 0.21129251 0 0 0
1493 1.4 1.44 0 0.21433899 0 0 0
1494 1.45 1.44 4 1.497643 0.0030834401 0.0019095648 0.0049930048
1495 1.5 1.44 5 1.8211806 0.0038316241 0.002386956 0.00621858
1496 1.55 1.44 2 0.86492628 0.0015237476 0.00095478238 0.0024785299
1497 1.6 1.44 3 1.188853 0.0022725541 0.0014321736 0.0037047277
1498 1.65 1.44 4 1.5129325 0.0030130739 0.0019095648 0.0049226387
1499 1.7 1.44 5 1.8371352 0.0037456787 0.002386956 0.0061326346
1500 1.75 1.44 2 0.88143076 0.0014902602 0.00095478238 0.0024450426
1501 1.8 1.44 3 1.2057882 0.0022237849 0.0014321736 0.0036559585
1502 1.85 1.44 4 1.5301761 0.0029501599 0.0019095648 0.0048597247
1503 1.9 1.44 0 0.25456268 0 0 0
1504 1.95 1.44 0 0.25891633 0 0 0
1505 2 1.44 0 0.2632056 0 0 0
1506 2.05 1.44 0 0.26739952 0 0 0
1507 2.1 1.44 0 0.2714678 0 0 0
1508 2.15 1.44 0 0.27538107 0 0 0
1509 2.2 1.44 0 0.27911107 0 0 0
1510 2.25 1.44 0 0.28263087 0 0 0
1511 2.3 1.44 0 0.28591505 0 0 0
1512 2.35 1.44 0 0.28893991 0 0 0
1513 2.4 1.44 0 0.29168359 0 0 0
1514 2.45 1.44 4 1.5741263 0.0028291431 0.0019095648 0.0047387079
1515 2.5 1.44 5 1.8962504 0.0035307855 0.002386956 0.0059177415
1516 2.55 1.44 2 0.93804049 0.001410526 0.00095478238 0.0023653084
1517 2.6 1.44 3 1.2594837 0.002113817 0.0014321736 0.0035459906
1518 2.65 1.44 4 1.5805697 0.0028167471 0.0019095648 0.0047263119
1519 2.7 1.44 5 1.9012905 0.0035200368 0.002386956 0.0059069928
1520 2.75 1.44 2 0.94164089 0.0014081358 0.00095478238 0.0023629182
1521 2.8 1.44 3 1.2616184 0.0021131046 0.0014321736 0.0035452782
1522 2.85 1.44 4 1.5812233 0.0028196301 0.0019095648 0.0047291949
1523 2.9 1.44 5 1.9004583 0.0035284227 0.002386956 0.0059153787
1524 2.95 1.44 2 0.93932889 0.0014133946 0.00095478238 0.002368177
1525 3 1.44 3 1.2578433 0.0021238298 0.0014321736 0.0035560034
1526 0 1.5 5 1.85 0.0044364628 0.0023737885 0.0068102512
1527 0.05 1.5 2 0.88485677 0.0017703736 0.00094951539 0.002719889
1528 0.1 1.5 3 1.1997507 0.0026486043 0.0014242731 0.0040728774
1529 0.15 1.5 4 1.5147186 0.0035213691 0.0018990308 0.0054203999
1530 0.2 1.5 5 1.8297968 0.0043880783 0.0023737885 0.0067618667
1531 0.25 1.5 2 0.86502098 0.0017493901 0.00094951539 0.0026989054
1532 0.3 1.5 3 1.1804255 0.0026147631 0.0014242731 0.0040390362
1533 0.35 1.5 4 1.4960435 0.0034732058 0.0018990308 0.0053722365
1534 0.4 1.5 5 1.8119068 0.0043242223 0.0023737885 0.0066980108
1535 0.45 1.5 2 0.84804505 0.0017224508 0.00094951539 0.0026719662
1536 0.5 1.5 3 1.1644863 0.00257236 0.0014242731 0.0039966331
1537 0.55 1.5 4 1.4812562 0.0034141505 0.0018990308 0.0053131813
1538 0.6 1.5 5 1.798378 0.0042474407 0.0023737885 0.0066212291
1539 0.65 1.5 2 0.83587257 0.0016906299 0.00094951539 0.0026401453
1540 0.7 1.5 3 1.153758 0.0025230854 0.0014242731 0.0039473585
1541 0.75 1.5 0 0.1920495 0 0 0
1542 0.8 1.5 0 0.19075946 0 0 0
1543 0.85 1.5 0 0.18989718 0 0 0
1544 0.9 1.5 0 0.18946887 0 0 0
1545 0.95 1.5 0 0.18947764 0 0 0
1546 1 1.5 0 0.18992343 0 0 0
1547 1.05 1.5 0 0.190803 0 0 0
1548 1.1 1.5 0 0.19211001 0 0 0
1549 1.15 1.5 0 0.19383503 0 0 0
1550 1.2 1.5 0 0.1959656 0 0 0
1551 1.25 1.5 0 0.19848632 0 0 0
1552 1.3 1.5 0 0.20137901 0 0 0
1553 1.35 1.5 0 0.20462278 0 0 0
1554 1.4 1.5 5 1.8081942 0.0038773403 0.0023737885 0.0062511287
1555 1.45 1.5 2 0.85206748 0.00154172 0.00094951539 0.0024912354
1556 1.5 1.5 3 1.1762147 0.0022989744 0.0014242731 0.0037232475
1557 1.55 1.5 4 1.5006058 0.0030474951 0.0018990308 0.0049465259
1558 1.6 1.5 5 1.8252092 0.0037875902 0.0023737885 0.0061613787
1559 1.65 1.5 2 0.86999156 0.001506537 0.00094951539 0.0024560524
1560 1.7 1.5 3 1.1949184 0.0022474072 0.0014242731 0.0036716803
1561 1.75 1.5 4 1.5199542 0.0029805205 0.0018990308 0.0048795512
1562 1.8 1.5 5 1.8450625 0.0037063082 0.0023737885 0.0060800967
1563 1.85 1.5 0 0.25020642 0 0 0
1564 1.9 1.5 0 0.25534888 0 0 0
1565 1.95 1.5 0 0.26045271 0 0 0
1566 2 1.5 0 0.26548107 0 0 0
1567 2.05 1.5 0 0.27039765 0 0 0
1568 2.1 1.5 0 0.27516694 0 0 0
1569 2.15 1.5 0 0.27975451 0 0 0
1570 2.2 1.5 0 0.28412723 0 0 0
1571 2.25 1.5 0 0.28825353 0 0 0
1572 2.3 1.5 0 0.29210362 0 0 0
1573 2.35 1.5 0 0.29564969 0 0 0
1574 2.4 1.5 0 0.29886614 0 0 0
1575 2.45 1.5 0 0.30172974 0 0 0
1576 2.5 1.5 3 1.2642198 0.0021184713 0.0014242731 0.0035427444
1577 2.55 1.5 4 1.5863184 0.002821052 0.0018990308 0.0047200827
1578 2.6 1.5 5 1.9080103 0.0035230283 0.0023737885 0.0058968168
1579 2.65 1.5 2 0.94928338 0.0014083735 0.00094951539 0.0023578889
1580 2.7 1.5 3 1.2701284 0.0021120221 0.0014242731 0.0035362952
1581 2.75 1.5 4 1.5905392 0.0028162716 0.0018990308 0.0047153023
1582 2.8 1.5 5 1.9105129 0.003521841 0.0023737885 0.0058956295
1583 2.85 1.5 2 0.95004963 0.0014098151 0.00094951539 0.0023593305
1584 2.9 1.5 3 1.2691528 0.0021170536 0.0014242731 0.0035413267
1585 2.95 1.5 4 1.5878288 0.0028267892 0.0018990308 0.00472582
1586 3 1.5 5 1.9060873 0.0035397163 0.0023737885 0.0059135048
1587 0 1.56 3 1.21 0.0026618777 0.0014166451 0.0040785228
1588 0.05 1.56 4 1.5241371 0.0035407471 0.0018888602 0.0054296073
1589 0.1 1.56 5 1.8383165 0.0044143405 0.0023610752 0.0067754157
1590 0.15 1.56 2 0.87258022 0.0017606846 0.00094443009 0.0027051147
1591 0.2 1.56 3 1.1869698 0.002632847 0.0014166451 0.0040494921
1592 0.25 1.56 4 1.5015256 0.0034987801 0.0018888602 0.0053876403
1593 0.3 1.56 5 1.816287 0.0043579385 0.0023610752 0.0067190137
1594 0.35 1.56 2 0.85129191 0.0017366029 0.00094443009 0.002681033
1595 0.4 1.56 3 1.1665763 0.0025945334 0.0014166451 0.0040111785
1596 0.45 1.56 4 1.4821742 0.0034449016 0.0018888602 0.0053337618
1597 0.5 1.56 5 1.7981174 0.0042872666 0.0023610752 0.0066483418
1598 0.55 1.56 2 0.83443531 0.0017070753 0.00094443009 0.0026515054
1599 0.6 1.56 3 1.1511544 0.0025484644 0.0014166451 0.0039651095
1600 0.65 1.56 4 1.4682984 0.0033812597 0.0018888602 0.0052701199
1601 0.7 1.56 5 1.7858879 0.0042051423 0.0023610752 0.0065662176
1602 0.75 1.56 2 0.82394036 0.0016732789 0.00094443009 0.002617709
1603 0.8 1.56 0 0.1824698 0 0 0
1604 0.85 1.56 0 0.18148685 0 0 0
1605 0.9 1.56 0 0.18099861 0 0 0
1606 0.95 1.56 0 0.18100861 0 0 0
1607 1 1.56 0 0.18151677 0 0 0
1608 1.05 1.56 0 0.18251942 0 0 0
1609 1.1 1.56 0 0.18400933 0 0 0
1610 1.15 1.56 0 0.18597573 0 0 0
1611 1.2 1.56 0 0.18840443 0 0 0
1612 1.25 1.56 0 0.19127789 0 0 0
1613 1.3 1.56 5 1.7945754 0.0039242821 0.0023610752 0.0062853573
1614 1.35 1.56 2 0.83827304 0.0015602748 0.00094443009 0.0025047049
1615 1.4 1.56 3 1.1623442 0.0023264042 0.0014166451 0.0037430493
1616 1.45 1.56 4 1.4867595 0.0030834401 0.0018888602 0.0049723002
1617 1.5 1.56 5 1.811487 0.0038316241 0.0023610752 0.0061926993
1618 1.55 1.56 2 0.8564926 0.0015237476 0.00094443009 0.0024681776
1619 1.6 1.56 3 1.1817401 0.0022725541 0.0014166451 0.0036891992
1620 1.65 1.56 4 1.5071917 0.0030130739 0.0018888602 0.0049019341
1621 1.7 1.56 5 1.832808 0.0037456787 0.0023610752 0.0061067539
1622 1.75 1.56 2 0.87854844 0.0014902602 0.00094443009 0.0024346903
1623 1.8 1.56 0 0.24437156 0 0 0
1624 1.85 1.56 0 0.25023531 0 0 0
1625 1.9 1.56 0 0.25609736 0 0 0
1626 1.95 1.56 0 0.26191539 0 0 0
1627 2 1.56 0 0.26764737 0 0 0
1628 2.05 1.56 0 0.27325194 0 0 0
1629 2.1 1.56 0 0.27868861 0 0 0
1630 2.15 1.56 0 0.28391813 0 0 0
1631 2.2 1.56 0 0.28890273 0 0 0
1632 2.25 1.56 0 0.29360644 0 0 0
1633 2.3 1.56 0 0.29799528 0 0 0
1634 2.35 1.56 0 0.30203756 0 0 0
1635 2.4 1.56 0 0.30570409 0 0 0
1636 2.45 1.56 0 0.30896841 0 0 0
1637 2.5 1.56 0 0.31180693 0 0 0
1638 2.55 1.56 2 0.95419917 0.001410526 0.00094443009 0.0023549561
1639 2.6 1.56 3 1.2761279 0.002113817 0.0014166451 0.0035304621
1640 2.65 1.56 4 1.597579 0.0028167471 0.0018888602 0.0047056073
1641 2.7 1.56 5 1.9185423 0.0035200368 0.0023610752 0.005881112
1642 2.75 1.56 2 0.95901058 0.0014081358 0.00094443009 0.0023525659
1643 2.8 1.56 3 1.2789806 0.0021131046 0.0014166451 0.0035297497
1644 2.85 1.56 4 1.5984525 0.0028196301 0.0018888602 0.0047084903
1645 2.9 1.56 5 1.9174302 0.0035284227 0.0023610752 0.005889498
1646 2.95 1.56 2 0.95592093 0.0014133946 0.00094443009 0.0023578247
1647 3 1.56 3 1.2739357 0.0021238298 0.0014166451 0.0035404749
1648 0 1.62 5 1.85 0.0044364628 0.0023488619 0.0067853247
1649 0.05 1.62 2 0.8834587 0.0017703736 0.00093954477 0.0027099183
1650 0.1 1.62 3 1.1969646 0.0026486043 0.0014093172 0.0040579215
1651 0.15 1.62 4 1.5105647 0.0035213691 0.0018790895 0.0054004587
1652 0.2 1.62 5 1.8243051 0.0043880783 0.0023488619 0.0067369402
1653 0.25 1.62 2 0.85823103 0.0017493901 0.00093954477 0.0026889348
1654 0.3 1.62 3 1.1723863 0.0026147631 0.0014093172 0.0040240803
1655 0.35 1.62 4 1.4868133 0.0034732058 0.0018790895 0.0053522953
1656 0.4 1.62 5 1.801552 0.0043242223 0.0023488619 0.0066730843
1657 0.45 1.62 2 0.8366406 0.0017224508 0.00093954477 0.0026619956
1658 0.5 1.62 3 1.1521145 0.00257236 0.0014093172 0.0039816771
1659 0.55 1.62 4 1.4680063 0.0034141505 0.0018790895 0.0052932401
1660 0.6 1.62 5 1.7843458 0.0042474407 0.0023488619 0.0065963026
1661 0.65 1.62 2 0.82115933 0.0016906299 0.00093954477 0.0026301746
1662 0.7 1.62 3 1.1384699 0.0025230854 0.0014093172 0.0039324026
1663 0.75 1.62 4 1.4562971 0.0033465578 0.0018790895 0.0052256474
1664 0.8 1.62 5 1.7746563 0.0041607943 0.0023488619 0.0065096562
1665 0.85 1.62 2 0.81355967 0.0016551958 0.00093954477 0.0025947406
1666 0.9 1.62 0 0.17301494 0 0 0
1667 0.95 1.62 0 0.17302609 0 0 0
1668 1 1.62 0 0.17359305 0 0 0
1669 1.05 1.62 0 0.17471171 0 0 0
1670 1.1 1.62 0 0.17637401 0 0 0
1671 1.15 1.62 0 0.17856793 0 0 0
1672 1.2 1.62 5 1.7812776 0.0039719804 0.0023488619 0.0063208423
1673 1.25 1.62 2 0.82448357 0.0015792265 0.00093954477 0.0025187713
1674 1.3 1.62 3 1.1481626 0.0023545692 0.0014093172 0.0037638864
1675 1.35 1.62 4 1.4722881 0.0031205496 0.0018790895 0.0049996392
1676 1.4 1.62 5 1.7968303 0.0038773403 0.0023488619 0.0062262022
1677 1.45 1.62 2 0.84175644 0.00154172 0.00093954477 0.0024812648
1678 1.5 1.62 3 1.1670309 0.0022989744 0.0014093172 0.0037082916
1679 1.55 1.62 4 1.4926157 0.0030474951 0.0018790895 0.0049265846
1680 1.6 1.62 5 1.8184704 0.0037875902 0.0023488619 0.0061364521
1681 1.65 1.62 2 0.86455275 0.001506537 0.00093954477 0.0024460817
1682 1.7 1.62 3 1.1908189 0.0022474072 0.0014093172 0.0036567244
1683 1.75 1.62 4 1.5172235 0.0029805205 0.0018790895 0.00485961
1684 1.8 1.62 0 0.24372033 0 0 0
1685 1.85 1.62 0 0.25026253 0 0 0
1686 1.9 1.62 0 0.25680284 0 0 0
1687 1.95 1.62 0 0.26329403 0 0 0
1688 2 1.62 0 0.26968923 0 0 0
1689 2.05 1.62 0 0.27594226 0 0 0
1690 2.1 1.62 0 0.28200797 0 0 0
1691 2.15 1.62 0 0.28784256 0 0 0
1692 2.2 1.62 0 0.2934039 0 0 0
1693 2.25 1.62 0 0.29865184 0 0 0
1694 2.3 1.62 0 0.30354848 0 0 0
1695 2.35 1.62 0 0.30805846 0 0 0
1696 2.4 1.62 0 0.31214923 0 0 0
1697 2.45 1.62 0 0.31579124 0 0 0
1698 2.5 1.62 0 0.31895819 0 0 0
1699 2.55 1.62 4 1.6016272 0.002821052 0.0018790895 0.0047001415
1700 2.6 1.62 5 1.9237791 0.0035230283 0.0023488619 0.0058718903
1701 2.65 1.62 2 0.96539815 0.0014083735 0.00093954477 0.0023479183
1702 2.7 1.62 3 1.2864728 0.0021120221 0.0014093172 0.0035213393
1703 2.75 1.62 4 1.6069953 0.0028162716 0.0018790895 0.0046953611
1704 2.8 1.62 5 1.9269619 0.003521841 0.0023488619 0.0058707029
1705 2.85 1.62 2 0.96637268 0.0014098151 0.00093954477 0.0023493598
1706 2.9 1.62 3 1.285232 0.0021170536 0.0014093172 0.0035263708
1707 2.95 1.62 4 1.6035482 0.0028267892 0.0018790895 0.0047058788
1708 3 1.62 5 1.9213333 0.0035397163 0.0023488619 0.0058885783
1709 0 1.68 3 1.21 0.0026618777 0.0014023156 0.0040641932
1710 0.05 1.68 4 1.5228265 0.0035407471 0.0018697541 0.0054105012
1711 0.1 1.68 5 1.8357047 0.0044143405 0.0023371926 0.0067515331
1712 0.15 1.68 2 0.86868623 0.0017606846 0.00093487703 0.0026955616
1713 0.2 1.68 3 1.1818216 0.002632847 0.0014023156 0.0040351625
1714 0.25 1.68 4 1.4951605 0.0034987801 0.0018697541 0.0053685342
1715 0.3 1.68 5 1.8087509 0.0043579385 0.0023371926 0.0066951311
1716 0.35 1.68 2 0.84263917 0.0017366029 0.00093487703 0.0026714799
1717 0.4 1.68 3 1.1568694 0.0025945334 0.0014023156 0.0039968489
1718 0.45 1.68 4 1.4714833 0.0034449016 0.0018697541 0.0053146557
1719 0.5 1.68 5 1.7865197 0.0042872666 0.0023371926 0.0066244592
1720 0.55 1.68 2 0.82201447 0.0017070753 0.00093487703 0.0026419523
1721 0.6 1.68 3 1.1380001 0.0025484644 0.0014023156 0.0039507799
1722 0.65 1.68 4 1.4545057 0.0033812597 0.0018697541 0.0052510138
1723 0.7 1.68 5 1.7715564 0.0042051423 0.0023371926 0.0065423349
1724 0.75 1.68 2 0.80917349 0.0016732789 0.00093487703 0.0026081559
1725 0.8 1.68 3 1.1273742 0.0024964766 0.0014023156 0.0038987921
1726 0.85 1.68 4 1.4461715 0.0033103916 0.0018697541 0.0051801456
1727 0.9 1.68 5 1.7655742 0.0041148397 0.0023371926 0.0064520323
1728 0.95 1.68 2 0.80558638 0.0016365611 0.00093487703 0.0025714382
1729 1 1.68 3 1.1262081 0.0024406426 0.0014023156 0.0038429581
1730 1.05 1.68 4 1.4474349 0.0032351224 0.0018697541 0.0051048765
1731 1.1 1.68 5 1.7692579 0.0040199587 0.0023371926 0.0063571513
1732 1.15 1.68 2 0.81166385 0.0015983858 0.00093487703 0.0025332628
1733 1.2 1.68 3 1.1346355 0.0023831882 0.0014023156 0.0037855038
1734 1.25 1.68 4 1.4581512 0.0031584531 0.0018697541 0.0050282071
1735 1.3 1.68 5 1.7821858 0.0039242821 0.0023371926 0.0062614747
1736 1.35 1.68 2 0.82671008 0.0015602748 0.00093487703 0.0024951519
1737 1.4 1.68 3 1.1516913 0.0023264042 0.0014023156 0.0037287197
1738 1.45 1.68 4 1.4770936 0.0030834401 0.0018697541 0.0049531941
1739 1.5 1.68 5 1.8028779 0.0038316241 0.0023371926 0.0061688166
1740 1.55 1.68 2 0.84900241 0.0015237476 0.00093487703 0.0024586246
1741 1.6 1.68 3 1.175423 0.0022725541 0.0014023156 0.0036748697
1742 1.65 1.68 4 1.5020932 0.0030130739 0.0018697541 0.004882828
1743 1.7 1.68 5 1.828965 0.0037456787 0.0023371926 0.0060828712
1744 1.75 1.68 2 0.87598858 0.0014902602 0.00093487703 0.0024251373
1745 1.8 1.68 0 0.24311338 0 0 0
1746 1.85 1.68 0 0.25028791 0 0 0
1747 1.9 1.68 0 0.25746035 0 0 0
1748 1.95 1.68 0 0.26457893 0 0 0
1749 2 1.68 0 0.27159224 0 0 0
1750 2.05 1.68 0 0.27844964 0 0 0
1751 2.1 1.68 0 0.28510161 0 0 0
1752 2.15 1.68 0 0.29150013 0 0 0
1753 2.2 1.68 0 0.29759899 0 0 0
1754 2.25 1.68 0 0.30335415 0 0 0
1755 2.3 1.68 0 0.30872406 0 0 0
1756 2.35 1.68 0 0.31366995 0 0 0
1757 2.4 1.68 0 0.3181561 0 0 0
1758 2.45 1.68 0 0.32215011 0 0 0
1759 2.5 1.68 0 0.32562316 0 0 0
1760 2.55 1.68 2 0.96855016 0.001410526 0.00093487703 0.002345403
1761 2.6 1.68 3 1.29091 0.002113817 0.0014023156 0.0035161325
1762 2.65 1.68 4 1.6126856 0.0028167471 0.0018697541 0.0046865012
1763 2.7 1.68 5 1.9338641 0.0035200368 0.0023371926 0.0058572294
1764 2.75 1.68 2 0.9744371 0.0014081358 0.00093487703 0.0023430128
1765 2.8 1.68 3 1.2944004 0.0021131046 0.0014023156 0.0035154201
1766 2.85 1.68 4 1.6137543 0.0028196301 0.0018697541 0.0046893842
1767 2.9 1.68 5 1.9325034 0.0035284227 0.0023371926 0.0058656153
1768 2.95 1.68 2 0.97065679 0.0014133946 0.00093487703 0.0023482716
1769 3 1.68 3 1.2882278 0.0021238298 0.0014023156 0.0035261454
1770 0 1.74 5 1.85 0.0044364628 0.0023261092 0.0067625719
1771 0.05 1.74 2 0.88224483 0.0017703736 0.00093044367 0.0027008172
1772 0.1 1.74 3 1.1945457 0.0026486043 0.0013956655 0.0040442698
1773 0.15 1.74 4 1.5069581 0.0035213691 0.0018608873 0.0053822565
1774 0.2 1.74 5 1.8195369 0.0043880783 0.0023261092 0.0067141874
1775 0.25 1.74 2 0.85233562 0.0017493901 0.00093044367 0.0026798337
1776 0.3 1.74 3 1.1654063 0.0026147631 0.0013956655 0.0040104286
1777 0.35 1.74 4 1.478799 0.0034732058 0.0018608873 0.0053340931
1778 0.4 1.74 5 1.7925615 0.0043242223 0.0023261092 0.0066503315
1779 0.45 1.74 2 0.82673863 0.0017224508 0.00093044367 0.0026528945
1780 0.5 1.74 3 1.1413726 0.00257236 0.0013956655 0.0039680255
1781 0.55 1.74 4 1.4565021 0.0034141505 0.0018608873 0.0052750379
1782 0.6 1.74 5 1.7721622 0.0042474407 0.0023261092 0.0065735498
1783 0.65 1.74 2 0.80838447 0.0016906299 0.00093044367 0.0026210735
1784 0.7 1.74 3 1.125196 0.0025230854 0.0013956655 0.0039187509
1785 0.75 1.74 4 1.4426199 0.0033465578 0.0018608873 0.0052074452
1786 0.8 1.74 5 1.7606747 0.0041607943 0.0023261092 0.0064869035
1787 0.85 1.74 2 0.79937454 0.0016551958 0.00093044367 0.0025856394
1788 0.9 1.74 3 1.1187287 0.0024689038 0.0013956655 0.0038645693
1789 0.95 1.74 4 1.4387419 0.0032731223 0.0018608873 0.0051340096
1790 1 1.74 5 1.7594141 0.0040677376 0.0023261092 0.0063938468
1791 1.05 1.74 2 0.80074037 0.0016175612 0.00093044367 0.0025480049
1792 1.1 1.74 3 1.1227111 0.0024119752 0.0013956655 0.0038076407
1793 1.15 1.74 4 1.4453122 0.0031967716 0.0018608873 0.005057659
1794 1.2 1.74 5 1.7685247 0.0039719804 0.0023261092 0.0062980896
1795 1.25 1.74 2 0.8123256 0.0015792265 0.00093044367 0.0025096702
1796 1.3 1.74 3 1.1366873 0.0023545692 0.0013956655 0.0037502347
1797 1.35 1.74 4 1.4615784 0.0031205496 0.0018608873 0.004981437
1798 1.4 1.74 5 1.7869635 0.0038773403 0.0023261092 0.0062034494
1799 1.45 1.74 2 0.83280382 0.00154172 0.00093044367 0.0024721637
1800 1.5 1.74 3 1.1590571 0.0022989744 0.0013956655 0.0036946399
1801 1.55 1.74 4 1.4856782 0.0030474951 0.0018608873 0.0049083824
1802 1.6 1.74 5 1.8126194 0.0037875902 0.0023261092 0.0061136994
1803 1.65 1.74 2 0.85983047 0.001506537 0.00093044367 0.0024369806
1804 1.7 1.74 3 1.1872594 0.0022474072 0.0013956655 0.0036430727
1805 1.75 1.74 4 1.5148525 0.0029805205 0.0018608873 0.0048414078
1806 1.8 1.74 0 0.242555 0 0 0
1807 1.85 1.74 0 0.25031125 0 0 0
1808 1.9 1.74 0 0.25806526 0 0 0
1809 1.95 1.74 0 0.26576102 0 0 0
1810 2 1.74 0 0.27334299 0 0 0
1811 2.05 1.74 0 0.2807564 0 0 0
1812 2.1 1.74 0 0.28794773 0 0 0
1813 2.15 1.74 0 0.29486505 0 0 0
1814 2.2 1.74 0 0.30145842 0 0 0
1815 2.25 1.74 0 0.30768022 0 0 0
1816 2.3 1.74 0 0.31348554 0 0 0
1817 2.35 1.74 0 0.31883245 0 0 0
1818 2.4 1.74 0 0.32368234 0 0 0
1819 2.45 1.74 0 0.3280002 0 0 0
1820 2.5 1.74 0 0.33175485 0 0 0
1821 2.55 1.74 4 1.6149192 0.002821052 0.0018608873 0.0046819393
1822 2.6 1.74 5 1.9374703 0.0035230283 0.0023261092 0.0058491375
1823 2.65 1.74 2 0.97938988 0.0014083735 0.00093044367 0.0023388172
1824 2.7 1.74 3 1.300664 0.0021120221 0.0013956655 0.0035076876
1825 2.75 1.74 4 1.6212834 0.0028162716 0.0018608873 0.0046771589
1826 2.8 1.74 5 1.9412438 0.003521841 0.0023261092 0.0058479502
1827 2.85 1.74 2 0.98054526 0.0014098151 0.00093044367 0.0023402587
1828 2.9 1.74 3 1.2991929 0.0021170536 0.0013956655 0.0035127191
1829 2.95 1.74 4 1.6171966 0.0028267892 0.0018608873 0.0046876766
1830 3 1.74 5 1.9345707 0.0035397163 0.0023261092 0.0058658255
1831 0 1.8 3 1.21 0.0026618777 0.0013893909 0.0040512686
1832 0.05 1.8 4 1.5217179 0.0035407471 0.0018525213 0.0053932684
1833 0.1 1.8 5 1.8334955 0.0044143405 0.0023156516 0.0067299921
1834 0.15 1.8 2 0.86539239 0.0017606846 0.00092626063 0.0026869452
1835 0.2 1.8 3 1.1774669 0.002632847 0.0013893909 0.0040222379
1836 0.25 1.8 4 1.4897764 0.0034987801 0.0018525213 0.0053513014
1837 0.3 1.8 5 1.8023762 0.0043579385 0.0023156516 0.0066735901
1838 0.35 1.8 2 0.83531999 0.0017366029 0.00092626063 0.0026628635
1839 0.4 1.8 3 1.1486586 0.0025945334 0.0013893909 0.0039839243
1840 0.45 1.8 4 1.4624401 0.0034449016 0.0018525213 0.0052974229
1841 0.5 1.8 5 1.7767094 0.0042872666 0.0023156516 0.0066029182
1842 0.55 1.8 2 0.81150794 0.0017070753 0.00092626063 0.0026333359
1843 0.6 1.8 3 1.1268732 0.0025484644 0.0013893909 0.0039378553
1844 0.65 1.8 4 1.4428388 0.0033812597 0.0018525213 0.005233781
1845 0.7 1.8 5 1.7594337 0.0042051423 0.0023156516 0.0065207939
1846 0.75 1.8 2 0.79668251 0.0016732789 0.00092626063 0.0025995395
1847 0.8 1.8 3 1.1146052 0.0024964766 0.0013893909 0.0038858675
1848 0.85 1.8 4 1.4332166 0.0033103916 0.0018525213 0.0051629128
1849 0.9 1.8 5 1.7525269 0.0041148397 0.0023156516 0.0064304912
1850 0.95 1.8 2 0.79254105 0.0016365611 0.00092626063 0.0025628218
1851 1 1.8 3 1.1132589 0.0024406426 0.0013893909 0.0038300335
1852 1.05 1.8 4 1.4346753 0.0032351224 0.0018525213 0.0050876437
1853 1.1 1.8 5 1.7567799 0.0040199587 0.0023156516 0.0063356103
1854 1.15 1.8 2 0.79955773 0.0015983858 0.00092626063 0.0025246464
1855 1.2 1.8 3 1.1229886 0.0023831882 0.0013893909 0.0037725792
1856 1.25 1.8 4 1.4470477 0.0031584531 0.0018525213 0.0050109743
1857 1.3 1.8 5 1.7717058 0.0039242821 0.0023156516 0.0062399336
1858 1.35 1.8 2 0.81692921 0.0015602748 0.00092626063 0.0024865354
1859 1.4 1.8 3 1.1426803 0.0023264042 0.0013893909 0.0037157951
1860 1.45 1.8 4 1.4689174 0.0030834401 0.0018525213 0.0049359613
1861 1.5 1.8 5 1.7955956 0.0038316241 0.0023156516 0.0061472756
1862 1.55 1.8 2 0.84266661 0.0015237476 0.00092626063 0.0024500082
1863 1.6 1.8 3 1.1700794 0.0022725541 0.0013893909 0.0036619451
1864 1.65 1.8 4 1.4977805 0.0030130739 0.0018525213 0.0048655952
1865 1.7 1.8 5 1.8257142 0.0037456787 0.0023156516 0.0060613302
1866 1.75 1.8 2 0.87382325 0.0014902602 0.00092626063 0.0024165209
1867 1.8 1.8 0 0.24204912 0 0 0
1868 1.85 1.8 0 0.2503324 0 0 0
1869 1.9 1.8 0 0.25861328 0 0 0
1870 1.95 1.8 0 0.26683197 0 0 0
1871 2 1.8 0 0.27492912 0 0 0
1872 2.05 1.8 0 0.28284626 0 0 0
1873 2.1 1.8 0 0.29052624 0 0 0
1874 2.15 1.8 0 0.29791359 0 0 0
1875 2.2 1.8 0 0.30495497 0 0 0
1876 2.25 1.8 0 0.31159954 0 0 0
1877 2.3 1.8 0 0.31779932 0 0 0
1878 2.35 1.8 0 0.32350955 0 0 0
1879 2.4 1.8 0 0.32868899 0 0 0
1880 2.45 1.8 0 0.33330024 0 0 0
1881 2.5 1.8 0 0.33731001 0 0 0
1882 2.55 1.8 2 0.98068935 0.001410526 0.00092626063 0.0023367866
1883 2.6 1.8 3 1.3034138 0.002113817 0.0013893909 0.0035032079
1884 2.65 1.8 4 1.6254638 0.0028167471 0.0018525213 0.0046692684
1885 2.7 1.8 5 1.9468245 0.0035200368 0.0023156516 0.0058356884
1886 2.75 1.8 2 0.98748607 0.0014081358 0.00092626063 0.0023343964
1887 2.8 1.8 3 1.3074437 0.0021131046 0.0013893909 0.0035024955
1888 2.85 1.8 4 1.6266977 0.0028196301 0.0018525213 0.0046721514
1889 2.9 1.8 5 1.9452535 0.0035284227 0.0023156516 0.0058440743
1890 2.95 1.8 2 0.98312154 0.0014133946 0.00092626063 0.0023396552
1891 3 1.8 3 1.3003172 0.0021238298 0.0013893909 0.0035132208
1892 0 1.86 5 1.85 0.0044364628 0.0023058574 0.0067423202
1893 0.05 1.86 2 0.88124932 0.0017703736 0.00092234297 0.0026927165
1894 0.1 1.86 3 1.1925618 0.0026486043 0.0013835145 0.0040321188
1895 0.15 1.86 4 1.5040002 0.0035213691 0.0018446859 0.0053660551
1896 0.2 1.86 5 1.8156264 0.0043880783 0.0023058574 0.0066939357
1897 0.25 1.86 2 0.84750075 0.0017493901 0.00092234297 0.002671733
1898 0.3 1.86 3 1.159682 0.0026147631 0.0013835145 0.0039982776
1899 0.35 1.86 4 1.4722265 0.0034732058 0.0018446859 0.0053178917
1900 0.4 1.86 5 1.7851882 0.0043242223 0.0023058574 0.0066300798
1901 0.45 1.86 2 0.81861795 0.0017224508 0.00092234297 0.0026447938
1902 0.5 1.86 3 1.1325631 0.00257236 0.0013835145 0.0039558744
1903 0.55 1.86 4 1.4470673 0.0034141505 0.0018446859 0.0052588365
1904 0.6 1.86 5 1.7621704 0.0042474407 0.0023058574 0.0065532981
1905 0.65 1.86 2 0.79790773 0.0016906299 0.00092234297 0.0026129728
1906 0.7 1.86 3 1.11431 0.0025230854 0.0013835145 0.0039065999
1907 0.75 1.86 4 1.4314032 0.0033465578 0.0018446859 0.0051912438
1908 0.8 1.86 5 1.7492083 0.0041607943 0.0023058574 0.0064666517
1909 0.85 1.86 2 0.78774121 0.0016551958 0.00092234297 0.0025775388
1910 0.9 1.86 3 1.1070125 0.0024689038 0.0013835145 0.0038524183
1911 0.95 1.86 4 1.4270274 0.0032731223 0.0018446859 0.0051178082
1912 1 1.86 5 1.7477859 0.0040677376 0.0023058574 0.006373595
1913 1.05 1.86 2 0.78928237 0.0016175612 0.00092234297 0.0025399042
1914 1.1 1.86 3 1.1115061 0.0024119752 0.0013835145 0.0037954897
1915 1.15 1.86 4 1.4344411 0.0031967716 0.0018446859 0.0050414576
1916 1.2 1.86 5 1.758066 0.0039719804 0.0023058574 0.0062778378
1917 1.25 1.86 2 0.80235476 0.0015792265 0.00092234297 0.0025015695
1918 1.3 1.86 3 1.1272764 0.0023545692 0.0013835145 0.0037380837
1919 1.35 1.86 4 1.4527953 0.0031205496 0.0018446859 0.0049652356
1920 1.4 1.86 5 1.7788717 0.0038773403 0.0023058574 0.0061831977
1921 1.45 1.86 2 0.82546171 0.00154172 0.00092234297 0.002464063
1922 1.5 1.86 3 1.1525177 0.0022989744 0.0013835145 0.0036824889
1923 1.55 1.86 4 1.4799888 0.0030474951 0.0018446859 0.004892181
1924 1.6 1.86 5 1.807821 0.0037875902 0.0023058574 0.0060934476
1925 1.65 1.86 2 0.8559577 0.001506537 0.00092234297 0.0024288799
1926 1.7 1.86 3 1.1843402 0.0022474072 0.0013835145 0.0036309216
1927 1.75 1.86 4 1.5129081 0.0029805205 0.0018446859 0.0048252064
1928 1.8 1.86 0 0.24159931 0 0 0
1929 1.85 1.86 0 0.25035121 0 0 0
1930 1.9 1.86 0 0.25910057 0 0 0
1931 1.95 1.86 0 0.26778422 0 0 0
1932 2 1.86 0 0.27633946 0 0 0
1933 2.05 1.86 0 0.28470451 0 0 0
1934 2.1 1.86 0 0.29281897 0 0 0
1935 2.15 1.86 0 0.30062424 0 0 0
1936 2.2 1.86 0 0.30806398 0 0 0
1937 2.25 1.86 0 0.31508446 0 0 0
1938 2.3 1.86 0 0.32163499 0 0 0
1939 2.35 1.86 0 0.32766827 0 0 0
1940 2.4 1.86 0 0.33314073 0 0 0
1941 2.45 1.86 0 0.33801286 0 0 0
1942 2.5 1.86 0 0.34224948 0 0 0
1943 2.55 1.86 4 1.62582 0.002821052 0.0018446859 0.0046657379
1944 2.6 1.86 5 1.9486986 0.0035230283 0.0023058574 0.0058288857
1945 2.65 1.86 2 0.9908646 0.0014083735 0.00092234297 0.0023307165
1946 2.7 1.86 3 1.3123023 0.0021120221 0.0013835145 0.0034955366
1947 2.75 1.86 4 1.6330012 0.0028162716 0.0018446859 0.0046609575
1948 2.8 1.86 5 1.9529565 0.003521841 0.0023058574 0.0058276984
1949 2.85 1.86 2 0.99216829 0.0014098151 0.00092234297 0.002332158
1950 2.9 1.86 3 1.3106424 0.0021170536 0.0013835145 0.0035005681
1951 2.95 1.86 4 1.6283898 0.0028267892 0.0018446859 0.0046714752
1952 3 1.86 5 1.9454267 0.0035397163 0.0023058574 0.0058455738
1953 0 1.92 3 1.21 0.0026618777 0.0013780572 0.0040399349
1954 0.05 1.92 4 1.5208425 0.0035407471 0.0018374096 0.0053781567
1955 0.1 1.92 5 1.8317511 0.0044143405 0.002296762 0.0067111025
1956 0.15 1.92 2 0.86279144 0.0017606846 0.0009187048 0.0026793894
1957 0.2 1.92 3 1.1740283 0.002632847 0.0013780572 0.0040109042
1958 0.25 1.92 4 1.4855248 0.0034987801 0.0018374096 0.0053361897
1959 0.3 1.92 5 1.7973425 0.0043579385 0.002296762 0.0066547005
1960 0.35 1.92 2 0.82954048 0.0017366029 0.0009187048 0.0026553077
1961 0.4 1.92 3 1.142175 0.0025945334 0.0013780572 0.0039725906
1962 0.45 1.92 4 1.4552992 0.0034449016 0.0018374096 0.0052823112
1963 0.5 1.92 5 1.7689628 0.0042872666 0.002296762 0.0065840286
1964 0.55 1.92 2 0.80321157 0.0017070753 0.0009187048 0.0026257801
1965 0.6 1.92 3 1.118087 0.0025484644 0.0013780572 0.0039265216
1966 0.65 1.92 4 1.4336261 0.0033812597 0.0018374096 0.0052186693
1967 0.7 1.92 5 1.7498611 0.0042051423 0.002296762 0.0065019043
1968 0.75 1.92 2 0.78681913 0.0016732789 0.0009187048 0.0025919837
1969 0.8 1.92 3 1.1045222 0.0024964766 0.0013780572 0.0038745338
1970 0.85 1.92 4 1.4229869 0.0033103916 0.0018374096 0.0051478011
1971 0.9 1.92 5 1.7422243 0.0041148397 0.002296762 0.0064116017
1972 0.95 1.92 2 0.78223993 0.0016365611 0.0009187048 0.0025552659
1973 1 1.92 3 1.1030336 0.0024406426 0.0013780572 0.0038186998
1974 1.05 1.92 4 1.4245997 0.0032351224 0.0018374096 0.005072532
1975 1.1 1.92 5 1.7469269 0.0040199587 0.002296762 0.0063167207
1976 1.15 1.92 2 0.78999826 0.0015983858 0.0009187048 0.0025170906
1977 1.2 1.92 3 1.1137917 0.0023831882 0.0013780572 0.0037612454
1978 1.25 1.92 4 1.4382799 0.0031584531 0.0018374096 0.0049958627
1979 1.3 1.92 5 1.7634303 0.0039242821 0.002296762 0.0062210441
1980 1.35 1.92 2 0.80920585 0.0015602748 0.0009187048 0.0024789796
1981 1.4 1.92 3 1.1355648 0.0023264042 0.0013780572 0.0037044614
1982 1.45 1.92 4 1.4624611 0.0030834401 0.0018374096 0.0049208497
1983 1.5 1.92 5 1.7898452 0.0038316241 0.002296762 0.006128386
1984 1.55 1.92 2 0.83766362 0.0015237476 0.0009187048 0.0024424523
1985 1.6 1.92 3 1.1658599 0.0022725541 0.0013780572 0.0036506113
1986 1.65 1.92 4 1.494375 0.0030130739 0.0018374096 0.0048504835
1987 1.7 1.92 5 1.8231472 0.0037456787 0.002296762 0.0060424406
1988 1.75 1.92 2 0.87211341 0.0014902602 0.0009187048 0.002408965
1989 1.8 1.92 3 1.2012087 0.0022237849 0.0013780572 0.0036018421
1990 1.85 1.92 0 0.25036753 0 0 0
1991 1.9 1.92 0 0.25952368 0 0 0
1992 1.95 1.92 0 0.26861106 0 0 0
1993 2 1.92 0 0.27756405 0 0 0
1994 2.05 1.92 0 0.28631802 0 0 0
1995 2.1 1.92 0 0.29480974 0 0 0
1996 2.15 1.92 0 0.30297791 0 0 0
1997 2.2 1.92 0 0.31076354 0 0 0
1998 2.25 1.92 0 0.31811042 0 0 0
1999 2.3 1.92 0 0.3249655 0 0 0
2000 2.35 1.92 0 0.33127928 0 0 0
2001 2.4 1.92 0 0.33700617 0 0 0
2002 2.45 1.92 0 0.34210482 0 0 0
2003 2.5 1.92 5 1.9465384 0.0035307855 0.002296762 0.0058275475
2004 2.55 1.92 2 0.99027494 0.001410526 0.0009187048 0.0023292308
2005 2.6 1.92 3 1.3132874 0.002113817 0.0013780572 0.0034918742
2006 2.65 1.92 4 1.6355541 0.0028167471 0.0018374096 0.0046541567
2007 2.7 1.92 5 1.9570586 0.0035200368 0.002296762 0.0058167988
2008 2.75 1.92 2 0.99779005 0.0014081358 0.0009187048 0.0023268406
2009 2.8 1.92 3 1.3177432 0.0021131046 0.0013780572 0.0034911618
2010 2.85 1.92 4 1.6369184 0.0028196301 0.0018374096 0.0046570397
2011 2.9 1.92 5 1.9553215 0.0035284227 0.002296762 0.0058251847
2012 2.95 1.92 2 0.9929642 0.0014133946 0.0009187048 0.0023320994
2013 3 1.92 3 1.3098634 0.0021238298 0.0013780572 0.003501887
2014 0 1.98 5 1.85 0.0044364628 0.002288398 0.0067248608
2015 0.05 1.98 2 0.88050021 0.0017703736 0.0009153592 0.0026857328
2016 0.1 1.98 3 1.191069 0.0026486043 0.0013730388 0.0040216431
2017 0.15 1.98 4 1.5017745 0.0035213691 0.0018307184 0.0053520875
2018 0.2 1.98 5 1.8126838 0.0043880783 0.002288398 0.0066764763
2019 0.25 1.98 2 0.84386256 0.0017493901 0.0009153592 0.0026647492
2020 0.3 1.98 3 1.1553745 0.0026147631 0.0013730388 0.0039878019
2021 0.35 1.98 4 1.4672808 0.0034732058 0.0018307184 0.0053039242
2022 0.4 1.98 5 1.77964 0.0043242223 0.002288398 0.0066126203
2023 0.45 1.98 2 0.81250722 0.0017224508 0.0009153592 0.00263781
2024 0.5 1.98 3 1.125934 0.00257236 0.0013730388 0.0039453988
2025 0.55 1.98 4 1.4399678 0.0034141505 0.0018307184 0.0052448689
2026 0.6 1.98 5 1.7546517 0.0042474407 0.002288398 0.0065358386
2027 0.65 1.98 2 0.79002408 0.0016906299 0.0009153592 0.0026059891
2028 0.7 1.98 3 1.1061183 0.0025230854 0.0013730388 0.0038961242
2029 0.75 1.98 4 1.4229627 0.0033465578 0.0018307184 0.0051772762
2030 0.8 1.98 5 1.7405799 0.0041607943 0.002288398 0.0064491923
2031 0.85 1.98 2 0.77898725 0.0016551958 0.0009153592 0.002570555
2032 0.9 1.98 3 1.0981962 0.0024689038 0.0013730388 0.0038419426
2033 0.95 1.98 4 1.4182124 0.0032731223 0.0018307184 0.0051038407
2034 1 1.98 5 1.7390357 0.0040677376 0.002288398 0.0063561356
2035 1.05 1.98 2 0.78066035 0.0016175612 0.0009153592 0.0025329204
2036 1.1 1.98 3 1.1030745 0.0024119752 0.0013730388 0.003785014
2037 1.15 1.98 4 1.4262607 0.0031967716 0.0018307184 0.00502749
2038 1.2 1.98 5 1.7501959 0.0039719804 0.002288398 0.0062603784
2039 1.25 1.98 2 0.79485181 0.0015792265 0.0009153592 0.0024945857
2040 1.3 1.98 3 1.1201947 0.0023545692 0.0013730388 0.003727608
2041 1.35 1.98 4 1.4461861 0.0031205496 0.0018307184 0.004951268
2042 1.4 1.98 5 1.7727827 0.0038773403 0.002288398 0.0061657383
2043 1.45 1.98 2 0.81993685 0.00154172 0.0009153592 0.0024570792
2044 1.5 1.98 3 1.1475969 0.0022989744 0.0013730388 0.0036720132
2045 1.55 1.98 4 1.4757075 0.0030474951 0.0018307184 0.0048782135
2046 1.6 1.98 5 1.8042102 0.0037875902 0.002288398 0.0060759882
2047 1.65 1.98 2 0.85304347 0.001506537 0.0009153592 0.0024218962
2048 1.7 1.98 3 1.1821436 0.0022474072 0.0013730388 0.003620446
2049 1.75 1.98 4 1.5114449 0.0029805205 0.0018307184 0.0048112388
2050 1.8 1.98 5 1.8408802 0.0037063082 0.002288398 0.0059947062
2051 1.85 1.98 2 0.89038127 0.00147508 0.0009153592 0.0023904392
2052 1.9 1.98 0 0.25987963 0 0 0
2053 1.95 1.98 0 0.26930665 0 0 0
2054 2 1.98 0 0.27859427 0 0 0
2055 2.05 1.98 0 0.28767542 0 0 0
2056 2.1 1.98 0 0.29648452 0 0 0
2057 2.15 1.98 0 0.30495798 0 0 0
2058 2.2 1.98 0 0.3130346 0 0 0
2059 2.25 1.98 0 0.32065608 0 0 0
2060 2.3 1.98 0 0.32776737 0 0 0
2061 2.35 1.98 0 0.33431713 0 0 0
2062 2.4 1.98 0 0.34025806 0 0 0
2063 2.45 1.98 2 0.98554728 0.0014145716 0.0009153592 0.0023299308
2064 2.5 1.98 3 1.3101466 0.0021184713 0.0013730388 0.0034915101
2065 2.55 1.98 4 1.6340228 0.002821052 0.0018307184 0.0046517704
2066 2.6 1.98 5 1.9571478 0.0035230283 0.002288398 0.0058114263
2067 2.65 1.98 2 0.99949921 0.0014083735 0.0009153592 0.0023237327
2068 2.7 1.98 3 1.3210599 0.0021120221 0.0013730388 0.0034850609
2069 2.75 1.98 4 1.6418187 0.0028162716 0.0018307184 0.00464699
2070 2.8 1.98 5 1.9617701 0.003521841 0.002288398 0.005810239
2071 2.85 1.98 2 1.0009145 0.0014098151 0.0009153592 0.0023251743
2072 2.9 1.98 3 1.319258 0.0021170536 0.0013730388 0.0034900924
2073 2.95 1.98 4 1.6368125 0.0028267892 0.0018307184 0.0046575076
2074 3 1.98 5 1.9535958 0.0035397163 0.002288398 0.0058281143
2075 0 2.04 3 1.21 0.0026618777 0.0013684773 0.004030355
2076 0.05 2.04 4 1.5202249 0.0035407471 0.0018246364 0.0053653836
2077 0.1 2.04 5 1.8305204 0.0044143405 0.0022807955 0.006695136
2078 0.15 2.04 2 0.86095662 0.0017606846 0.00091231821 0.0026730028
2079 0.2 2.04 3 1.1716025 0.002632847 0.0013684773 0.0040013243
2080 0.25 2.04 4 1.4825256 0.0034987801 0.0018246364 0.0053234165
2081 0.3 2.04 5 1.7937916 0.0043579385 0.0022807955 0.006638734
2082 0.35 2.04 2 0.82546337 0.0017366029 0.00091231821 0.0026489211
2083 0.4 2.04 3 1.1376012 0.0025945334 0.0013684773 0.0039630107
2084 0.45 2.04 4 1.4502617 0.0034449016 0.0018246364 0.0052695381
2085 0.5 2.04 5 1.763498 0.0042872666 0.0022807955 0.0065680622
2086 0.55 2.04 2 0.79735896 0.0017070753 0.00091231821 0.0026193935
2087 0.6 2.04 3 1.1118888 0.0025484644 0.0013684773 0.0039169417
2088 0.65 2.04 4 1.4271271 0.0033812597 0.0018246364 0.0052058961
2089 0.7 2.04 5 1.7431082 0.0042051423 0.0022807955 0.0064859379
2090 0.75 2.04 2 0.77986108 0.0016732789 0.00091231821 0.0025855971
2091 0.8 2.04 3 1.0974093 0.0024964766 0.0013684773 0.0038649539
2092 0.85 2.04 4 1.4157704 0.0033103916 0.0018246364 0.005135028
2093 0.9 2.04 5 1.7349564 0.0041148397 0.0022807955 0.0063956352
2094 0.95 2.04 2 0.77497309 0.0016365611 0.00091231821 0.0025488794
2095 1 2.04 3 1.0958203 0.0024406426 0.0013684773 0.0038091199
2096 1.05 2.04 4 1.417492 0.0032351224 0.0018246364 0.0050597588
2097 1.1 2.04 5 1.7399761 0.0040199587 0.0022807955 0.0063007542
2098 1.15 2.04 2 0.7832546 0.0015983858 0.00091231821 0.002510704
2099 1.2 2.04 3 1.1073039 0.0023831882 0.0013684773 0.0037516656
2100 1.25 2.04 4 1.4320947 0.0031584531 0.0018246364 0.0049830895
2101 1.3 2.04 5 1.7575925 0.0039242821 0.0022807955 0.0062050776
2102 1.35 2.04 2 0.80375746 0.0015602748 0.00091231821 0.002472593
2103 1.4 2.04 3 1.1305452 0.0023264042 0.0013684773 0.0036948815
2104 1.45 2.04 4 1.4579066 0.0030834401 0.0018246364 0.0049080765
2105 1.5 2.04 5 1.7857886 0.0038316241 0.0022807955 0.0061124196
2106 1.55 2.04 2 0.83413429 0.0015237476 0.00091231821 0.0024360658
2107 1.6 2.04 3 1.1628833 0.0022725541 0.0013684773 0.0036410314
2108 1.65 2.04 4 1.4919726 0.0030130739 0.0018246364 0.0048377103
2109 1.7 2.04 5 1.8213364 0.0037456787 0.0022807955 0.0060264742
2110 1.75 2.04 2 0.87090723 0.0014902602 0.00091231821 0.0024025784
2111 1.8 2.04 3 1.2006159 0.0022237849 0.0013684773 0.0035922622
2112 1.85 2.04 4 1.5303923 0.0029501599 0.0018246364 0.0047747964
2113 1.9 2.04 5 1.8601659 0.0036698722 0.0022807955 0.0059506678
2114 1.95 2.04 0 0.2698661 0 0 0
2115 2 2.04 0 0.27942284 0 0 0
2116 2.05 2.04 0 0.28876714 0 0 0
2117 2.1 2.04 0 0.2978315 0 0 0
2118 2.15 2.04 0 0.30655049 0 0 0
2119 2.2 2.04 0 0.31486116 0 0 0
2120 2.25 2.04 0 0.32270348 0 0 0
2121 2.3 2.04 0 0.33002083 0 0 0
2122 2.35 2.04 0 0.33676038 0 0 0
2123 2.4 2.04 3 1.3028735 0.0021259386 0.0013684773 0.0034944159
2124 2.45 2.04 4 1.6283159 0.0028291431 0.0018246364 0.0046537796
2125 2.5 2.04 5 1.9530485 0.0035307855 0.0022807955 0.0058115811
2126 2.55 2.04 2 0.99703702 0.001410526 0.00091231821 0.0023228442
2127 2.6 2.04 3 1.3202526 0.002113817 0.0013684773 0.0034822943
2128 2.65 2.04 4 1.6426722 0.0028167471 0.0018246364 0.0046413835
2129 2.7 2.04 5 1.9642781 0.0035200368 0.0022807955 0.0058008324
2130 2.75 2.04 2 1.0050589 0.0014081358 0.00091231821 0.002320454
2131 2.8 2.04 3 1.3250089 0.0021131046 0.0013684773 0.0034815819
2132 2.85 2.04 4 1.6441285 0.0028196301 0.0018246364 0.0046442666
2133 2.9 2.04 5 1.9624239 0.0035284227 0.0022807955 0.0058092183
2134 2.95 2.04 2 0.99990764 0.0014133946 0.00091231821 0.0023257128
2135 3 2.04 3 1.3165977 0.0021238298 0.0013684773 0.0034923071
2136 0 2.1 5 1.85 0.0044364628 0.002273982 0.0067104447
2137 0.05 2.1 2 0.88001859 0.0017703736 0.00090959279 0.0026799664
2138 0.1 2.1 3 1.1901093 0.0026486043 0.0013643892 0.0040129935
2139 0.15 2.1 4 1.5003435 0.0035213691 0.0018191856 0.0053405547
2140 0.2 2.1 5 1.810792 0.0043880783 0.002273982 0.0066620602
2141 0.25 2.1 2 0.8415235 0.0017493901 0.00090959279 0.0026589828
2142 0.3 2.1 3 1.1526051 0.0026147631 0.0013643892 0.0039791523
2143 0.35 2.1 4 1.4641011 0.0034732058 0.0018191856 0.0052923913
2144 0.4 2.1 5 1.7760729 0.0043242223 0.002273982 0.0065982043
2145 0.45 2.1 2 0.80857851 0.0017224508 0.00090959279 0.0026320436
2146 0.5 2.1 3 1.1216721 0.00257236 0.0013643892 0.0039367492
2147 0.55 2.1 4 1.4354034 0.0034141505 0.0018191856 0.0052333361
2148 0.6 2.1 5 1.7498178 0.0042474407 0.002273982 0.0065214226
2149 0.65 2.1 2 0.78495553 0.0016906299 0.00090959279 0.0026002226
2150 0.7 2.1 3 1.1008518 0.0025230854 0.0013643892 0.0038874746
2151 0.75 2.1 4 1.4175362 0.0033465578 0.0018191856 0.0051657434
2152 0.8 2.1 5 1.7350326 0.0041607943 0.002273982 0.0064347763
2153 0.85 2.1 2 0.77335916 0.0016551958 0.00090959279 0.0025647886
2154 0.9 2.1 3 1.092528 0.0024689038 0.0013643892 0.003833293
2155 0.95 2.1 4 1.412545 0.0032731223 0.0018191856 0.0050923079
2156 1 2.1 5 1.7334101 0.0040677376 0.002273982 0.0063417196
2157 1.05 2.1 2 0.77511707 0.0016175612 0.00090959279 0.002527154
2158 1.1 2.1 3 1.0976536 0.0024119752 0.0013643892 0.0037763644
2159 1.15 2.1 4 1.4210013 0.0031967716 0.0018191856 0.0050159572
2160 1.2 2.1 5 1.7451361 0.0039719804 0.002273982 0.0062459624
2161 1.25 2.1 2 0.79002801 0.0015792265 0.00090959279 0.0024888193
2162 1.3 2.1 3 1.1156418 0.0023545692 0.0013643892 0.0037189584
2163 1.35 2.1 4 1.441937 0.0031205496 0.0018191856 0.0049397352
2164 1.4 2.1 5 1.768868 0.0038773403 0.002273982 0.0061513222
2165 1.45 2.1 2 0.81638481 0.00154172 0.00090959279 0.0024513128
2166 1.5 2.1 3 1.1444332 0.0022989744 0.0013643892 0.0036633636
2167 1.55 2.1 4 1.472955 0.0030474951 0.0018191856 0.0048666807
2168 1.6 2.1 5 1.8018887 0.0037875902 0.002273982 0.0060615722
2169 1.65 2.1 2 0.85116986 0.001506537 0.00090959279 0.0024161297
2170 1.7 2.1 3 1.1807314 0.0022474072 0.0013643892 0.0036117964
2171 1.75 2.1 4 1.5105042 0.0029805205 0.0018191856 0.004799706
2172 1.8 2.1 5 1.8404178 0.0037063082 0.002273982 0.0059802902
2173 1.85 2.1 2 0.8904006 0.00147508 0.00090959279 0.0023846728
2174 1.9 2.1 3 1.2203805 0.0022019233 0.0013643892 0.0035663125
2175 1.95 2.1 4 1.5502855 0.0029222958 0.0018191856 0.0047414813
2176 2 2.1 0 0.28004393 0 0 0
2177 2.05 2.1 0 0.28958547 0 0 0
2178 2.1 2.1 0 0.29884118 0 0 0
2179 2.15 2.1 0 0.30774422 0 0 0
2180 2.2 2.1 0 0.31623032 0 0 0
2181 2.25 2.1 0 0.32423818 0 0 0
2182 2.3 2.1 0 0.33171 0 0 0
2183 2.35 2.1 4 1.6185918 0.0028409398 0.0018191856 0.0046601254
2184 2.4 2.1 5 1.9448339 0.003543231 0.002273982 0.005817213
2185 2.45 2.1 2 0.99039131 0.0014145716 0.00090959279 0.0023241644
2186 2.5 2.1 3 1.3152238 0.0021184713 0.0013643892 0.0034828605
2187 2.55 2.1 4 1.6392965 0.002821052 0.0018191856 0.0046402375
2188 2.6 2.1 5 1.96258 0.0035230283 0.002273982 0.0057970103
2189 2.65 2.1 2 1.0050506 0.0014083735 0.00090959279 0.0023179663
2190 2.7 2.1 3 1.3266904 0.0021120221 0.0013643892 0.0034764113
2191 2.75 2.1 4 1.6474877 0.0028162716 0.0018191856 0.0046354571
2192 2.8 2.1 5 1.9674366 0.003521841 0.002273982 0.005795823
2193 2.85 2.1 2 1.0065376 0.0014098151 0.00090959279 0.0023194079
2194 2.9 2.1 3 1.3247971 0.0021170536 0.0013643892 0.0034814428
2195 2.95 2.1 4 1.6422277 0.0028267892 0.0018191856 0.0046459748
2196 3 2.1 5 1.9588479 0.0035397163 0.002273982 0.0058136983
2197 0 2.16 3 1.21 0.0026618777 0.0013607891 0.0040226668
2198 0.05 2.16 4 1.5198826 0.0035407471 0.0018143855 0.0053551326
2199 0.1 2.16 5 1.8298383 0.0044143405 0.0022679818 0.0066823223
2200 0.15 2.16 2 0.85993959 0.0017606846 0.00090719273 0.0026678773
2201 0.2 2.16 3 1.1702579 0.002632847 0.0013607891 0.0039936361
2202 0.25 2.16 4 1.4808632 0.0034987801 0.0018143855 0.0053131656
2203 0.3 2.16 5 1.7918233 0.0043579385 0.0022679818 0.0066259203
2204 0.35 2.16 2 0.82320346 0.0017366029 0.00090719273 0.0026437956
2205 0.4 2.16 3 1.1350659 0.0025945334 0.0013607891 0.0039553225
2206 0.45 2.16 4 1.4474695 0.0034449016 0.0018143855 0.0052592871
2207 0.5 2.16 5 1.760469 0.0042872666 0.0022679818 0.0065552485
2208 0.55 2.16 2 0.7941149 0.0017070753 0.00090719273 0.002614268
2209 0.6 2.16 3 1.1084532 0.0025484644 0.0013607891 0.0039092535
2210 0.65 2.16 4 1.4235247 0.0033812597 0.0018143855 0.0051956452
2211 0.7 2.16 5 1.7393651 0.0042051423 0.0022679818 0.0064731242
2212 0.75 2.16 2 0.7760043 0.0016732789 0.00090719273 0.0025804716
2213 0.8 2.16 3 1.0934666 0.0024964766 0.0013607891 0.0038572657
2214 0.85 2.16 4 1.4117704 0.0033103916 0.0018143855 0.005124777
2215 0.9 2.16 5 1.7309279 0.0041148397 0.0022679818 0.0063828215
2216 0.95 2.16 2 0.77094514 0.0016365611 0.00090719273 0.0025437539
2217 1 2.16 3 1.091822 0.0024406426 0.0013607891 0.0038014317
2218 1.05 2.16 4 1.4135523 0.0032351224 0.0018143855 0.0050495079
2219 1.1 2.16 5 1.7361233 0.0040199587 0.0022679818 0.0062879405
2220 1.15 2.16 2 0.77951665 0.0015983858 0.00090719273 0.0025055785
2221 1.2 2.16 3 1.1037077 0.0023831882 0.0013607891 0.0037439773
2222 1.25 2.16 4 1.4286663 0.0031584531 0.0018143855 0.0049728385
2223 1.3 2.16 5 1.7543566 0.0039242821 0.0022679818 0.0061922639
2224 1.35 2.16 2 0.80073747 0.0015602748 0.00090719273 0.0024674676
2225 1.4 2.16 3 1.1277629 0.0023264042 0.0013607891 0.0036871933
2226 1.45 2.16 4 1.4553821 0.0030834401 0.0018143855 0.0048978255
2227 1.5 2.16 5 1.7835401 0.0038316241 0.0022679818 0.0060996059
2228 1.55 2.16 2 0.83217802 0.0015237476 0.00090719273 0.0024309403
2229 1.6 2.16 3 1.1612334 0.0022725541 0.0013607891 0.0036333432
2230 1.65 2.16 4 1.490641 0.0030130739 0.0018143855 0.0048274594
2231 1.7 2.16 5 1.8203327 0.0037456787 0.0022679818 0.0060136605
2232 1.75 2.16 2 0.87023864 0.0014902602 0.00090719273 0.002397453
2233 1.8 2.16 3 1.2002873 0.0022237849 0.0013607891 0.003584574
2234 1.85 2.16 4 1.5304061 0.0029501599 0.0018143855 0.0047645454
2235 1.9 2.16 5 1.8605219 0.0036698722 0.0022679818 0.0059378541
2236 1.95 2.16 2 0.91056176 0.0014611479 0.00090719273 0.0023683406
2237 2 2.16 3 1.2404532 0.0021820409 0.0013607891 0.00354283
2238 2.05 2.16 4 1.5701247 0.0028972063 0.0018143855 0.0047115918
2239 2.1 2.16 5 1.8995064 0.003607227 0.0022679818 0.0058752088
2240 2.15 2.16 2 0.94853075 0.0014375711 0.00090719273 0.0023447639
2241 2.2 2.16 3 1.2771324 0.0021489862 0.0013607891 0.0035097753
2242 2.25 2.16 4 1.6052494 0.0028563241 0.0018143855 0.0046707095
2243 2.3 2.16 5 1.932823 0.0035602404 0.0022679818 0.0058282222
2244 2.35 2.16 2 0.97979851 0.0014204699 0.00090719273 0.0023276626
2245 2.4 2.16 3 1.3061257 0.0021259386 0.0013607891 0.0034867277
2246 2.45 2.16 4 1.6317587 0.0028291431 0.0018143855 0.0046435286
2247 2.5 2.16 5 1.956657 0.0035307855 0.0022679818 0.0057987674
2248 2.55 2.16 2 1.0007852 0.001410526 0.00090719273 0.0023177187
2249 2.6 2.16 3 1.3241134 0.002113817 0.0013607891 0.0034746061
2250 2.65 2.16 4 1.6466177 0.0028167471 0.0018143855 0.0046311326
2251 2.7 2.16 5 1.9682799 0.0035200368 0.0022679818 0.0057880187
2252 2.75 2.16 2 1.009088 0.0014081358 0.00090719273 0.0023153285
2253 2.8 2.16 3 1.3290362 0.0021131046 0.0013607891 0.0034738937
2254 2.85 2.16 4 1.648125 0.0028196301 0.0018143855 0.0046340156
2255 2.9 2.16 5 1.9663607 0.0035284227 0.0022679818 0.0057964046
2256 2.95 2.16 2 1.0037563 0.0014133946 0.00090719273 0.0023205873
2257 3 2.16 3 1.3203305 0.0021238298 0.0013607891 0.0034846189
2258 0 2.22 5 1.85 0.0044364628 0.0022628167 0.0066992795
2259 0.05 2.22 2 0.87981803 0.0017703736 0.00090512668 0.0026755003
2260 0.1 2.22 3 1.1897096 0.0026486043 0.00135769 0.0040062943
2261 0.15 2.22 4 1.4997476 0.0035213691 0.0018102534 0.0053316225
2262 0.2 2.22 5 1.8100041 0.0043880783 0.0022628167 0.006650895
2263 0.25 2.22 2 0.84054942 0.0017493901 0.00090512668 0.0026545167
2264 0.3 2.22 3 1.1514518 0.0026147631 0.00135769 0.0039724531
2265 0.35 2.22 4 1.4627769 0.0034732058 0.0018102534 0.0052834591
2266 0.4 2.22 5 1.7745874 0.0043242223 0.0022628167 0.006587039
2267 0.45 2.22 2 0.80694245 0.0017224508 0.00090512668 0.0026275775
2268 0.5 2.22 3 1.1198972 0.00257236 0.00135769 0.00393005
2269 0.55 2.22 4 1.4335026 0.0034141505 0.0018102534 0.0052244039
2270 0.6 2.22 5 1.7478047 0.0042474407 0.0022628167 0.0065102574
2271 0.65 2.22 2 0.78284479 0.0016906299 0.00090512668 0.0025957565
2272 0.7 2.22 3 1.0986586 0.0025230854 0.00135769 0.0038807754
2273 0.75 2.22 4 1.4152763 0.0033465578 0.0018102534 0.0051568112
2274 0.8 2.22 5 1.7327225 0.0041607943 0.0022628167 0.006423611
2275 0.85 2.22 2 0.7710154 0.0016551958 0.00090512668 0.0025603225
2276 0.9 2.22 3 1.0901675 0.0024689038 0.00135769 0.0038265938
2277 0.95 2.22 4 1.4101849 0.0032731223 0.0018102534 0.0050833757
2278 1 2.22 5 1.7310674 0.0040677376 0.0022628167 0.0063305543
2279 1.05 2.22 2 0.77280864 0.0016175612 0.00090512668 0.0025226879
2280 1.1 2.22 3 1.0953961 0.0024119752 0.00135769 0.0037696652
2281 1.15 2.22 4 1.4188111 0.0031967716 0.0018102534 0.005007025
2282 1.2 2.22 5 1.7430289 0.0039719804 0.0022628167 0.0062347971
2283 1.25 2.22 2 0.78801919 0.0015792265 0.00090512668 0.0024843532
2284 1.3 2.22 3 1.1137458 0.0023545692 0.00135769 0.0037122593
2285 1.35 2.22 4 1.4401674 0.0031205496 0.0018102534 0.004930803
2286 1.4 2.22 5 1.7672377 0.0038773403 0.0022628167 0.006140157
2287 1.45 2.22 2 0.8149056 0.00154172 0.00090512668 0.0024468467
2288 1.5 2.22 3 1.1431157 0.0022989744 0.00135769 0.0036566644
2289 1.55 2.22 4 1.4718088 0.0030474951 0.0018102534 0.0048577485
2290 1.6 2.22 5 1.800922 0.0037875902 0.0022628167 0.0060504069
2291 1.65 2.22 2 0.85038962 0.001506537 0.00090512668 0.0024116636
2292 1.7 2.22 3 1.1801432 0.0022474072 0.00135769 0.0036050972
2293 1.75 2.22 4 1.5101124 0.0029805205 0.0018102534 0.0047907738
2294 1.8 2.22 5 1.8402253 0.0037063082 0.0022628167 0.0059691249
2295 1.85 2.22 2 0.89040865 0.00147508 0.00090512668 0.0023802067
2296 1.9 2.22 3 1.2205891 0.0022019233 0.00135769 0.0035596134
2297 1.95 2.22 4 1.5506931 0.0029222958 0.0018102534 0.0047325491
2298 2 2.22 5 1.8806476 0.0036367348 0.0022628167 0.0058995515
2299 2.05 2.22 2 0.9303809 0.0014486032 0.00090512668 0.0023537298
2300 2.1 2.22 3 1.2598226 0.0021643362 0.00135769 0.0035220262
2301 2.15 2.22 4 1.5889045 0.0028751423 0.0018102534 0.0046853956
2302 2.2 2.22 5 1.9175611 0.0035816436 0.0022628167 0.0058444603
2303 2.25 2.22 2 0.96572991 0.001428162 0.00090512668 0.0023332887
2304 2.3 2.22 3 1.2933519 0.0021361442 0.00135769 0.0034938342
2305 2.35 2.22 4 1.620372 0.0028409398 0.0018102534 0.0046511932
2306 2.4 2.22 5 1.9467395 0.003543231 0.0022628167 0.0058060477
2307 2.45 2.22 2 0.99240855 0.0014145716 0.00090512668 0.0023196983
2308 2.5 2.22 3 1.3173381 0.0021184713 0.00135769 0.0034761613
2309 2.55 2.22 4 1.6414927 0.002821052 0.0018102534 0.0046313053
2310 2.6 2.22 5 1.9648421 0.0035230283 0.0022628167 0.005785845
2311 2.65 2.22 2 1.0073624 0.0014083735 0.00090512668 0.0023135002
2312 2.7 2.22 3 1.3290352 0.0021120221 0.00135769 0.0034697121
2313 2.75 2.22 4 1.6498485 0.0028162716 0.0018102534 0.0046265249
2314 2.8 2.22 5 1.9697964 0.003521841 0.0022628167 0.0057846577
2315 2.85 2.22 2 1.0088793 0.0014098151 0.00090512668 0.0023149417
2316 2.9 2.22 3 1.3271038 0.0021170536 0.00135769 0.0034747437
2317 2.95 2.22 4 1.6444828 0.0028267892 0.0018102534 0.0046370426
2318 3 2.22 5 1.9610351 0.0035397163 0.0022628167 0.005802533
2319 0 2.28 3 1.21 0.0026618777 0.0013551031 0.0040169808
2320 0.05 2.28 4 1.5198252 0.0035407471 0.0018068041 0.0053475513
2321 0.1 2.28 5 1.8297239 0.0044143405 0.0022585052 0.0066728457
2322 0.15 2.28 2 0.859769 0.0017606846 0.00090340207 0.0026640866
2323 0.2 2.28 3 1.1700324 0.002632847 0.0013551031 0.0039879501
2324 0.25 2.28 4 1.4805844 0.0034987801 0.0018068041 0.0053055842
2325 0.3 2.28 5 1.7914931 0.0043579385 0.0022585052 0.0066164437
2326 0.35 2.28 2 0.82282438 0.0017366029 0.00090340207 0.002640005
2327 0.4 2.28 3 1.1346407 0.0025945334 0.0013551031 0.0039496365
2328 0.45 2.28 4 1.4470011 0.0034449016 0.0018068041 0.0052517058
2329 0.5 2.28 5 1.7599609 0.0042872666 0.0022585052 0.0065457718
2330 0.55 2.28 2 0.79357075 0.0017070753 0.00090340207 0.0026104773
2331 0.6 2.28 3 1.1078769 0.0025484644 0.0013551031 0.0039035675
2332 0.65 2.28 4 1.4229205 0.0033812597 0.0018068041 0.0051880639
2333 0.7 2.28 5 1.7387372 0.0042051423 0.0022585052 0.0064636475
2334 0.75 2.28 2 0.77535736 0.0016732789 0.00090340207 0.002576681
2335 0.8 2.28 3 1.0928053 0.0024964766 0.0013551031 0.0038515797
2336 0.85 2.28 4 1.4110994 0.0033103916 0.0018068041 0.0051171957
2337 0.9 2.28 5 1.7302521 0.0041148397 0.0022585052 0.0063733448
2338 0.95 2.28 2 0.77026949 0.0016365611 0.00090340207 0.0025399632
2339 1 2.28 3 1.0911514 0.0024406426 0.0013551031 0.0037957457
2340 1.05 2.28 4 1.4128914 0.0032351224 0.0018068041 0.0050419266
2341 1.1 2.28 5 1.7354771 0.0040199587 0.0022585052 0.0062784639
2342 1.15 2.28 2 0.77888964 0.0015983858 0.00090340207 0.0025017879
2343 1.2 2.28 3 1.1031045 0.0023831882 0.0013551031 0.0037382913
2344 1.25 2.28 4 1.4280912 0.0031584531 0.0018068041 0.0049652572
2345 1.3 2.28 5 1.7538138 0.0039242821 0.0022585052 0.0061827872
2346 1.35 2.28 2 0.8002309 0.0015602748 0.00090340207 0.0024636769
2347 1.4 2.28 3 1.1272962 0.0023264042 0.0013551031 0.0036815073
2348 1.45 2.28 4 1.4549586 0.0030834401 0.0018068041 0.0048902442
2349 1.5 2.28 5 1.783163 0.0038316241 0.0022585052 0.0060901292
2350 1.55 2.28 2 0.83184987 0.0015237476 0.00090340207 0.0024271496
2351 1.6 2.28 3 1.1609567 0.0022725541 0.0013551031 0.0036276572
2352 1.65 2.28 4 1.4904176 0.0030130739 0.0018068041 0.0048198781
2353 1.7 2.28 5 1.8201643 0.0037456787 0.0022585052 0.0060041838
2354 1.75 2.28 2 0.8701265 0.0014902602 0.00090340207 0.0023936623
2355 1.8 2.28 3 1.2002322 0.0022237849 0.0013551031 0.003578888
2356 1.85 2.28 4 1.5304084 0.0029501599 0.0018068041 0.0047569641
2357 1.9 2.28 5 1.8605816 0.0036698722 0.0022585052 0.0059283774
2358 1.95 2.28 2 0.91067845 0.0014611479 0.00090340207 0.0023645499
2359 2 2.28 3 1.240626 0.0021820409 0.0013551031 0.003537144
2360 2.05 2.28 4 1.5703524 0.0028972063 0.0018068041 0.0047040104
2361 2.1 2.28 5 1.8997874 0.003607227 0.0022585052 0.0058657322
2362 2.15 2.28 2 0.94886292 0.0014375711 0.00090340207 0.0023409732
2363 2.2 2.28 3 1.2775134 0.0021489862 0.0013551031 0.0035040893
2364 2.25 2.28 4 1.6056764 0.0028563241 0.0018068041 0.0046631282
2365 2.3 2.28 5 1.933293 0.0035602404 0.0022585052 0.0058187455
2366 2.35 2.28 2 0.98030813 0.0014204699 0.00090340207 0.002323872
2367 2.4 2.28 3 1.3066712 0.0021259386 0.0013551031 0.0034810417
2368 2.45 2.28 4 1.6323362 0.0028291431 0.0018068041 0.0046359473
2369 2.5 2.28 5 1.9572623 0.0035307855 0.0022585052 0.0057892907
2370 2.55 2.28 2 1.0014139 0.001410526 0.00090340207 0.002313928
2371 2.6 2.28 3 1.324761 0.002113817 0.0013551031 0.0034689201
2372 2.65 2.28 4 1.6472795 0.0028167471 0.0018068041 0.0046235512
2373 2.7 2.28 5 1.9689511 0.0035200368 0.0022585052 0.005778542
2374 2.75 2.28 2 1.0097638 0.0014081358 0.00090340207 0.0023115379
2375 2.8 2.28 3 1.3297118 0.0021131046 0.0013551031 0.0034682077
2376 2.85 2.28 4 1.6487953 0.0028196301 0.0018068041 0.0046264343
2377 2.9 2.28 5 1.9670211 0.0035284227 0.0022585052 0.0057869279
2378 2.95 2.28 2 1.0044019 0.0014133946 0.00090340207 0.0023167967
2379 3 2.28 3 1.3209566 0.0021238298 0.0013551031 0.0034789329
2380 0 2.34 5 1.85 0.0044364628 0.0022550628 0.0066915255
2381 0.05 2.34 2 0.87990416 0.0017703736 0.00090202511 0.0026723987
2382 0.1 2.34 3 1.1898812 0.0026486043 0.0013530377 0.004001642
2383 0.15 2.34 4 1.5000036 0.0035213691 0.0018040502 0.0053254194
2384 0.2 2.34 5 1.8103425 0.0043880783 0.0022550628 0.006643141
2385 0.25 2.34 2 0.84096776 0.0017493901 0.00090202511 0.0026514152
2386 0.3 2.34 3 1.1519471 0.0026147631 0.0013530377 0.0039678008
2387 0.35 2.34 4 1.4633456 0.0034732058 0.0018040502 0.005277256
2388 0.4 2.34 5 1.7752254 0.0043242223 0.0022550628 0.0065792851
2389 0.45 2.34 2 0.80764509 0.0017224508 0.00090202511 0.0026244759
2390 0.5 2.34 3 1.1206595 0.00257236 0.0013530377 0.0039253976
2391 0.55 2.34 4 1.4343189 0.0034141505 0.0018040502 0.0052182008
2392 0.6 2.34 5 1.7486693 0.0042474407 0.0022550628 0.0065025034
2393 0.65 2.34 2 0.78375128 0.0016906299 0.00090202511 0.002592655
2394 0.7 2.34 3 1.0996005 0.0025230854 0.0013530377 0.0038761231
2395 0.75 2.34 4 1.4162468 0.0033465578 0.0018040502 0.005150608
2396 0.8 2.34 5 1.7337146 0.0041607943 0.0022550628 0.0064158571
2397 0.85 2.34 2 0.77202197 0.0016551958 0.00090202511 0.0025572209
2398 0.9 2.34 3 1.0911812 0.0024689038 0.0013530377 0.0038219415
2399 0.95 2.34 4 1.4111985 0.0032731223 0.0018040502 0.0050771725
2400 1 2.34 5 1.7320735 0.0040677376 0.0022550628 0.0063228004
2401 1.05 2.34 2 0.77380004 0.0016175612 0.00090202511 0.0025195863
2402 1.1 2.34 3 1.0963656 0.0024119752 0.0013530377 0.0037650129
2403 1.15 2.34 4 1.4197517 0.0031967716 0.0018040502 0.0050008218
2404 1.2 2.34 5 1.7439339 0.0039719804 0.0022550628 0.0062270432
2405 1.25 2.34 2 0.78888192 0.0015792265 0.00090202511 0.0024812516
2406 1.3 2.34 3 1.1145601 0.0023545692 0.0013530377 0.0037076069
2407 1.35 2.34 4 1.4409274 0.0031205496 0.0018040502 0.0049245999
2408 1.4 2.34 5 1.7679379 0.0038773403 0.0022550628 0.006132403
2409 1.45 2.34 2 0.81554087 0.00154172 0.00090202511 0.0024437451
2410 1.5 2.34 3 1.1436815 0.0022989744 0.0013530377 0.0036520121
2411 1.55 2.34 4 1.472301 0.0030474951 0.0018040502 0.0048515453
2412 1.6 2.34 5 1.8013372 0.0037875902 0.0022550628 0.006042653
2413 1.65 2.34 2 0.85072471 0.001506537 0.00090202511 0.0024085621
2414 1.7 2.34 3 1.1803958 0.0022474072 0.0013530377 0.0036004449
2415 1.75 2.34 4 1.5102807 0.0029805205 0.0018040502 0.0047845707
2416 1.8 2.34 5 1.840308 0.0037063082 0.0022550628 0.005961371
2417 1.85 2.34 2 0.89040519 0.00147508 0.00090202511 0.0023771051
2418 1.9 2.34 3 1.2204995 0.0022019233 0.0013530377 0.003554961
2419 1.95 2.34 4 1.550518 0.0029222958 0.0018040502 0.004726346
2420 2 2.34 5 1.8803884 0.0036367348 0.0022550628 0.0058917976
2421 2.05 2.34 2 0.93003929 0.0014486032 0.00090202511 0.0023506283
2422 2.1 2.34 3 1.2594011 0.0021643362 0.0013530377 0.0035173739
2423 2.15 2.34 4 1.5884062 0.0028751423 0.0018040502 0.0046791925
2424 2.2 2.34 5 1.9169896 0.0035816436 0.0022550628 0.0058367064
2425 2.25 2.34 2 0.96508926 0.001428162 0.00090202511 0.0023301872
2426 2.3 2.34 3 1.2926467 0.0021361442 0.0013530377 0.0034891819
2427 2.35 2.34 4 1.6196074 0.0028409398 0.0018040502 0.00464499
2428 2.4 2.34 5 1.9459211 0.003543231 0.0022550628 0.0057982938
2429 2.45 2.34 2 0.99154221 0.0014145716 0.00090202511 0.0023165967
2430 2.5 2.34 3 1.3164301 0.0021184713 0.0013530377 0.003471509
2431 2.55 2.34 4 1.6405495 0.002821052 0.0018040502 0.0046251022
2432 2.6 2.34 5 1.9638706 0.0035230283 0.0022550628 0.0057780911
2433 2.65 2.34 2 1.0063695 0.0014083735 0.00090202511 0.0023103987
2434 2.7 2.34 3 1.3280282 0.0021120221 0.0013530377 0.0034650598
2435 2.75 2.34 4 1.6488346 0.0028162716 0.0018040502 0.0046203218
2436 2.8 2.34 5 1.968783 0.003521841 0.0022550628 0.0057769038
2437 2.85 2.34 2 1.0078736 0.0014098151 0.00090202511 0.0023118402
2438 2.9 2.34 3 1.3261132 0.0021170536 0.0013530377 0.0034700913
2439 2.95 2.34 4 1.6435143 0.0028267892 0.0018040502 0.0046308394
2440 3 2.34 5 1.9600958 0.0035397163 0.0022550628 0.0057947791
2441 0 2.4 3 1.21 0.0026618777 0.0013515011 0.0040133788
2442 0.05 2.4 4 1.5200543 0.0035407471 0.0018020015 0.0053427487
2443 0.1 2.4 5 1.8301804 0.0044143405 0.0022525019 0.0066668424
2444 0.15 2.4 2 0.86044964 0.0017606846 0.00090100075 0.0026616853
2445 0.2 2.4 3 1.1709322 0.002632847 0.0013515011 0.0039843481
2446 0.25 2.4 4 1.4816969 0.0034987801 0.0018020015 0.0053007816
2447 0.3 2.4 5 1.7928104 0.0043579385 0.0022525019 0.0066104404
2448 0.35 2.4 2 0.82433682 0.0017366029 0.00090100075 0.0026376036
2449 0.4 2.4 3 1.1363374 0.0025945334 0.0013515011 0.0039460345
2450 0.45 2.4 4 1.4488698 0.0034449016 0.0018020015 0.0052469031
2451 0.5 2.4 5 1.7619881 0.0042872666 0.0022525019 0.0065397685
2452 0.55 2.4 2 0.79574182 0.0017070753 0.00090100075 0.002608076
2453 0.6 2.4 3 1.1101762 0.0025484644 0.0013515011 0.0038999655
2454 0.65 2.4 4 1.4253313 0.0033812597 0.0018020015 0.0051832612
2455 0.7 2.4 5 1.7412423 0.0042051423 0.0022525019 0.0064576442
2456 0.75 2.4 2 0.7779385 0.0016732789 0.00090100075 0.0025742797
2457 0.8 2.4 3 1.0954439 0.0024964766 0.0013515011 0.0038479777
2458 0.85 2.4 4 1.4137765 0.0033103916 0.0018020015 0.0051123931
2459 0.9 2.4 5 1.7329482 0.0041148397 0.0022525019 0.0063673416
2460 0.95 2.4 2 0.77296518 0.0016365611 0.00090100075 0.0025375619
2461 1 2.4 3 1.0938272 0.0024406426 0.0013515011 0.0037921437
2462 1.05 2.4 4 1.4155281 0.0032351224 0.0018020015 0.0050371239
2463 1.1 2.4 5 1.7380555 0.0040199587 0.0022525019 0.0062724606
2464 1.15 2.4 2 0.78139125 0.0015983858 0.00090100075 0.0024993866
2465 1.2 2.4 3 1.1055112 0.0023831882 0.0013515011 0.0037346894
2466 1.25 2.4 4 1.4303857 0.0031584531 0.0018020015 0.0049604546
2467 1.3 2.4 5 1.7559794 0.0039242821 0.0022525019 0.0061767839
2468 1.35 2.4 2 0.80225202 0.0015602748 0.00090100075 0.0024612756
2469 1.4 2.4 3 1.1291582 0.0023264042 0.0013515011 0.0036779053
2470 1.45 2.4 4 1.4566482 0.0030834401 0.0018020015 0.0048854416
2471 1.5 2.4 5 1.7846678 0.0038316241 0.0022525019 0.0060841259
2472 1.55 2.4 2 0.8331591 0.0015237476 0.00090100075 0.0024247483
2473 1.6 2.4 3 1.1620609 0.0022725541 0.0013515011 0.0036240552
2474 1.65 2.4 4 1.4913088 0.0030130739 0.0018020015 0.0048150754
2475 1.7 2.4 5 1.8208361 0.0037456787 0.0022525019 0.0059981805
2476 1.75 2.4 2 0.87057394 0.0014902602 0.00090100075 0.002391261
2477 1.8 2.4 3 1.2004521 0.0022237849 0.0013515011 0.0035752861
2478 1.85 2.4 4 1.5303992 0.0029501599 0.0018020015 0.0047521614
2479 1.9 2.4 5 1.8603434 0.0036698722 0.0022525019 0.0059223741
2480 1.95 2.4 2 0.91021288 0.0014611479 0.00090100075 0.0023621486
2481 2 2.4 3 1.2399364 0.0021820409 0.0013515011 0.003533542
2482 2.05 2.4 4 1.5694439 0.0028972063 0.0018020015 0.0046992078
2483 2.1 2.4 5 1.8986664 0.003607227 0.0022525019 0.0058597289
2484 2.15 2.4 2 0.94753764 0.0014375711 0.00090100075 0.0023385719
2485 2.2 2.4 3 1.2759934 0.0021489862 0.0013515011 0.0035004873
2486 2.25 2.4 4 1.6039726 0.0028563241 0.0018020015 0.0046583256
2487 2.3 2.4 5 1.9314177 0.0035602404 0.0022525019 0.0058127422
2488 2.35 2.4 2 0.97827487 0.0014204699 0.00090100075 0.0023214707
2489 2.4 2.4 3 1.3044947 0.0021259386 0.0013515011 0.0034774397
2490 2.45 2.4 4 1.6300321 0.0028291431 0.0018020015 0.0046311446
2491 2.5 2.4 5 1.9548473 0.0035307855 0.0022525019 0.0057832874
2492 2.55 2.4 2 0.99890545 0.001410526 0.00090100075 0.0023115267
2493 2.6 2.4 3 1.3221772 0.002113817 0.0013515011 0.0034653181
2494 2.65 2.4 4 1.644639 0.0028167471 0.0018020015 0.0046187486
2495 2.7 2.4 5 1.966273 0.0035200368 0.0022525019 0.0057725387
2496 2.75 2.4 2 1.0070674 0.0014081358 0.00090100075 0.0023091365
2497 2.8 2.4 3 1.3270165 0.0021131046 0.0013515011 0.0034646057
2498 2.85 2.4 4 1.6461207 0.0028196301 0.0018020015 0.0046216316
2499 2.9 2.4 5 1.9643864 0.0035284227 0.0022525019 0.0057809246
2500 2.95 2.4 2 1.0018262 0.0014133946 0.00090100075 0.0023143954
2501 3 2.4 3 1.3184585 0.0021238298 0.0013515011 0.0034753309
300 2501 12505
1 0 0 4 1.53 0.0032541901 0.002124322 0.0053785121
2 0.05 0 5 1.8601877 0.004043903 0.0026554025 0.0066993055
3 0.1 0 2 0.91030188 0.0016079835 0.001062161 0.0026701445
4 0.15 0 3 1.2402694 0.0023975787 0.0015932415 0.0039908202
5 0.2 0 4 1.5700185 0.0031775843 0.002124322 0.0053019063
6 0.25 0 5 1.8994785 0.0039480663 0.0026554025 0.0066034688
7 0.3 0 2 0.94858127 0.0015697128 0.001062161 0.0026318738
8 0.35 0 3 1.2772611 0.0023404122 0.0015932415 0.0039336537
9 0.4 0 4 1.6054552 0.0031018722 0.002124322 0.0052261942
10 0.45 0 5 1.9331044 0.0038543001 0.0026554025 0.0065097026
11 0.5 0 2 0.98015365 0.0015326496 0.001062161 0.0025948106
12 0.55 0 3 1.3065519 0.0022856213 0.0015932415 0.0038788628
13 0.6 0 4 1.632253 0.0030300721 0.002124322 0.0051543941
14 0.65 0 5 1.9572157 0.0037663424 0.0026554025 0.0064217449
15 0.7 0 2 1.0014043 0.0014982715 0.001062161 0.0025604325
16 0.75 0 3 1.3247884 0.0022353903 0.0015932415 0.0038286318
17 0.8 0 4 1.6473438 0.0029650466 0.002124322 0.0050893686
18 0.85 0 5 1.9690518 0.0036876999 0.0026554025 0.0063431024
19 0.9 0 2 1.0099002 0.0014679489 0.001062161 0.0025301099
20 0.95 0 3 1.3298828 0.0021917218 0.0015932415 0.0037849633
21 1 0 4 1.6489998 0.0029093878 0.002124322 0.0050337098
22 1.05 0 5 1.9672575 0.0036215079 0.0026554025 0.0062769104
23 1.1 0 2 1.0046686 0.0014428908 0.001062161 0.0025050518
24 1.15 0 3 1.3212517 0.0021563567 0.0015932415 0.0037495982
25 1.2 0 4 1.6370314 0.0028653149 0.002124322 0.0049896369
26 1.25 0 5 1.9520384 0.0035704051 0.0026554025 0.0062258076
27 1.3 0 2 0.98630853 0.0014240961 0.001062161 0.0024862571
28 1.35 0 3 1.2998833 0.0021307049 0.0015932415 0.0037239464
29 1.4 0 4 1.612809 0.0028345848 0.002124322 0.0049589068
30 1.45 0 5 1.9251368 0.0035364289 0.0026554025 0.0061918314
31 1.5 0 2 0.95692205 0.0014123142 0.001062161 0.0024744752
32 1.55 0 3 1.2682241 0.002115789 0.0015932415 0.0037090305
33 1.6 0 4 1.5791057 0.0028184227 0.002124322 0.0049427446
34 1.65 0 5 1.8896327 0.0035209339 0.0026554025 0.0061763364
35 1.7 0 2 0.91987361 0.0014080147 0.001062161 0.0024701757
36 1.75 0 3 1.2298988 0.0021122037 0.0015932415 0.0037054452
37 1.8 0 4 1.5397803 0.0028174728 0.002124322 0.0049417948
38 1.85 0 5 1.8495911 0.0035245377 0.0026554025 0.0061799402
39 1.9 0 2 0.87940493 0.0014113691 0.001062161 0.0024735301
40 1.95 0 3 1.1892952 0.0021200919 0.0015932415 0.0037133334
41 2 0 4 1.4993351 0.0028317731 0.002124322 0.0049560951
42 2.05 0 5 1.8095963 0.0035470966 0.0026554025 0.0062024991
43 2.1 0 2 0.84014929 0.0014222436 0.001062161 0.0024844046
44 2.15 0 3 1.1510622 0.0021391392 0.0015932415 0.0037323807
45 2.2 0 4 1.4624007 0.0028607534 0.002124322 0.0049850754
46 2.25 0 5 1.7742273 0.0035877114 0.0026554025 0.0062431139
47 2.3 0 2 0.80660108 0.0014402047 0.001062161 0.0025023656
48 2.35 0 3 1.119577 0.0021685862 0.0015932415 0.0037618277
49 2.4 0 4 1.4332059 0.0029032584 0.002124322 0.0050275804
50 2.45 0 5 1.7475336 0.0036447629 0.0026554025 0.0063001654
51 2.5 0 2 0.78260128 0.0014645363 0.001062161 0.0025266973
52 2.55 0 3 1.0984444 0.0022072589 0.0015932415 0.0038005004
53 2.6 0 4 1.415093 0.0029575936 0.002124322 0.0050819156
54 2.65 0 5 1.7325714 0.0037159765 0.0026554025 0.006371379
55 2.7 0 2 0.77089762 0.0014942684 0.001062161 0.0025564294
56 2.75 0 3 1.0900839 0.0022536156 0.0015932415 0.0038468571
57 2.8 0 4 1.410136 0.0030215928 0.002124322 0.0051459148
58 2.85 0 5 1.7310536 0.0037985133 0.0026554025 0.0064539158
59 2.9 0 2 0.77283008 0.0015282157 0.001062161 0.0025903767
60 2.95 0 3 1.0954526 0.0023058082 0.0015932415 0.0038990497
61 3 0 4 1.4189022 0.0030927044 0.002124322 0.0052170264
62 0 0.06 2 0.89 0.001627095 0.001057352 0.002684447
63 0.05 0.06 3 1.2201518 0.0024263418 0.001586028 0.0040123698
64 0.1 0.06 4 1.5502303 0.003215967 0.002114704 0.005330671
65 0.15 0.06 5 1.8801627 0.0039959645 0.00264338 0.0066393445
66 0.2 0.06 2 0.92987735 0.0015887922 0.001057352 0.0026461442
67 0.25 0.06 3 1.259304 0.0023688398 0.001586028 0.0039548678
68 0.3 0.06 4 1.5883747 0.0031394257 0.002114704 0.0052541297
69 0.35 0.06 5 1.9170239 0.0039006871 0.00264338 0.0065440671
70 0.4 0.06 2 0.96518911 0.0015509361 0.001057352 0.0026082881
71 0.45 0.06 3 1.2928114 0.00231258 0.001586028 0.003898608
72 0.5 0.06 4 1.6198358 0.0030652992 0.002114704 0.0051800032
73 0.55 0.06 5 1.9462115 0.0038093689 0.00264338 0.0064527489
74 0.6 0.06 2 0.99189243 0.0015150361 0.001057352 0.0025723881
75 0.65 0.06 3 1.3168377 0.0022598054 0.001586028 0.0038458334
76 0.7 0.06 4 1.6410115 0.0029965429 0.002114704 0.0051112469
77 0.75 0.06 5 1.9643837 0.0037256506 0.00264338 0.0063690306
78 0.8 0.06 2 1.00693 0.0014825233 0.001057352 0.0025398753
79 0.85 0.06 3 1.328632 0.00221262 0.001586028 0.003798648
80 0.9 0.06 4 1.6494774 0.0029358978 0.002114704 0.0050506018
81 0.95 0.06 5 1.9694601 0.0036528697 0.00264338 0.0062962497
82 1 0.06 2 1.0085802 0.0014546939 0.001057352 0.0025120459
83 1.05 0.06 3 1.3268441 0.0021729047 0.001586028 0.0037589327
84 1.1 0.06 4 1.6442643 0.0028857816 0.002114704 0.0050004856
85 1.15 0.06 5 1.9608594 0.0035939278 0.00264338 0.0062373078
86 1.2 0.06 2 0.99665405 0.0014326575 0.001057352 0.0024900095
87 1.25 0.06 3 1.3116786 0.0021422431 0.001586028 0.0037282711
88 1.3 0.06 4 1.625969 0.0028481923 0.002114704 0.0049628963
89 1.35 0.06 5 1.9395663 0.0035511748 0.00264338 0.0061945548
90 1.4 0.06 2 0.97251702 0.0014172924 0.001057352 0.0024746444
91 1.45 0.06 3 1.2848719 0.0021218574 0.001586028 0.0037078854
92 1.5 0.06 4 1.5966861 0.0028246284 0.002114704 0.0049393324
93 1.55 0.06 5 1.9080188 0.0035263149 0.00264338 0.0061696949
94 1.6 0.06 2 0.93893256 0.0014092113 0.001057352 0.0024665633
95 1.65 0.06 3 1.249493 0.0021125603 0.001586028 0.0036985883
96 1.7 0.06 4 1.5597683 0.0028160295 0.002114704 0.0049307335
97 1.75 0.06 5 1.8698286 0.0035203395 0.00264338 0.0061637195
98 1.8 0.06 2 0.89974577 0.0014087364 0.001057352 0.0024660884
99 1.85 0.06 3 1.2095926 0.0021147226 0.001586028 0.0037007506
100 1.9 0.06 4 1.5194423 0.0028227382 0.002114704 0.0049374422
101 1.95 0.06 5 1.8293683 0.0035334865 0.00264338 0.0061768665
102 2 0.06 2 0.85944319 0.0014158865 0.001057352 0.0024732385
103 2.05 0.06 3 1.1697388 0.002128258 0.001586028 0.003714286
104 2.1 0.06 4 1.4803251 0.0028444872 0.002114704 0.0049591912
105 2.15 0.06 5 1.79127 0.003565232 0.00264338 0.006208612
106 2.2 0.06 2 0.82263908 0.0014303767 0.001057352 0.0024877287
107 2.25 0.06 3 1.1344945 0.0021526269 0.001586028 0.0037386549
108 2.3 0.06 4 1.4468951 0.0028804093 0.002114704 0.0049951133
109 2.35 0.06 5 1.7598958 0.0036143103 0.00264338 0.0062576903
110 2.4 0.06 2 0.79354716 0.0014516292 0.001057352 0.0025089812
111 2.45 0.06 3 1.1078949 0.0021868577 0.001586028 0.0037728857
112 2.5 0.06 4 1.42298 0.0029290725 0.002114704 0.0050437765
113 2.55 0.06 5 1.7388377 0.0036787649 0.00264338 0.0063221449
114 2.6 0.06 2 0.77549819 0.0014787968 0.001057352 0.0025361488
115 2.65 0.06 3 1.0929854 0.0022295859 0.001586028 0.0038156139
116 2.7 0.06 4 1.4113176 0.0029885368 0.002114704 0.0051032407
117 2.75 0.06 5 1.7305067 0.003756026 0.00264338 0.006399406
118 2.8 0.06 2 0.77055861 0.0015107964 0.001057352 0.0025681484
119 2.85 0.06 3 1.091473 0.002279108 0.001586028 0.003865136
120 2.9 0.06 4 1.4132432 0.0030564314 0.002114704 0.0051711354
121 2.95 0.06 5 1.7358565 0.0038430137 0.00264338 0.0064863937
122 3 0.06 2 0.77929396 0.0015463522 0.001057352 0.0026037042
123 0 0.12 4 1.53 0.0032541901 0.0021046732 0.0053588633
124 0.05 0.12 5 1.8600443 0.004043903 0.0026308415 0.0066747445
125 0.1 0.12 2 0.91001605 0.0016079835 0.0010523366 0.0026603201
126 0.15 0.12 3 1.2398433 0.0023975787 0.0015785049 0.0039760836
127 0.2 0.12 4 1.569455 0.0031775843 0.0021046732 0.0052822575
128 0.25 0.12 5 1.8987819 0.0039480663 0.0026308415 0.0065789078
129 0.3 0.12 2 0.94775651 0.0015697128 0.0010523366 0.0026220494
130 0.35 0.12 3 1.2763141 0.0023404122 0.0015785049 0.0039189171
131 0.4 0.12 4 1.6043928 0.0031018722 0.0021046732 0.0052065454
132 0.45 0.12 5 1.9319344 0.0038543001 0.0026308415 0.0064851416
133 0.5 0.12 2 0.97888439 0.0015326496 0.0010523366 0.0025849862
134 0.55 0.12 3 1.3051926 0.0022856213 0.0015785049 0.0038641262
135 0.6 0.12 4 1.6308134 0.0030300721 0.0021046732 0.0051347453
136 0.65 0.12 5 1.9557062 0.0037663424 0.0026308415 0.0063971839
137 0.7 0.12 2 0.99983583 0.0014982715 0.0010523366 0.0025506081
138 0.75 0.12 3 1.3231723 0.0022353903 0.0015785049 0.0038138952
139 0.8 0.12 4 1.6456917 0.0029650466 0.0021046732 0.0050697198
140 0.85 0.12 5 1.9673757 0.0036876999 0.0026308415 0.0063185414
141 0.9 0.12 2 1.0082121 0.0014679489 0.0010523366 0.0025202855
142 0.95 0.12 3 1.328195 0.0021917218 0.0015785049 0.0037702267
143 1 0.12 4 1.6473244 0.0029093878 0.0021046732 0.005014061
144 1.05 0.12 5 1.9656067 0.0036215079 0.0026308415 0.0062523494
145 1.1 0.12 2 1.0030542 0.0014428908 0.0010523366 0.0024952274
146 1.15 0.12 3 1.3196854 0.0021563567 0.0015785049 0.0037348616
147 1.2 0.12 4 1.6355246 0.0028653149 0.0021046732 0.0049699881
148 1.25 0.12 5 1.9506018 0.0035704051 0.0026308415 0.0062012466
149 1.3 0.12 2 0.98495262 0.0014240961 0.0010523366 0.0024764327
150 1.35 0.12 3 1.2986178 0.0021307049 0.0015785049 0.0037092098
151 1.4 0.12 4 1.6116431 0.0028345848 0.0021046732 0.004939258
152 1.45 0.12 5 1.924079 0.0035364289 0.0026308415 0.0061672704
153 1.5 0.12 2 0.95597986 0.0014123142 0.0010523366 0.0024646508
154 1.55 0.12 3 1.2674044 0.002115789 0.0015785049 0.0036942939
155 1.6 0.12 4 1.5784143 0.0028184227 0.0021046732 0.0049230958
156 1.65 0.12 5 1.8890748 0.0035209339 0.0026308415 0.0061517754
157 1.7 0.12 2 0.91945303 0.0014080147 0.0010523366 0.0024603513
158 1.75 0.12 3 1.2296186 0.0021122037 0.0015785049 0.0036907086
159 1.8 0.12 4 1.5396426 0.0028174728 0.0021046732 0.004922146
160 1.85 0.12 5 1.8495969 0.0035245377 0.0026308415 0.0061553792
161 1.9 0.12 2 0.8795541 0.0014113691 0.0010523366 0.0024637057
162 1.95 0.12 3 1.1895867 0.0021200919 0.0015785049 0.0036985968
163 2 0.12 4 1.4997668 0.0028317731 0.0021046732 0.0049364463
164 2.05 0.12 5 1.8101651 0.0035470966 0.0026308415 0.0061779381
165 2.1 0.12 2 0.84085113 0.0014222436 0.0010523366 0.0024745802
166 2.15 0.12 3 1.151892 0.0021391392 0.0015785049 0.0037176441
167 2.2 0.12 4 1.4633524 0.0028607534 0.0021046732 0.0049654266
168 2.25 0.12 5 1.7752941 0.0035877114 0.0026308415 0.0062185529
169 2.3 0.12 2 0.80777524 0.0014402047 0.0010523366 0.0024925412
170 2.35 0.12 3 1.1208501 0.0021685862 0.0015785049 0.0037470911
171 2.4 0.12 4 1.4345686 0.0029032584 0.0021046732 0.0050079316
172 2.45 0.12 5 1.7489762 0.0036447629 0.0026308415 0.0062756044
173 2.5 0.12 2 0.78411333 0.0014645363 0.0010523366 0.0025168729
174 2.55 0.12 3 1.100015 0.0022072589 0.0015785049 0.0037857638
175 2.6 0.12 4 1.4167108 0.0029575936 0.0021046732 0.0050622668
176 2.65 0.12 5 1.7342246 0.0037159765 0.0026308415 0.006346818
177 2.7 0.12 2 0.77257445 0.0014942684 0.0010523366 0.002546605
178 2.75 0.12 3 1.0917721 0.0022536156 0.0015785049 0.0038321205
179 2.8 0.12 4 1.4118235 0.0030215928 0.0021046732 0.005126266
180 2.85 0.12 5 1.7327282 0.0037985133 0.0026308415 0.0064293548
181 2.9 0.12 2 0.7744797 0.0015282157 0.0010523366 0.0025805523
182 2.95 0.12 3 1.0970653 0.0023058082 0.0015785049 0.0038843131
183 3 0.12 4 1.4204664 0.0030927044 0.0021046732 0.0051973776
184 0 0.18 2 0.89 0.001627095 0.0010471328 0.0026742279
185 0.05 0.18 3 1.2198659 0.0024263418 0.0015706993 0.0039970411
186 0.1 0.18 4 1.5496607 0.003215967 0.0020942657 0.0053102326
187 0.15 0.18 5 1.8793134 0.0039959645 0.0026178321 0.0066137966
188 0.2 0.18 2 0.9287545 0.0015887922 0.0010471328 0.002635925
189 0.25 0.18 3 1.2579157 0.0023688398 0.0015706993 0.0039395391
190 0.3 0.18 4 1.586731 0.0031394257 0.0020942657 0.0052336913
191 0.35 0.18 5 1.9151367 0.0039006871 0.0026178321 0.0065185191
192 0.4 0.18 2 0.96307196 0.0015509361 0.0010471328 0.0025980689
193 0.45 0.18 3 1.2904796 0.00231258 0.0015706993 0.0038832793
194 0.5 0.18 4 1.6173062 0.0030652992 0.0020942657 0.0051595649
195 0.55 0.18 5 1.9435024 0.0038093689 0.0026178321 0.006427201
196 0.6 0.18 2 0.98902337 0.0015150361 0.0010471328 0.0025621689
197 0.65 0.18 3 1.3138294 0.0022598054 0.0015706993 0.0038305047
198 0.7 0.18 4 1.6378856 0.0029965429 0.0020942657 0.0050908086
199 0.75 0.18 5 1.9611629 0.0037256506 0.0026178321 0.0063434827
200 0.8 0.18 2 1.0036375 0.0014825233 0.0010471328 0.0025296561
201 0.85 0.18 3 1.3252916 0.00221262 0.0015706993 0.0037833192
202 0.9 0.18 4 1.6461132 0.0029358978 0.0020942657 0.0050301635
203 0.95 0.18 5 1.9660964 0.0036528697 0.0026178321 0.0062707018
204 1 0.18 2 1.0052412 0.0014546939 0.0010471328 0.0025018268
205 1.05 0.18 3 1.323554 0.0021729047 0.0015706993 0.003743604
206 1.1 0.18 4 1.6410469 0.0028857816 0.0020942657 0.0049800473
207 1.15 0.18 5 1.9577379 0.0035939278 0.0026178321 0.0062117599
208 1.2 0.18 2 0.99365092 0.0014326575 0.0010471328 0.0024797903
209 1.25 0.18 3 1.3088156 0.0021422431 0.0015706993 0.0037129423
210 1.3 0.18 4 1.6232667 0.0028481923 0.0020942657 0.004942458
211 1.35 0.18 5 1.9370444 0.0035511748 0.0026178321 0.0061690069
212 1.4 0.18 2 0.97019353 0.0014172924 0.0010471328 0.0024644252
213 1.45 0.18 3 1.2827636 0.0021218574 0.0015706993 0.0036925566
214 1.5 0.18 0 0.31480836 0 0 0
215 1.55 0.18 0 0.30638511 0 0 0
216 1.6 0.18 0 0.29755473 0 0 0
217 1.65 0.18 0 0.28838097 0 0 0
218 1.7 0.18 4 1.5589301 0.0028160295 0.0020942657 0.0049102951
219 1.75 0.18 5 1.8692703 0.0035203395 0.0026178321 0.0061381716
220 1.8 0.18 2 0.89947136 0.0014087364 0.0010471328 0.0024558692
221 1.85 0.18 3 1.209604 0.0021147226 0.0015706993 0.0036854219
222 1.9 0.18 4 1.5197396 0.0028227382 0.0020942657 0.0049170039
223 1.95 0.18 5 1.8299492 0.0035334865 0.0026178321 0.0061513186
224 2 0.18 2 0.8603036 0.0014158865 0.0010471328 0.0024630194
225 2.05 0.18 3 1.1708724 0.002128258 0.0015706993 0.0036989572
226 2.1 0.18 4 1.4817238 0.0028444872 0.0020942657 0.0049387528
227 2.15 0.18 5 1.7929237 0.003565232 0.0026178321 0.0061830641
228 2.2 0.18 2 0.8245358 0.0014303767 0.0010471328 0.0024775095
229 2.25 0.18 3 1.1366206 0.0021526269 0.0015706993 0.0037233261
230 2.3 0.18 4 1.4492352 0.0028804093 0.0020942657 0.004974675
231 2.35 0.18 5 1.762433 0.0036143103 0.0026178321 0.0062321424
232 2.4 0.18 2 0.79626305 0.0014516292 0.0010471328 0.0024987621
233 2.45 0.18 3 1.11077 0.0021868577 0.0015706993 0.003757557
234 2.5 0.18 4 1.4259934 0.0029290725 0.0020942657 0.0050233382
235 2.55 0.18 5 1.7419678 0.0036787649 0.0026178321 0.006296597
236 2.6 0.18 2 0.7787223 0.0014787968 0.0010471328 0.0025259296
237 2.65 0.18 3 1.0962803 0.0022295859 0.0015706993 0.0038002852
238 2.7 0.18 4 1.4146594 0.0029885368 0.0020942657 0.0050828024
239 2.75 0.18 5 1.7338713 0.003756026 0.0026178321 0.0063738581
240 2.8 0.18 2 0.77392181 0.0015107964 0.0010471328 0.0025579292
241 2.85 0.18 3 1.0948104 0.002279108 0.0015706993 0.0038498072
242 2.9 0.18 4 1.4165308 0.0030564314 0.0020942657 0.005150697
243 2.95 0.18 5 1.7390705 0.0038430137 0.0026178321 0.0064608458
244 3 0.18 2 0.78241119 0.0015463522 0.0010471328 0.0025934851
245 0 0.24 4 1.53 0.0032541901 0.0020835189 0.005337709
246 0.05 0.24 5 1.859618 0.004043903 0.0026043986 0.0066483017
247 0.1 0.24 2 0.90916662 0.0016079835 0.0010417595 0.0026497429
248 0.15 0.24 3 1.2385768 0.0023975787 0.0015626392 0.0039602179
249 0.2 0.24 4 1.5677807 0.0031775843 0.0020835189 0.0052611032
250 0.25 0.24 5 1.8967117 0.0039480663 0.0026043986 0.006552465
251 0.3 0.24 2 0.94530547 0.0015697128 0.0010417595 0.0026114723
252 0.35 0.24 3 1.2734999 0.0023404122 0.0015626392 0.0039030514
253 0.4 0.24 4 1.6012358 0.0031018722 0.0020835189 0.0051853911
254 0.45 0.24 5 1.9284573 0.0038543001 0.0026043986 0.0064586987
255 0.5 0.24 2 0.97511235 0.0015326496 0.0010417595 0.0025744091
256 0.55 0.24 3 1.3011528 0.0022856213 0.0015626392 0.0038482605
257 0.6 0.24 4 1.6265351 0.0030300721 0.0020835189 0.0051135911
258 0.65 0.24 5 1.9512203 0.0037663424 0.0026043986 0.006370741
259 0.7 0.24 2 0.99517467 0.0014982715 0.0010417595 0.0025400309
260 0.75 0.24 3 1.3183696 0.0022353903 0.0015626392 0.0037980295
261 0.8 0.24 4 1.640782 0.0029650466 0.0020835189 0.0050485655
262 0.85 0.24 5 1.9623945 0.0036876999 0.0026043986 0.0062920986
263 0.9 0.24 2 1.0031955 0.0014679489 0.0010417595 0.0025097083
264 0.95 0.24 3 1.3231791 0.0021917218 0.0015626392 0.003754361
265 1 0.24 4 1.6423454 0.0029093878 0.0020835189 0.0049929067
266 1.05 0.24 5 1.9607006 0.0036215079 0.0026043986 0.0062259065
267 1.1 0.24 2 0.99825644 0.0014428908 0.0010417595 0.0024846502
268 1.15 0.24 3 1.3150306 0.0021563567 0.0015626392 0.0037189959
269 1.2 0.24 4 1.6310464 0.0028653149 0.0020835189 0.0049488338
270 1.25 0.24 0 0.3463325 0 0 0
271 1.3 0.24 0 0.34092306 0 0 0
272 1.35 0.24 0 0.33485709 0 0 0
273 1.4 0.24 0 0.32817841 0 0 0
274 1.45 0.24 0 0.32093522 0 0 0
275 1.5 0.24 0 0.31317984 0 0 0
276 1.55 0.24 0 0.30496825 0 0 0
277 1.6 0.24 0 0.29635976 0 0 0
278 1.65 0.24 0 0.28741652 0 0 0
279 1.7 0.24 0 0.27820311 0 0 0
280 1.75 0.24 0 0.26878606 0 0 0
281 1.8 0.24 0 0.25923336 0 0 0
282 1.85 0.24 0 0.24961398 0 0 0
283 1.9 0.24 0 0.2399974 0 0 0
284 1.95 0.24 3 1.190453 0.0021200919 0.0015626392 0.0036827311
285 2 0.24 4 1.5010498 0.0028317731 0.0020835189 0.004915292
286 2.05 0.24 5 1.8118556 0.0035470966 0.0026043986 0.0061514953
287 2.1 0.24 2 0.84293689 0.0014222436 0.0010417595 0.002464003
288 2.15 0.24 3 1.154358 0.0021391392 0.0015626392 0.0037017784
289 2.2 0.24 4 1.4661808 0.0028607534 0.0020835189 0.0049442723
290 2.25 0.24 5 1.7784645 0.0035877114 0.0026043986 0.0061921101
291 2.3 0.24 2 0.81126466 0.0014402047 0.0010417595 0.0024819641
292 2.35 0.24 3 1.1246334 0.0021685862 0.0015626392 0.0037312254
293 2.4 0.24 4 1.4386185 0.0029032584 0.0020835189 0.0049867773
294 2.45 0.24 5 1.7532634 0.0036447629 0.0026043986 0.0062491615
295 2.5 0.24 2 0.7886069 0.0014645363 0.0010417595 0.0025062957
296 2.55 0.24 3 1.1046825 0.0022072589 0.0015626392 0.0037698981
297 2.6 0.24 4 1.4215185 0.0029575936 0.0020835189 0.0050411125
298 2.65 0.24 5 1.7391379 0.0037159765 0.0026043986 0.0063203751
299 2.7 0.24 2 0.7775577 0.0014942684 0.0010417595 0.0025360278
300 2.75 0.24 3 1.0967894 0.0022536156 0.0015626392 0.0038162548
301 2.8 0.24 4 1.4168387 0.0030215928 0.0020835189 0.0051051117
302 2.85 0.24 5 1.737705 0.0037985133 0.0026043986 0.0064029119
303 2.9 0.24 2 0.7793821 0.0015282157 0.0010417595 0.0025699751
304 2.95 0.24 3 1.101858 0.0023058082 0.0015626392 0.0038684474
305 3 0.24 4 1.4251147 0.0030927044 0.0020835189 0.0051762233
306 0 0.3 2 0.89 0.001627095 0.0010362358 0.0026633308
307 0.05 0.3 3 1.2193023 0.0024263418 0.0015543537 0.0039806955
308 0.1 0.3 4 1.5485374 0.003215967 0.0020724716 0.0052884385
309 0.15 0.3 5 1.8776387 0.0039959645 0.0025905894 0.006586554
310 0.2 0.3 2 0.92654041 0.0015887922 0.0010362358 0.0026250279
311 0.25 0.3 3 1.2551783 0.0023688398 0.0015543537 0.0039231935
312 0.3 0.3 4 1.5834899 0.0031394257 0.0020724716 0.0052118972
313 0.35 0.3 5 1.9114153 0.0039006871 0.0025905894 0.0064912765
314 0.4 0.3 2 0.95889727 0.0015509361 0.0010362358 0.0025871719
315 0.45 0.3 3 1.2858817 0.00231258 0.0015543537 0.0038669337
316 0.5 0.3 4 1.6123183 0.0030652992 0.0020724716 0.0051377708
317 0.55 0.3 5 1.9381605 0.0038093689 0.0025905894 0.0063999583
318 0.6 0.3 2 0.98336605 0.0015150361 0.0010362358 0.0025512719
319 0.65 0.3 3 1.3078975 0.0022598054 0.0015543537 0.0038141591
320 0.7 0.3 4 1.631722 0.0029965429 0.0020724716 0.0050690145
321 0.75 0.3 5 1.9548121 0.0037256506 0.0025905894 0.00631624
322 0.8 0.3 2 0.99714528 0.0014825233 0.0010362358 0.0025187591
323 0.85 0.3 3 1.3187049 0.00221262 0.0015543537 0.0037669736
324 0.9 0.3 4 1.6394795 0.0029358978 0.0020724716 0.0050083693
325 0.95 0.3 5 1.9594636 0.0036528697 0.0025905894 0.0062434591
326 1 0.3 2 0.99865738 0.0014546939 0.0010362358 0.0024909297
327 1.05 0.3 3 1.3170665 0.0021729047 0.0015543537 0.0037272584
328 1.1 0.3 0 0.35470261 0 0 0
329 1.15 0.3 0 0.35158266 0 0 0
330 1.2 0.3 0 0.34772922 0 0 0
331 1.25 0.3 0 0.34317011 0 0 0
332 1.3 0.3 0 0.33793825 0 0 0
333 1.35 0.3 0 0.33207142 0 0 0
334 1.4 0.3 0 0.32561198 0 0 0
335 1.45 0.3 0 0.31860657 0 0 0
336 1.5 0.3 0 0.31110578 0 0 0
337 1.55 0.3 0 0.30316376 0 0 0
338 1.6 0.3 0 0.29483787 0 0 0
339 1.65 0.3 0 0.28618822 0 0 0
340 1.7 0.3 0 0.27727727 0 0 0
341 1.75 0.3 0 0.26816935 0 0 0
342 1.8 0.3 0 0.25893025 0 0 0
343 1.85 0.3 0 0.24962666 0 0 0
344 1.9 0.3 0 0.24032576 0 0 0
345 1.95 0.3 0 0.23109472 0 0 0
346 2 0.3 0 0.22200019 0 0 0
347 2.05 0.3 0 0.21310783 0 0 0
348 2.1 0.3 4 1.4844819 0.0028444872 0.0020724716 0.0049169587
349 2.15 0.3 5 1.7961846 0.003565232 0.0025905894 0.0061558215
350 2.2 0.3 2 0.82827585 0.0014303767 0.0010362358 0.0024666125
351 2.25 0.3 3 1.1408128 0.0021526269 0.0015543537 0.0037069805
352 2.3 0.3 4 1.4538494 0.0028804093 0.0020724716 0.0049528809
353 2.35 0.3 5 1.7674358 0.0036143103 0.0025905894 0.0062048998
354 2.4 0.3 2 0.80161835 0.0014516292 0.0010362358 0.002487865
355 2.45 0.3 3 1.1164391 0.0021868577 0.0015543537 0.0037412114
356 2.5 0.3 4 1.4319354 0.0029290725 0.0020724716 0.0050015441
357 2.55 0.3 5 1.7481398 0.0036787649 0.0025905894 0.0062693543
358 2.6 0.3 2 0.78507972 0.0014787968 0.0010362358 0.0025150326
359 2.65 0.3 3 1.1027772 0.0022295859 0.0015543537 0.0037839396
360 2.7 0.3 4 1.4212489 0.0029885368 0.0020724716 0.0050610083
361 2.75 0.3 5 1.7405059 0.003756026 0.0025905894 0.0063466155
362 2.8 0.3 2 0.78055349 0.0015107964 0.0010362358 0.0025470322
363 2.85 0.3 3 1.1013914 0.002279108 0.0015543537 0.0038334616
364 2.9 0.3 4 1.4230134 0.0030564314 0.0020724716 0.0051289029
365 2.95 0.3 5 1.745408 0.0038430137 0.0025905894 0.0064336031
366 3 0.3 2 0.78855786 0.0015463522 0.0010362358 0.002582588
367 0 0.36 4 1.53 0.0032541901 0.0020611634 0.0053153535
368 0.05 0.36 5 1.858921 0.004043903 0.0025764542 0.0066203573
369 0.1 0.36 2 0.9077775 0.0016079835 0.0010305817 0.0026385652
370 0.15 0.36 3 1.2365057 0.0023975787 0.0015458725 0.0039434512
371 0.2 0.36 4 1.5650425 0.0031775843 0.0020611634 0.0052387477
372 0.25 0.36 5 1.8933262 0.0039480663 0.0025764542 0.0065245206
373 0.3 0.36 2 0.94129715 0.0015697128 0.0010305817 0.0026002945
374 0.35 0.36 3 1.2688977 0.0023404122 0.0015458725 0.0038862848
375 0.4 0.36 4 1.5960729 0.0031018722 0.0020611634 0.0051630356
376 0.45 0.36 5 1.9227711 0.0038543001 0.0025764542 0.0064307543
377 0.5 0.36 2 0.96894375 0.0015326496 0.0010305817 0.0025632313
378 0.55 0.36 3 1.2945464 0.0022856213 0.0015458725 0.0038314939
379 0.6 0.36 4 1.6195386 0.0030300721 0.0020611634 0.0050912355
380 0.65 0.36 5 1.9438843 0.0037663424 0.0025764542 0.0063427966
381 0.7 0.36 2 0.98755203 0.0014982715 0.0010305817 0.0025288532
382 0.75 0.36 3 1.3105154 0.0022353903 0.0015458725 0.0037812629
383 0.8 0.36 4 1.632753 0.0029650466 0.0020611634 0.00502621
384 0.85 0.36 5 1.9542486 0.0036876999 0.0025764542 0.0062641542
385 0.9 0.36 2 0.99499151 0.0014679489 0.0010305817 0.0024985306
386 0.95 0.36 3 1.3149763 0.0021917218 0.0015458725 0.0037375944
387 1 0.36 0 0.35420309 0 0 0
388 1.05 0.36 0 0.35267746 0 0 0
389 1.1 0.36 0 0.35041044 0 0 0
390 1.15 0.36 0 0.34741839 0 0 0
391 1.2 0.36 0 0.34372292 0 0 0
392 1.25 0.36 0 0.3393507 0 0 0
393 1.3 0.36 0 0.33433332 0 0 0
394 1.35 0.36 3 1.288707 0.0021307049 0.0015458725 0.0036765774
395 1.4 0.36 4 1.6025123 0.0028345848 0.0020611634 0.0048957482
396 1.45 0.36 5 1.9157941 0.0035364289 0.0025764542 0.0061128832
397 1.5 0.36 2 0.94860081 0.0014123142 0.0010305817 0.0024428959
398 1.55 0.36 3 1.2609844 0.002115789 0.0015458725 0.0036616615
399 1.6 0.36 4 1.5729998 0.0028184227 0.0020611634 0.004879586
400 1.65 0.36 5 1.8847047 0.0035209339 0.0025764542 0.0060973881
401 1.7 0.36 2 0.91615906 0.0014080147 0.0010305817 0.0024385964
402 1.75 0.36 3 1.2274245 0.0021122037 0.0015458725 0.0036580762
403 1.8 0.36 4 1.5385642 0.0028174728 0.0020611634 0.0048786362
404 1.85 0.36 0 0.24964196 0 0 0
405 1.9 0.36 0 0.24072235 0 0 0
406 1.95 0.36 0 0.23186972 0 0 0
407 2 0.36 0 0.22314801 0 0 0
408 2.05 0.36 0 0.21462019 0 0 0
409 2.1 0.36 0 0.20634783 0 0 0
410 2.15 0.36 0 0.19839067 0 0 0
411 2.2 0.36 0 0.19080617 0 0 0
412 2.25 0.36 5 1.7836491 0.0035877114 0.0025764542 0.0061641657
413 2.3 0.36 2 0.81697108 0.0014402047 0.0010305817 0.0024707863
414 2.35 0.36 3 1.1308204 0.0021685862 0.0015458725 0.0037144587
415 2.4 0.36 4 1.4452415 0.0029032584 0.0020611634 0.0049644218
416 2.45 0.36 5 1.7602745 0.0036447629 0.0025764542 0.0062212171
417 2.5 0.36 2 0.79595547 0.0014645363 0.0010305817 0.0024951179
418 2.55 0.36 3 1.1123155 0.0022072589 0.0015458725 0.0037531315
419 2.6 0.36 4 1.4293808 0.0029575936 0.0020611634 0.005018757
420 2.65 0.36 5 1.7471727 0.0037159765 0.0025764542 0.0062924307
421 2.7 0.36 2 0.78570707 0.0014942684 0.0010305817 0.0025248501
422 2.75 0.36 3 1.1049945 0.0022536156 0.0015458725 0.0037994882
423 2.8 0.36 4 1.4250401 0.0030215928 0.0020611634 0.0050827561
424 2.85 0.36 5 1.7458436 0.0037985133 0.0025764542 0.0063749675
425 2.9 0.36 2 0.78739924 0.0015282157 0.0010305817 0.0025587974
426 2.95 0.36 3 1.1096957 0.0023058082 0.0015458725 0.0038516807
427 3 0.36 4 1.4327164 0.0030927044 0.0020611634 0.0051538678
428 0 0.42 2 0.89 0.001627095 0.0010248175 0.0026519126
429 0.05 0.42 3 1.2184767 0.0024263418 0.0015372263 0.0039635681
430 0.1 0.42 4 1.5468922 0.003215967 0.0020496351 0.0052656021
431 0.15 0.42 5 1.8751857 0.0039959645 0.0025620439 0.0065580084
432 0.2 0.42 2 0.92329742 0.0015887922 0.0010248175 0.0026136097
433 0.25 0.42 3 1.2511687 0.0023688398 0.0015372263 0.0039060661
434 0.3 0.42 4 1.5787426 0.0031394257 0.0020496351 0.0051890607
435 0.35 0.42 5 1.9059647 0.0039006871 0.0025620439 0.0064627309
436 0.4 0.42 2 0.9527826 0.0015509361 0.0010248175 0.0025757537
437 0.45 0.42 3 1.2791472 0.00231258 0.0015372263 0.0038498064
438 0.5 0.42 4 1.6050125 0.0030652992 0.0020496351 0.0051149343
439 0.55 0.42 5 1.9303362 0.0038093689 0.0025620439 0.0063714127
440 0.6 0.42 2 0.97507976 0.0015150361 0.0010248175 0.0025398536
441 0.65 0.42 3 1.299209 0.0022598054 0.0015372263 0.0037970318
442 0.7 0.42 4 1.6226941 0.0029965429 0.0020496351 0.005046178
443 0.75 0.42 5 1.9455099 0.0037256506 0.0025620439 0.0062876944
444 0.8 0.42 2 0.98763607 0.0014825233 0.0010248175 0.0025073408
445 0.85 0.42 0 0.34905723 0 0 0
446 0.9 0.42 0 0.34976313 0 0 0
447 0.95 0.42 0 0.34974868 0 0 0
448 1 0.42 0 0.34901397 0 0 0
449 1.05 0.42 0 0.34756432 0 0 0
450 1.1 0.42 0 0.34541019 0 0 0
451 1.15 0.42 0 0.34256714 0 0 0
452 1.2 0.42 2 0.97905569 0.0014326575 0.0010248175 0.002457475
453 1.25 0.42 3 1.2949012 0.0021422431 0.0015372263 0.0036794694
454 1.3 0.42 4 1.6101337 0.0028481923 0.0020496351 0.0048978274
455 1.35 0.42 5 1.9247875 0.0035511748 0.0025620439 0.0061132186
456 1.4 0.42 2 0.95890137 0.0014172924 0.0010248175 0.0024421099
457 1.45 0.42 3 1.2725177 0.0021218574 0.0015372263 0.0036590837
458 1.5 0.42 4 1.5856826 0.0028246284 0.0020496351 0.0048742635
459 1.55 0.42 5 1.8984454 0.0035263149 0.0025620439 0.0060883588
460 1.6 0.42 2 0.93085848 0.0014092113 0.0010248175 0.0024340289
461 1.65 0.42 3 1.2429765 0.0021125603 0.0015372263 0.0036497866
462 1.7 0.42 4 1.5548564 0.0028160295 0.0020496351 0.0048656646
463 1.75 0.42 5 1.8665568 0.0035203395 0.0025620439 0.0060823833
464 1.8 0.42 2 0.89813768 0.0014087364 0.0010248175 0.0024335539
465 1.85 0.42 3 1.2096598 0.0021147226 0.0015372263 0.0036519489
466 1.9 0.42 4 1.5211844 0.0028227382 0.0020496351 0.0048723733
467 1.95 0.42 5 1.8327726 0.0035334865 0.0025620439 0.0060955304
468 2 0.42 2 0.86448519 0.0014158865 0.0010248175 0.0024407041
469 2.05 0.42 0 0.21638204 0 0 0
470 2.1 0.42 0 0.20852163 0 0 0
471 2.15 0.42 0 0.20096072 0 0 0
472 2.2 0.42 0 0.19375391 0 0 0
473 2.25 0.42 0 0.18695323 0 0 0
474 2.3 0.42 0 0.18060779 0 0 0
475 2.35 0.42 5 1.7747634 0.0036143103 0.0025620439 0.0061763542
476 2.4 0.42 2 0.80946228 0.0014516292 0.0010248175 0.0024764468
477 2.45 0.42 3 1.1247427 0.0021868577 0.0015372263 0.0037240841
478 2.5 0.42 4 1.4406387 0.0029290725 0.0020496351 0.0049787076
479 2.55 0.42 5 1.75718 0.0036787649 0.0025620439 0.0062408087
480 2.6 0.42 2 0.79439146 0.0014787968 0.0010248175 0.0025036144
481 2.65 0.42 3 1.1122933 0.0022295859 0.0015372263 0.0037668122
482 2.7 0.42 4 1.4309007 0.0029885368 0.0020496351 0.0050381718
483 2.75 0.42 5 1.7502236 0.003756026 0.0025620439 0.0063180699
484 2.8 0.42 2 0.79026694 0.0015107964 0.0010248175 0.0025356139
485 2.85 0.42 3 1.1110304 0.002279108 0.0015372263 0.0038163343
486 2.9 0.42 4 1.4325086 0.0030564314 0.0020496351 0.0051060665
487 2.95 0.42 5 1.7546906 0.0038430137 0.0025620439 0.0064050576
488 3 0.42 2 0.79756091 0.0015463522 0.0010248175 0.0025711698
489 0 0.48 4 1.53 0.0032541901 0.0020379282 0.0052921182
490 0.05 0.48 5 1.8579727 0.004043903 0.0025474102 0.0065913132
491 0.1 0.48 2 0.90588781 0.0016079835 0.0010189641 0.0026269476
492 0.15 0.48 3 1.2336882 0.0023975787 0.0015284461 0.0039260248
493 0.2 0.48 4 1.5613176 0.0031775843 0.0020379282 0.0052155125
494 0.25 0.48 5 1.8887208 0.0039480663 0.0025474102 0.0064954765
495 0.3 0.48 2 0.93584442 0.0015697128 0.0010189641 0.0025886769
496 0.35 0.48 3 1.262637 0.0023404122 0.0015284461 0.0038688584
497 0.4 0.48 4 1.5890496 0.0031018722 0.0020379282 0.0051398004
498 0.45 0.48 5 1.9150357 0.0038543001 0.0025474102 0.0064017103
499 0.5 0.48 2 0.96055227 0.0015326496 0.0010189641 0.0025516137
500 0.55 0.48 3 1.2855594 0.0022856213 0.0015284461 0.0038140675
501 0.6 0.48 4 1.6100209 0.0030300721 0.0020379282 0.0050680003
502 0.65 0.48 5 1.9339047 0.0037663424 0.0025474102 0.0063137526
503 0.7 0.48 2 0.97718255 0.0014982715 0.0010189641 0.0025172355
504 0.75 0.48 0 0.33983092 0 0 0
505 0.8 0.48 0 0.34183065 0 0 0
506 0.85 0.48 0 0.34316731 0 0 0
507 0.9 0.48 0 0.34383124 0 0 0
508 0.95 0.48 0 0.34381764 0 0 0
509 1 0.48 0 0.34312662 0 0 0
510 1.05 0.48 5 1.9417632 0.0036215079 0.0025474102 0.0061689181
511 1.1 0.48 2 0.97973712 0.0014428908 0.0010189641 0.0024618549
512 1.15 0.48 3 1.2970631 0.0021563567 0.0015284461 0.0036848028
513 1.2 0.48 4 1.6137605 0.0028653149 0.0020379282 0.0049032431
514 1.25 0.48 5 1.929853 0.0035704051 0.0025474102 0.0061178153
515 1.3 0.48 2 0.96536895 0.0014240961 0.0010189641 0.0024430602
516 1.35 0.48 3 1.2803407 0.0021307049 0.0015284461 0.003659151
517 1.4 0.48 4 1.5948045 0.0028345848 0.0020379282 0.004872513
518 1.45 0.48 5 1.9088004 0.0035364289 0.0025474102 0.0060838391
519 1.5 0.48 2 0.94237173 0.0014123142 0.0010189641 0.0024312783
520 1.55 0.48 3 1.2555649 0.002115789 0.0015284461 0.0036442351
521 1.6 0.48 4 1.568429 0.0028184227 0.0020379282 0.0048563508
522 1.65 0.48 5 1.8810157 0.0035209339 0.0025474102 0.0060683441
523 1.7 0.48 2 0.91337844 0.0014080147 0.0010189641 0.0024269788
524 1.75 0.48 3 1.2255723 0.0021122037 0.0015284461 0.0036406498
525 1.8 0.48 4 1.5376538 0.0028174728 0.0020379282 0.004855401
526 1.85 0.48 5 1.84968 0.0035245377 0.0025474102 0.0060719479
527 1.9 0.48 2 0.88170853 0.0014113691 0.0010189641 0.0024303332
528 1.95 0.48 3 1.1937969 0.0021200919 0.0015284461 0.003648538
529 2 0.48 4 1.5060023 0.0028317731 0.0020379282 0.0048697012
530 2.05 0.48 5 1.818381 0.0035470966 0.0025474102 0.0060945068
531 2.1 0.48 2 0.85098792 0.0014222436 0.0010189641 0.0024412077
532 2.15 0.48 0 0.20387658 0 0 0
533 2.2 0.48 0 0.19709829 0 0 0
534 2.25 0.48 0 0.19070197 0 0 0
535 2.3 0.48 0 0.18473383 0 0 0
536 2.35 0.48 0 0.17923695 0 0 0
537 2.4 0.48 0 0.17425103 0 0 0
538 2.45 0.48 0 0.16981207 0 0 0
539 2.5 0.48 2 0.80595211 0.0014645363 0.0010189641 0.0024835003
540 2.55 0.48 3 1.122699 0.0022072589 0.0015284461 0.003735705
541 2.6 0.48 4 1.4400763 0.0029575936 0.0020379282 0.0049955218
542 2.65 0.48 5 1.7581029 0.0037159765 0.0025474102 0.0062633867
543 2.7 0.48 2 0.79679308 0.0014942684 0.0010189641 0.0025132325
544 2.75 0.48 3 1.1161563 0.0022536156 0.0015284461 0.0037820618
545 2.8 0.48 4 1.436197 0.0030215928 0.0020379282 0.0050595209
546 2.85 0.48 5 1.7569151 0.0037985133 0.0025474102 0.0063459235
547 2.9 0.48 2 0.79830538 0.0015282157 0.0010189641 0.0025471798
548 2.95 0.48 3 1.1203577 0.0023058082 0.0015284461 0.0038342543
549 3 0.48 4 1.4430573 0.0030927044 0.0020379282 0.0051306326
550 0 0.54 0 0.25 0 0 0
551 0.05 0.54 3 1.2174124 0.0024263418 0.0015195636 0.0039459054
552 0.1 0.54 4 1.5447714 0.003215967 0.0020260847 0.0052420517
553 0.15 0.54 5 1.8720236 0.0039959645 0.0025326059 0.0065285704
554 0.2 0.54 2 0.91911686 0.0015887922 0.0010130424 0.0026018345
555 0.25 0.54 3 1.2459999 0.0023688398 0.0015195636 0.0038884034
556 0.3 0.54 4 1.5726229 0.0031394257 0.0020260847 0.0051655104
557 0.35 0.54 5 1.8989382 0.0039006871 0.0025326059 0.006433293
558 0.4 0.54 2 0.94490011 0.0015509361 0.0010130424 0.0025639785
559 0.45 0.54 3 1.2704656 0.00231258 0.0015195636 0.0038321436
560 0.5 0.54 4 1.5955945 0.0030652992 0.0020260847 0.005091384
561 0.55 0.54 0 0.32024979 0 0 0
562 0.6 0.54 0 0.32439781 0 0 0
563 0.65 0.54 0 0.32800863 0 0 0
564 0.7 0.54 0 0.33105618 0 0 0
565 0.75 0.54 0 0.33351845 0 0 0
566 0.8 0.54 0 0.33537766 0 0 0
567 0.85 0.54 0 0.33662039 0 0 0
568 0.9 0.54 0 0.33723766 0 0 0
569 0.95 0.54 5 1.937225 0.0036528697 0.0025326059 0.0061854756
570 1 0.54 2 0.97658256 0.0014546939 0.0010130424 0.0024677363
571 1.05 0.54 3 1.2953149 0.0021729047 0.0015195636 0.0036924683
572 1.1 0.54 4 1.6134312 0.0028857816 0.0020260847 0.0049118663
573 1.15 0.54 5 1.9309451 0.0035939278 0.0025326059 0.0061265338
574 1.2 0.54 2 0.96787456 0.0014326575 0.0010130424 0.0024456998
575 1.25 0.54 3 1.2842417 0.0021422431 0.0015195636 0.0036618066
576 1.3 0.54 4 1.6000727 0.0028481923 0.0020260847 0.004874277
577 1.35 0.54 5 1.9153978 0.0035511748 0.0025326059 0.0060837807
578 1.4 0.54 2 0.95025066 0.0014172924 0.0010130424 0.0024303348
579 1.45 0.54 3 1.2646685 0.0021218574 0.0015195636 0.0036414209
580 1.5 0.54 4 1.5786915 0.0028246284 0.0020260847 0.0048507132
581 1.55 0.54 5 1.892363 0.0035263149 0.0025326059 0.0060589209
582 1.6 0.54 2 0.92572861 0.0014092113 0.0010130424 0.0024222537
583 1.65 0.54 3 1.2388362 0.0021125603 0.0015195636 0.0036321239
584 1.7 0.54 4 1.5517356 0.0028160295 0.0020260847 0.0048421142
585 1.75 0.54 5 1.8644781 0.0035203395 0.0025326059 0.0060529454
586 1.8 0.54 2 0.89711598 0.0014087364 0.0010130424 0.0024217788
587 1.85 0.54 3 1.2097025 0.0021147226 0.0015195636 0.0036342862
588 1.9 0.54 4 1.5222912 0.0028227382 0.0020260847 0.0048488229
589 1.95 0.54 5 1.8349355 0.0035334865 0.0025326059 0.0060660925
590 2 0.54 2 0.86768863 0.0014158865 0.0010130424 0.0024289289
591 2.05 0.54 3 1.1806028 0.002128258 0.0015195636 0.0036478215
592 2.1 0.54 4 1.4937293 0.0028444872 0.0020260847 0.0048705719
593 2.15 0.54 5 1.8071177 0.003565232 0.0025326059 0.0060978379
594 2.2 0.54 2 0.84081572 0.0014303767 0.0010130424 0.0024434191
595 2.25 0.54 3 1.1548689 0.0021526269 0.0015195636 0.0036721904
596 2.3 0.54 0 0.18932012 0 0 0
597 2.35 0.54 0 0.18420952 0 0 0
598 2.4 0.54 0 0.17957396 0 0 0
599 2.45 0.54 0 0.17544692 0 0 0
600 2.5 0.54 0 0.1718582 0 0 0
601 2.55 0.54 0 0.16883372 0 0 0
602 2.6 0.54 0 0.16639532 0 0 0
603 2.65 0.54 3 1.1245606 0.0022295859 0.0015195636 0.0037491495
604 2.7 0.54 4 1.4433428 0.0029885368 0.0020260847 0.0050146215
605 2.75 0.54 5 1.7627507 0.003756026 0.0025326059 0.006288632
606 2.8 0.54 2 0.80278863 0.0015107964 0.0010130424 0.0025238388
607 2.85 0.54 3 1.1234563 0.002279108 0.0015195636 0.0037986715
608 2.9 0.54 4 1.4447488 0.0030564314 0.0020260847 0.0050825161
609 2.95 0.54 5 1.7666569 0.0038430137 0.0025326059 0.0063756196
610 3 0.54 2 0.80916684 0.0015463522 0.0010130424 0.0025593946
611 0 0.6 0 0.25 0 0 0
612 0.05 0.6 0 0.25679993 0 0 0
613 0.1 0.6 0 0.26355075 0 0 0
614 0.15 0.6 0 0.27020373 0 0 0
615 0.2 0.6 0 0.27671083 0 0 0
616 0.25 0.6 0 0.28302506 0 0 0
617 0.3 0.6 0 0.28910082 0 0 0
618 0.35 0.6 0 0.29489425 0 0 0
619 0.4 0.6 0 0.30036352 0 0 0
620 0.45 0.6 0 0.30546912 0 0 0
621 0.5 0.6 0 0.31017421 0 0 0
622 0.55 0.6 0 0.3144448 0 0 0
623 0.6 0.6 0 0.31825005 0 0 0
624 0.65 0.6 0 0.3215625 0 0 0
625 0.7 0.6 0 0.32435821 0 0 0
626 0.75 0.6 0 0.32661702 0 0 0
627 0.8 0.6 4 1.6083226 0.0029650466 0.0020141474 0.004979194
628 0.85 0.6 5 1.9294626 0.0036876999 0.0025176843 0.0062053842
629 0.9 0.6 2 0.9700289 0.0014679489 0.0010070737 0.0024750226
630 0.95 0.6 3 1.2900173 0.0021917218 0.0015106106 0.0037023324
631 1 0.6 4 1.6094279 0.0029093878 0.0020141474 0.0049235353
632 1.05 0.6 0 0.32826503 0 0 0
633 1.1 0.6 0 0.32653702 0 0 0
634 1.15 0.6 0 0.32425635 0 0 0
635 1.2 0.6 0 0.32143951 0 0 0
636 1.25 0.6 0 0.31810682 0 0 0
637 1.3 0.6 0 0.31428236 0 0 0
638 1.35 0.6 0 0.30999374 0 0 0
639 1.4 0.6 0 0.30527193 0 0 0
640 1.45 0.6 5 1.900151 0.0035364289 0.0025176843 0.0060541132
641 1.5 0.6 2 0.93466798 0.0014123142 0.0010070737 0.0024193879
642 1.55 0.6 3 1.2488624 0.002115789 0.0015106106 0.0036263995
643 1.6 0.6 4 1.5627762 0.0028184227 0.0020141474 0.0048325701
644 1.65 0.6 5 1.8764534 0.0035209339 0.0025176843 0.0060386182
645 1.7 0.6 2 0.90993953 0.0014080147 0.0010070737 0.0024150885
646 1.75 0.6 3 1.2232817 0.0021122037 0.0015106106 0.0036228143
647 1.8 0.6 4 1.536528 0.0028174728 0.0020141474 0.0048316202
648 1.85 0.6 5 1.8497271 0.0035245377 0.0025176843 0.006042222
649 1.9 0.6 2 0.88292819 0.0014113691 0.0010070737 0.0024184428
650 1.95 0.6 3 1.1961803 0.0021200919 0.0015106106 0.0036307025
651 2 0.6 4 1.5095323 0.0028317731 0.0020141474 0.0048459205
652 2.05 0.6 5 1.823032 0.0035470966 0.0025176843 0.0060647809
653 2.1 0.6 2 0.8567265 0.0014222436 0.0010070737 0.0024293173
654 2.15 0.6 3 1.1706612 0.0021391392 0.0015106106 0.0036497498
655 2.2 0.6 4 1.48488 0.0028607534 0.0020141474 0.0048749009
656 2.25 0.6 5 1.7994246 0.0035877114 0.0025176843 0.0061053957
657 2.3 0.6 2 0.83433432 0.0014402047 0.0010070737 0.0024472784
658 2.35 0.6 3 1.149646 0.0021685862 0.0015106106 0.0036791968
659 2.4 0.6 4 1.4653935 0.0029032584 0.0020141474 0.0049174059
660 2.45 0.6 0 0.18160751 0 0 0
661 2.5 0.6 0 0.17831534 0 0 0
662 2.55 0.6 0 0.17554079 0 0 0
663 2.6 0.6 0 0.17330388 0 0 0
664 2.65 0.6 0 0.17162076 0 0 0
665 2.7 0.6 0 0.17050359 0 0 0
666 2.75 0.6 0 0.16996044 0 0 0
667 2.8 0.6 0 0.16999522 0 0 0
668 2.85 0.6 0 0.1706077 0 0 0
669 2.9 0.6 0 0.17179343 0 0 0
670 2.95 0.6 0 0.17354387 0 0 0
671 3 0.6 0 0.17584637 0 0 0
672 0 0.66 0 0.25 0 0 0
673 0.05 0.66 0 0.25613946 0 0 0
674 0.1 0.66 0 0.26223458 0 0 0
675 0.15 0.66 0 0.26824137 0 0 0
676 0.2 0.66 0 0.27411644 0 0 0
677 0.25 0.66 0 0.27981737 0 0 0
678 0.3 0.66 0 0.285303 0 0 0
679 0.35 0.66 0 0.29053372 0 0 0
680 0.4 0.66 0 0.29547176 0 0 0
681 0.45 0.66 0 0.30008147 0 0 0
682 0.5 0.66 0 0.30432956 0 0 0
683 0.55 0.66 0 0.30818535 0 0 0
684 0.6 0.66 0 0.311621 0 0 0
685 0.65 0.66 3 1.2746117 0.0022598054 0.0015016194 0.0037614249
686 0.7 0.66 4 1.5971359 0.0029965429 0.0020021592 0.0049987021
687 0.75 0.66 5 1.9191753 0.0037256506 0.002502699 0.0062283496
688 0.8 0.66 2 0.96071521 0.0014825233 0.0010010796 0.0024836029
689 0.85 0.66 3 1.2817445 0.00221262 0.0015016194 0.0037142394
690 0.9 0.66 4 1.6022558 0.0029358978 0.0020021592 0.004938057
691 0.95 0.66 0 0.32224531 0 0 0
692 1 0.66 0 0.32171318 0 0 0
693 1.05 0.66 0 0.32066324 0 0 0
694 1.1 0.66 0 0.31910306 0 0 0
695 1.15 0.66 0 0.31704391 0 0 0
696 1.2 0.66 0 0.31450067 0 0 0
697 1.25 0.66 0 0.31149168 0 0 0
698 1.3 0.66 0 0.30803869 0 0 0
699 1.35 0.66 0 0.30416662 0 0 0
700 1.4 0.66 0 0.29990343 0 0 0
701 1.45 0.66 0 0.2952799 0 0 0
702 1.5 0.66 4 1.5703294 0.0028246284 0.0020021592 0.0048267877
703 1.55 0.66 5 1.8850877 0.0035263149 0.002502699 0.006029014
704 1.6 0.66 2 0.91959271 0.0014092113 0.0010010796 0.0024102909
705 1.65 0.66 3 1.233884 0.0021125603 0.0015016194 0.0036141797
706 1.7 0.66 4 1.5480028 0.0028160295 0.0020021592 0.0048181887
707 1.75 0.66 5 1.8619917 0.0035203395 0.002502699 0.0060230385
708 1.8 0.66 2 0.89589391 0.0014087364 0.0010010796 0.002409816
709 1.85 0.66 3 1.2097536 0.0021147226 0.0015016194 0.003616342
710 1.9 0.66 4 1.5236151 0.0028227382 0.0020021592 0.0048248974
711 1.95 0.66 5 1.8375226 0.0035334865 0.002502699 0.0060361856
712 2 0.66 2 0.8715203 0.0014158865 0.0010010796 0.0024169662
713 2.05 0.66 3 1.1856514 0.002128258 0.0015016194 0.0036298774
714 2.1 0.66 4 1.4999583 0.0028444872 0.0020021592 0.0048466464
715 2.15 0.66 5 1.8144822 0.003565232 0.002502699 0.006067931
716 2.2 0.66 2 0.84926245 0.0014303767 0.0010010796 0.0024314563
717 2.25 0.66 3 1.1643369 0.0021526269 0.0015016194 0.0036542463
718 2.3 0.66 4 1.4797411 0.0028804093 0.0020021592 0.0048825685
719 2.35 0.66 5 1.7955081 0.0036143103 0.002502699 0.0061170094
720 2.4 0.66 2 0.83166867 0.0014516292 0.0010010796 0.0024527088
721 2.45 0.66 3 1.1482504 0.0021868577 0.0015016194 0.0036884772
722 2.5 0.66 4 1.465278 0.0029290725 0.0020021592 0.0049312317
723 2.55 0.66 5 1.7827729 0.0036787649 0.002502699 0.0061814639
724 2.6 0.66 0 0.18075328 0 0 0
725 2.65 0.66 0 0.17923365 0 0 0
726 2.7 0.66 0 0.17822499 0 0 0
727 2.75 0.66 0 0.17773459 0 0 0
728 2.8 0.66 0 0.177766 0 0 0
729 2.85 0.66 0 0.17831898 0 0 0
730 2.9 0.66 0 0.17938955 0 0 0
731 2.95 0.66 0 0.18096997 0 0 0
732 3 0.66 0 0.18304883 0 0 0
733 0 0.72 4 1.53 0.0032541901 0.0019901632 0.0052443533
734 0.05 0.72 5 1.8554357 0.004043903 0.002487704 0.0065316071
735 0.1 0.72 2 0.90083214 0.0016079835 0.00099508162 0.0026030651
736 0.15 0.72 3 1.2261504 0.0023975787 0.0014926224 0.0038902011
737 0.2 0.72 0 0.27135198 0 0 0
738 0.25 0.72 0 0.27639941 0 0 0
739 0.3 0.72 0 0.28125623 0 0 0
740 0.35 0.72 0 0.28588736 0 0 0
741 0.4 0.72 4 1.5702594 0.0031018722 0.0019901632 0.0050920355
742 0.45 0.72 5 1.8943406 0.0038543001 0.002487704 0.0063420041
743 0.5 0.72 2 0.93810178 0.0015326496 0.00099508162 0.0025277312
744 0.55 0.72 3 1.2615156 0.0022856213 0.0014926224 0.0037782438
745 0.6 0.72 4 1.5845574 0.0030300721 0.0019901632 0.0050202354
746 0.65 0.72 5 1.9072053 0.0037663424 0.002487704 0.0062540465
747 0.7 0.72 2 0.94944012 0.0014982715 0.00099508162 0.0024933531
748 0.75 0.72 3 1.2712458 0.0022353903 0.0014926224 0.0037280128
749 0.8 0.72 4 1.5926091 0.0029650466 0.0019901632 0.0049552098
750 0.85 0.72 5 1.9135205 0.0036876999 0.002487704 0.006175404
751 0.9 0.72 0 0.31397312 0 0 0
752 0.95 0.72 0 0.31396386 0 0 0
753 1 0.72 0 0.31349273 0 0 0
754 1.05 0.72 0 0.31256314 0 0 0
755 1.1 0.72 0 0.3111818 0 0 0
756 1.15 0.72 0 0.3093587 0 0 0
757 1.2 0.72 0 0.30710698 0 0 0
758 1.25 0.72 0 0.30444291 0 0 0
759 1.3 0.72 0 0.30138573 0 0 0
760 1.35 0.72 0 0.29795752 0 0 0
761 1.4 0.72 0 0.29418302 0 0 0
762 1.45 0.72 0 0.29008948 0 0 0
763 1.5 0.72 0 0.28570648 0 0 0
764 1.55 0.72 0 0.28106565 0 0 0
765 1.6 0.72 4 1.5562005 0.0028184227 0.0019901632 0.0048085859
766 1.65 0.72 5 1.8711462 0.0035209339 0.002487704 0.0060086379
767 1.7 0.72 2 0.90593917 0.0014080147 0.00099508162 0.0024030964
768 1.75 0.72 3 1.2206171 0.0021122037 0.0014926224 0.0036048261
769 1.8 0.72 4 1.5352183 0.0028174728 0.0019901632 0.004807636
770 1.85 0.72 5 1.8497818 0.0035245377 0.002487704 0.0060122417
771 1.9 0.72 2 0.88434697 0.0014113691 0.00099508162 0.0024064507
772 1.95 0.72 3 1.1989529 0.0021200919 0.0014926224 0.0036127143
773 2 0.72 4 1.5136386 0.0028317731 0.0019901632 0.0048219363
774 2.05 0.72 5 1.8284425 0.0035470966 0.002487704 0.0060348007
775 2.1 0.72 2 0.86340199 0.0014222436 0.00099508162 0.0024173252
776 2.15 0.72 3 1.1785536 0.0021391392 0.0014926224 0.0036317616
777 2.2 0.72 4 1.4939322 0.0028607534 0.0019901632 0.0048509166
778 2.25 0.72 5 1.8095712 0.0035877114 0.002487704 0.0060754155
779 2.3 0.72 2 0.84550223 0.0014402047 0.00099508162 0.0024352863
780 2.35 0.72 3 1.1617545 0.0021685862 0.0014926224 0.0036612086
781 2.4 0.72 4 1.4783552 0.0029032584 0.0019901632 0.0048934217
782 2.45 0.72 5 1.7953287 0.0036447629 0.002487704 0.0061324669
783 2.5 0.72 2 0.83269705 0.0014645363 0.00099508162 0.0024596179
784 2.55 0.72 3 1.1504791 0.0022072589 0.0014926224 0.0036998813
785 2.6 0.72 4 1.468691 0.0029575936 0.0019901632 0.0049477568
786 2.65 0.72 5 1.7873456 0.0037159765 0.002487704 0.0062036806
787 2.7 0.72 2 0.82645253 0.0014942684 0.00099508162 0.00248935
788 2.75 0.72 3 1.1460183 0.0022536156 0.0014926224 0.0037462381
789 2.8 0.72 4 1.4660462 0.0030215928 0.0019901632 0.005011756
790 2.85 0.72 0 0.18653575 0 0 0
791 2.9 0.72 0 0.1874836 0 0 0
792 2.95 0.72 0 0.18888286 0 0 0
793 3 0.72 4 1.4707234 0.0030927044 0.0019901632 0.0050828677
794 0 0.78 2 0.89 0.001627095 0.00098910132 0.0026161964
795 0.05 0.78 3 1.2146936 0.0024263418 0.001483652 0.0039099938
796 0.1 0.78 4 1.5393533 0.003215967 0.0019782026 0.0051941696
797 0.15 0.78 5 1.8639455 0.0039959645 0.0024727533 0.0064687178
798 0.2 0.78 2 0.90843695 0.0015887922 0.00098910132 0.0025778935
799 0.25 0.78 3 1.2327953 0.0023688398 0.001483652 0.0038524918
800 0.3 0.78 4 1.556989 0.0031394257 0.0019782026 0.0051176283
801 0.35 0.78 5 1.8809879 0.0039006871 0.0024727533 0.0063734404
802 0.4 0.78 2 0.92476304 0.0015509361 0.00098910132 0.0025400374
803 0.45 0.78 3 1.2482871 0.00231258 0.001483652 0.003796232
804 0.5 0.78 4 1.5715348 0.0030652992 0.0019782026 0.0050435019
805 0.55 0.78 5 1.8944825 0.0038093689 0.0024727533 0.0062821222
806 0.6 0.78 2 0.93710908 0.0015150361 0.00098910132 0.0025041374
807 0.65 0.78 3 1.2593955 0.0022598054 0.001483652 0.0037434574
808 0.7 0.78 4 1.5813252 0.0029965429 0.0019782026 0.0049747456
809 0.75 0.78 5 1.9028843 0.0037256506 0.0024727533 0.0061984039
810 0.8 0.78 2 0.94406158 0.0014825233 0.00098910132 0.0024716246
811 0.85 0.78 0 0.30484848 0 0 0
812 0.9 0.78 0 0.30523934 0 0 0
813 0.95 0.78 0 0.30523134 0 0 0
814 1 0.78 0 0.30482453 0 0 0
815 1.05 0.78 0 0.30402185 0 0 0
816 1.1 0.78 0 0.3028291 0 0 0
817 1.15 0.78 0 0.30125489 0 0 0
818 1.2 0.78 0 0.29931058 0 0 0
819 1.25 0.78 0 0.29701022 0 0 0
820 1.3 0.78 0 0.29437042 0 0 0
821 1.35 0.78 0 0.29141023 0 0 0
822 1.4 0.78 0 0.28815103 0 0 0
823 1.45 0.78 0 0.28461636 0 0 0
824 1.5 0.78 0 0.28083174 0 0 0
825 1.55 0.78 0 0.27682449 0 0 0
826 1.6 0.78 0 0.27262355 0 0 0
827 1.65 0.78 3 1.2282592 0.0021125603 0.001483652 0.0035962123
828 1.7 0.78 4 1.5437631 0.0028160295 0.0019782026 0.0047942321
829 1.75 0.78 5 1.8591676 0.0035203395 0.0024727533 0.0059930928
830 1.8 0.78 2 0.89450587 0.0014087364 0.00098910132 0.0023978377
831 1.85 0.78 3 1.2098116 0.0021147226 0.001483652 0.0035983746
832 1.9 0.78 4 1.5251187 0.0028227382 0.0019782026 0.0048009408
833 1.95 0.78 5 1.8404611 0.0035334865 0.0024727533 0.0060062398
834 2 0.78 2 0.87587232 0.0014158865 0.00098910132 0.0024049879
835 2.05 0.78 3 1.1913856 0.002128258 0.001483652 0.00361191
836 2.1 0.78 4 1.5070332 0.0028444872 0.0019782026 0.0048226898
837 2.15 0.78 5 1.8228467 0.003565232 0.0024727533 0.0060379853
838 2.2 0.78 2 0.85885626 0.0014303767 0.00098910132 0.002419478
839 2.25 0.78 3 1.1750907 0.0021526269 0.001483652 0.0036362789
840 2.3 0.78 4 1.4915772 0.0028804093 0.0019782026 0.004858612
841 2.35 0.78 5 1.8083411 0.0036143103 0.0024727533 0.0060870636
842 2.4 0.78 2 0.84540586 0.0014516292 0.00098910132 0.0024407305
843 2.45 0.78 3 1.1627926 0.0021868577 0.001483652 0.0036705097
844 2.5 0.78 4 1.4805202 0.0029290725 0.0019782026 0.0049072752
845 2.55 0.78 5 1.7986051 0.0036787649 0.0024727533 0.0061515182
846 2.6 0.78 2 0.83706108 0.0014787968 0.00098910132 0.0024678981
847 2.65 0.78 3 1.1558993 0.0022295859 0.001483652 0.0037132379
848 2.7 0.78 4 1.4751282 0.0029885368 0.0019782026 0.0049667394
849 2.75 0.78 5 1.7947533 0.003756026 0.0024727533 0.0062287794
850 2.8 0.78 2 0.83477731 0.0015107964 0.00098910132 0.0024998977
851 2.85 0.78 3 1.1552001 0.002279108 0.001483652 0.00376276
852 2.9 0.78 4 1.4760185 0.0030564314 0.0019782026 0.005034634
853 2.95 0.78 5 1.7972267 0.0038430137 0.0024727533 0.006315767
854 3 0.78 2 0.83881602 0.0015463522 0.00098910132 0.0025354535
855 0 0.84 4 1.53 0.0032541901 0.0019663205 0.0052205106
856 0.05 0.84 5 1.8539184 0.004043903 0.0024579006 0.0065018037
857 0.1 0.84 2 0.89780851 0.0016079835 0.00098316026 0.0025911437
858 0.15 0.84 3 1.2216422 0.0023975787 0.0014747404 0.0038723191
859 0.2 0.84 4 1.5453919 0.0031775843 0.0019663205 0.0051439048
860 0.25 0.84 5 1.8690304 0.0039480663 0.0024579006 0.006405967
861 0.3 0.84 2 0.91253154 0.0015697128 0.00098316026 0.0025528731
862 0.35 0.84 3 1.23587 0.0023404122 0.0014747404 0.0038151526
863 0.4 0.84 4 1.5590216 0.0031018722 0.0019663205 0.0050681927
864 0.45 0.84 5 1.8819636 0.0038543001 0.0024579006 0.0063122007
865 0.5 0.84 2 0.92467491 0.0015326496 0.00098316026 0.0025158099
866 0.55 0.84 3 1.2471358 0.0022856213 0.0014747404 0.0037603617
867 0.6 0.84 4 1.5693286 0.0030300721 0.0019663205 0.0049963927
868 0.65 0.84 5 1.8912373 0.0037663424 0.0024579006 0.006224243
869 0.7 0.84 2 0.93284833 0.0014982715 0.00098316026 0.0024814317
870 0.75 0.84 3 1.25415 0.0022353903 0.0014747404 0.0037101307
871 0.8 0.84 0 0.29513278 0 0 0
872 0.85 0.84 0 0.29578971 0 0 0
873 0.9 0.84 0 0.29611602 0 0 0
874 0.95 0.84 0 0.29610934 0 0 0
875 1 0.84 0 0.29576972 0 0 0
876 1.05 0.84 0 0.29509961 0 0 0
877 1.1 0.84 0 0.29410385 0 0 0
878 1.15 0.84 0 0.29278964 0 0 0
879 1.2 0.84 0 0.29116645 0 0 0
880 1.25 0.84 0 0.28924602 0 0 0
881 1.3 0.84 0 0.2870422 0 0 0
882 1.35 0.84 0 0.28457092 0 0 0
883 1.4 0.84 0 0.28185001 0 0 0
884 1.45 0.84 0 0.27889913 0 0 0
885 1.5 0.84 0 0.27573957 0 0 0
886 1.55 0.84 0 0.27239416 0 0 0
887 1.6 0.84 0 0.26888704 0 0 0
888 1.65 0.84 5 1.8652436 0.0035209339 0.0024579006 0.0059788345
889 1.7 0.84 2 0.90149 0.0014080147 0.00098316026 0.002391175
890 1.75 0.84 3 1.2176535 0.0021122037 0.0014747404 0.0035869441
891 1.8 0.84 4 1.5337617 0.0028174728 0.0019663205 0.0047837933
892 1.85 0.84 5 1.8498427 0.0035245377 0.0024579006 0.0059824383
893 1.9 0.84 2 0.88592492 0.0014113691 0.00098316026 0.0023945294
894 1.95 0.84 3 1.2020365 0.0021200919 0.0014747404 0.0035948323
895 2 0.84 4 1.5182056 0.0028317731 0.0019663205 0.0047980936
896 2.05 0.84 5 1.8344599 0.0035470966 0.0024579006 0.0060049973
897 2.1 0.84 2 0.87082641 0.0014222436 0.00098316026 0.0024054038
898 2.15 0.84 3 1.1873313 0.0021391392 0.0014747404 0.0036138796
899 2.2 0.84 4 1.504 0.0028607534 0.0019663205 0.0048270739
900 2.25 0.84 5 1.8208563 0.0035877114 0.0024579006 0.0060456121
901 2.3 0.84 2 0.85792309 0.0014402047 0.00098316026 0.0024233649
902 2.35 0.84 3 1.1752215 0.0021685862 0.0014747404 0.0036433266
903 2.4 0.84 4 1.492771 0.0029032584 0.0019663205 0.0048695789
904 2.45 0.84 5 1.8105894 0.0036447629 0.0024579006 0.0061026635
905 2.5 0.84 2 0.84869228 0.0014645363 0.00098316026 0.0024476965
906 2.55 0.84 3 1.1670935 0.0022072589 0.0014747404 0.0036819993
907 2.6 0.84 4 1.4858045 0.0029575936 0.0019663205 0.0049239141
908 2.65 0.84 5 1.8048346 0.0037159765 0.0024579006 0.0061738772
909 2.7 0.84 2 0.84419082 0.0014942684 0.00098316026 0.0024774286
910 2.75 0.84 3 1.1638778 0.0022536156 0.0014747404 0.003728356
911 2.8 0.84 4 1.4838979 0.0030215928 0.0019663205 0.0049879133
912 2.85 0.84 5 1.8042508 0.0037985133 0.0024579006 0.0062564139
913 2.9 0.84 2 0.84493408 0.0015282157 0.00098316026 0.0025113759
914 2.95 0.84 3 1.1659428 0.0023058082 0.0014747404 0.0037805486
915 3 0.84 4 1.4872696 0.0030927044 0.0019663205 0.005059025
916 0 0.9 2 0.89 0.001627095 0.00097727979 0.0026043748
917 0.05 0.9 3 1.2131156 0.0024263418 0.0014659197 0.0038922615
918 0.1 0.9 4 1.5362087 0.003215967 0.0019545596 0.0051705266
919 0.15 0.9 5 1.8592569 0.0039959645 0.0024431995 0.006439164
920 0.2 0.9 2 0.90223832 0.0015887922 0.00097727979 0.002566072
921 0.25 0.9 3 1.2251314 0.0023688398 0.0014659197 0.0038347595
922 0.3 0.9 4 1.5479151 0.0031394257 0.0019545596 0.0050939852
923 0.35 0.9 5 1.8705696 0.0039006871 0.0024431995 0.0063438865
924 0.4 0.9 2 0.91307546 0.0015509361 0.00097727979 0.0025282159
925 0.45 0.9 3 1.2354147 0.00231258 0.0014659197 0.0037784997
926 0.5 0.9 4 1.5575705 0.0030652992 0.0019545596 0.0050198588
927 0.55 0.9 5 1.8795272 0.0038093689 0.0024431995 0.0062525684
928 0.6 0.9 2 0.92127068 0.0015150361 0.00097727979 0.0024923159
929 0.65 0.9 3 1.2427884 0.0022598054 0.0014659197 0.0037257251
930 0.7 0.9 4 1.5640693 0.0029965429 0.0019545596 0.0049511025
931 0.75 0.9 5 1.8851042 0.0037256506 0.0024431995 0.00616885
932 0.8 0.9 0 0.2858857 0 0 0
933 0.85 0.9 0 0.28640804 0 0 0
934 0.9 0.9 0 0.28666749 0 0 0
935 0.95 0.9 0 0.28666218 0 0 0
936 1 0.9 0 0.28639214 0 0 0
937 1.05 0.9 0 0.28585933 0 0 0
938 1.1 0.9 0 0.28506759 0 0 0
939 1.15 0.9 0 0.28402264 0 0 0
940 1.2 0.9 0 0.28273202 0 0 0
941 1.25 0.9 0 0.28120506 0 0 0
942 1.3 0.9 0 0.27945278 0 0 0
943 1.35 0.9 0 0.27748782 0 0 0
944 1.4 0.9 0 0.27532439 0 0 0
945 1.45 0.9 0 0.2729781 0 0 0
946 1.5 0.9 0 0.27046589 0 0 0
947 1.55 0.9 0 0.26780591 0 0 0
948 1.6 0.9 0 0.26501735 0 0 0
949 1.65 0.9 0 0.26212036 0 0 0
950 1.7 0.9 4 1.5391359 0.0028160295 0.0019545596 0.0047705891
951 1.75 0.9 5 1.8560854 0.0035203395 0.0024431995 0.0059635389
952 1.8 0.9 2 0.89299097 0.0014087364 0.00097727979 0.0023860162
953 1.85 0.9 3 1.209875 0.0021147226 0.0014659197 0.0035806423
954 1.9 0.9 4 1.5267598 0.0028227382 0.0019545596 0.0047772978
955 1.95 0.9 5 1.8436681 0.0035334865 0.0024431995 0.005976686
956 2 0.9 2 0.88062215 0.0014158865 0.00097727979 0.0023931663
957 2.05 0.9 3 1.1976439 0.002128258 0.0014659197 0.0035941777
958 2.1 0.9 4 1.5147548 0.0028444872 0.0019545596 0.0047990467
959 2.15 0.9 5 1.8319758 0.003565232 0.0024431995 0.0060084315
960 2.2 0.9 2 0.869327 0.0014303767 0.00097727979 0.0024076565
961 2.25 0.9 3 1.1868274 0.0021526269 0.0014659197 0.0036185466
962 2.3 0.9 4 1.5044952 0.0028804093 0.0019545596 0.0048349689
963 2.35 0.9 5 1.8223471 0.0036143103 0.0024431995 0.0060575098
964 2.4 0.9 2 0.86039872 0.0014516292 0.00097727979 0.002428909
965 2.45 0.9 3 1.1786641 0.0021868577 0.0014659197 0.0036527774
966 2.5 0.9 4 1.4971557 0.0029290725 0.0019545596 0.0048836321
967 2.55 0.9 5 1.8158844 0.0036787649 0.0024431995 0.0061219643
968 2.6 0.9 2 0.85485951 0.0014787968 0.00097727979 0.0024560766
969 2.65 0.9 3 1.1740883 0.0022295859 0.0014659197 0.0036955056
970 2.7 0.9 4 1.4935765 0.0029885368 0.0019545596 0.0049430963
971 2.75 0.9 5 1.8133276 0.003756026 0.0024431995 0.0061992255
972 2.8 0.9 2 0.85334356 0.0015107964 0.00097727979 0.0024880762
973 2.85 0.9 3 1.1736242 0.002279108 0.0014659197 0.0037450276
974 2.9 0.9 4 1.4941675 0.0030564314 0.0019545596 0.0050109909
975 2.95 0.9 5 1.8149695 0.0038430137 0.0024431995 0.0062862132
976 3 0.9 2 0.85602443 0.0015463522 0.00097727979 0.002523632
977 0 0.96 4 1.53 0.0032541901 0.0019429622 0.0051971523
978 0.05 0.96 5 1.8522908 0.004043903 0.0024287027 0.0064726058
979 0.1 0.96 2 0.89456502 0.0016079835 0.00097148109 0.0025794646
980 0.15 0.96 3 1.2168063 0.0023975787 0.0014572216 0.0038548004
981 0.2 0.96 4 1.5389984 0.0031775843 0.0019429622 0.0051205465
982 0.25 0.96 5 1.8611256 0.0039480663 0.0024287027 0.0063767691
983 0.3 0.96 2 0.90317241 0.0015697128 0.00097148109 0.0025411939
984 0.35 0.96 3 1.2251241 0.0023404122 0.0014572216 0.0037976339
985 0.4 0.96 4 1.5469666 0.0031018722 0.0019429622 0.0050448344
986 0.45 0.96 5 1.8686866 0.0038543001 0.0024287027 0.0062830028
987 0.5 0.96 2 0.91027168 0.0015326496 0.00097148109 0.0025041307
988 0.55 0.96 3 1.2317104 0.0022856213 0.0014572216 0.003742843
989 0.6 0.96 4 1.5529923 0.0030300721 0.0019429622 0.0049730343
990 0.65 0.96 5 1.8741082 0.0037663424 0.0024287027 0.0061950451
991 0.7 0.96 2 0.91505004 0.0014982715 0.00097148109 0.0024697526
992 0.75 0.96 0 0.27581099 0 0 0
993 0.8 0.96 0 0.27638557 0 0 0
994 0.85 0.96 0 0.27676963 0 0 0
995 0.9 0.96 0 0.27696039 0 0 0
996 0.95 0.96 0 0.27695649 0 0 0
997 1 0.96 0 0.27675794 0 0 0
998 1.05 0.96 0 0.27636618 0 0 0
999 1.1 0.96 0 0.27578404 0 0 0
1000 1.15 0.96 0 0.27501572 0 0 0
1001 1.2 0.96 0 0.27406677 0 0 0
1002 1.25 0.96 0 0.27294405 0 0 0
1003 1.3 0.96 0 0.27165565 0 0 0
1004 1.35 0.96 0 0.27021089 0 0 0
1005 1.4 0.96 0 0.26862019 0 0 0
1006 1.45 0.96 0 0.26689504 0 0 0
1007 1.5 0.96 0 0.26504789 0 0 0
1008 1.55 0.96 0 0.2630921 0 0 0
1009 1.6 0.96 0 0.26104176 0 0 0
1010 1.65 0.96 0 0.2589117 0 0 0
1011 1.7 0.96 2 0.89671729 0.0014080147 0.00097148109 0.0023794958
1012 1.75 0.96 3 1.2144744 0.0021122037 0.0014572216 0.0035694253
1013 1.8 0.96 4 1.5321992 0.0028174728 0.0019429622 0.004760435
1014 1.85 0.96 5 1.8499081 0.0035245377 0.0024287027 0.0059532404
1015 1.9 0.96 2 0.88761762 0.0014113691 0.00097148109 0.0023828502
1016 1.95 0.96 3 1.2053444 0.0021200919 0.0014572216 0.0035773136
1017 2 0.96 4 1.5231048 0.0028317731 0.0019429622 0.0047747353
1018 2.05 0.96 5 1.8409149 0.0035470966 0.0024287027 0.0059757994
1019 2.1 0.96 2 0.87879072 0.0014222436 0.00097148109 0.0023937247
1020 2.15 0.96 3 1.1967474 0.0021391392 0.0014572216 0.0035963608
1021 2.2 0.96 4 1.5147998 0.0028607534 0.0019429622 0.0048037156
1022 2.25 0.96 5 1.832962 0.0035877114 0.0024287027 0.0060164142
1023 2.3 0.96 2 0.87124717 0.0014402047 0.00097148109 0.0024116857
1024 2.35 0.96 3 1.1896678 0.0021685862 0.0014572216 0.0036258078
1025 2.4 0.96 4 1.5082352 0.0029032584 0.0019429622 0.0048462206
1026 2.45 0.96 5 1.8269597 0.0036447629 0.0024287027 0.0060734656
1027 2.5 0.96 2 0.86585064 0.0014645363 0.00097148109 0.0024360174
1028 2.55 0.96 3 1.1849159 0.0022072589 0.0014572216 0.0036644806
1029 2.6 0.96 4 1.5041624 0.0029575936 0.0019429622 0.0049005558
1030 2.65 0.96 5 1.8235953 0.0037159765 0.0024287027 0.0061446793
1031 2.7 0.96 2 0.86321899 0.0014942684 0.00097148109 0.0024657495
1032 2.75 0.96 3 1.183036 0.0022536156 0.0014572216 0.0037108373
1033 2.8 0.96 4 1.5030477 0.0030215928 0.0019429622 0.004964555
1034 2.85 0.96 5 1.8232541 0.0037985133 0.0024287027 0.006227216
1035 2.9 0.96 2 0.86365352 0.0015282157 0.00097148109 0.0024996968
1036 2.95 0.96 3 1.1842432 0.0023058082 0.0014572216 0.0037630299
1037 3 0.96 4 1.5050189 0.0030927044 0.0019429622 0.0050356666
1038 0 1.02 2 0.89 0.001627095 0.00096578503 0.0025928801
1039 0.05 1.02 3 1.2114498 0.0024263418 0.0014486776 0.0038750194
1040 0.1 1.02 4 1.5328892 0.003215967 0.0019315701 0.005147537
1041 0.15 1.02 5 1.8543077 0.0039959645 0.0024144626 0.0064104271
1042 0.2 1.02 2 0.89569509 0.0015887922 0.00096578503 0.0025545772
1043 0.25 1.02 3 1.2170414 0.0023688398 0.0014486776 0.0038175174
1044 0.3 1.02 4 1.5383368 0.0031394257 0.0019315701 0.0050709957
1045 0.35 1.02 5 1.859572 0.0039006871 0.0024144626 0.0063151496
1046 0.4 1.02 2 0.90073814 0.0015509361 0.00096578503 0.0025167211
1047 0.45 1.02 3 1.2218267 0.00231258 0.0014486776 0.0037612576
1048 0.5 1.02 4 1.5428299 0.0030652992 0.0019315701 0.0049968693
1049 0.55 1.02 5 1.8637404 0.0038093689 0.0024144626 0.0062238315
1050 0.6 1.02 2 0.90455178 0.0015150361 0.00096578503 0.0024808211
1051 0.65 1.02 3 1.225258 0.0022598054 0.0014486776 0.003708483
1052 0.7 1.02 4 1.5458541 0.0029965429 0.0019315701 0.004928113
1053 0.75 1.02 0 0.26633572 0 0 0
1054 0.8 1.02 0 0.26669937 0 0 0
1055 0.85 1.02 0 0.26694244 0 0 0
1056 0.9 1.02 0 0.26706317 0 0 0
1057 0.95 1.02 0 0.2670607 0 0 0
1058 1 1.02 0 0.26693504 0 0 0
1059 1.05 1.02 0 0.2666871 0 0 0
1060 1.1 1.02 0 0.26631866 0 0 0
1061 1.15 1.02 0 0.26583239 0 0 0
1062 1.2 1.02 0 0.26523181 0 0 0
1063 1.25 1.02 0 0.26452124 0 0 0
1064 1.3 1.02 0 0.26370581 0 0 0
1065 1.35 1.02 0 0.26279143 0 0 0
1066 1.4 1.02 0 0.26178468 0 0 0
1067 1.45 1.02 0 0.26069283 0 0 0
1068 1.5 1.02 0 0.25952378 0 0 0
1069 1.55 1.02 0 0.25828596 0 0 0
1070 1.6 1.02 0 0.25698831 0 0 0
1071 1.65 1.02 0 0.2556402 0 0 0
1072 1.7 1.02 4 1.5342514 0.0028160295 0.0019315701 0.0047475995
1073 1.75 1.02 5 1.8528318 0.0035203395 0.0024144626 0.005934802
1074 1.8 1.02 2 0.89139184 0.0014087364 0.00096578503 0.0023745214
1075 1.85 1.02 3 1.2099418 0.0021147226 0.0014486776 0.0035634001
1076 1.9 1.02 4 1.5284922 0.0028227382 0.0019315701 0.0047543083
1077 1.95 1.02 5 1.8470535 0.0035334865 0.0024144626 0.0059479491
1078 2 1.02 2 0.88563603 0.0014158865 0.00096578503 0.0023816716
1079 2.05 1.02 3 1.2042501 0.002128258 0.0014486776 0.0035769355
1080 2.1 1.02 4 1.5229057 0.0028444872 0.0019315701 0.0047760572
1081 2.15 1.02 5 1.8416125 0.003565232 0.0024144626 0.0059796946
1082 2.2 1.02 2 0.88037984 0.0014303767 0.00096578503 0.0023961617
1083 2.25 1.02 3 1.1992167 0.0021526269 0.0014486776 0.0036013044
1084 2.3 1.02 4 1.5181314 0.0028804093 0.0019315701 0.0048119794
1085 2.35 1.02 5 1.8371318 0.0036143103 0.0024144626 0.0060287729
1086 2.4 1.02 2 0.87622508 0.0014516292 0.00096578503 0.0024174143
1087 2.45 1.02 3 1.1954179 0.0021868577 0.0014486776 0.0036355353
1088 2.5 1.02 4 1.5147159 0.0029290725 0.0019315701 0.0048606426
1089 2.55 1.02 5 1.8341244 0.0036787649 0.0024144626 0.0060932275
1090 2.6 1.02 2 0.87364741 0.0014787968 0.00096578503 0.0024445818
1091 2.65 1.02 3 1.1932886 0.0022295859 0.0014486776 0.0036782635
1092 2.7 1.02 4 1.5130504 0.0029885368 0.0019315701 0.0049201068
1093 2.75 1.02 5 1.8329346 0.003756026 0.0024144626 0.0061704886
1094 2.8 1.02 2 0.87294197 0.0015107964 0.00096578503 0.0024765814
1095 2.85 1.02 3 1.1930726 0.002279108 0.0014486776 0.0037277855
1096 2.9 1.02 4 1.5133254 0.0030564314 0.0019315701 0.0049880014
1097 2.95 1.02 5 1.8336986 0.0038430137 0.0024144626 0.0062574763
1098 3 1.02 2 0.87418951 0.0015463522 0.00096578503 0.0025121373
1099 0 1.08 4 1.53 0.0032541901 0.0019204242 0.0051746143
1100 0.05 1.08 5 1.8505987 0.004043903 0.0024005303 0.0064444333
1101 0.1 1.08 2 0.89119299 0.0016079835 0.00096021211 0.0025681956
1102 0.15 1.08 3 1.2117787 0.0023975787 0.0014403182 0.0038378969
1103 0.2 1.08 4 1.5323516 0.0031775843 0.0019204242 0.0050980086
1104 0.25 1.08 5 1.8529075 0.0039480663 0.0024005303 0.0063485966
1105 0.3 1.08 2 0.89344238 0.0015697128 0.00096021211 0.0025299249
1106 0.35 1.08 3 1.2139524 0.0023404122 0.0014403182 0.0037807304
1107 0.4 1.08 4 1.5344339 0.0031018722 0.0019204242 0.0050222964
1108 0.45 1.08 5 1.8548834 0.0038543001 0.0024005303 0.0062548304
1109 0.5 1.08 2 0.89529765 0.0015326496 0.00096021211 0.0024928617
1110 0.55 1.08 3 1.2156736 0.0022856213 0.0014403182 0.0037259395
1111 0.6 1.08 4 1.5360086 0.0030300721 0.0019204242 0.0049504964
1112 0.65 1.08 5 1.8563003 0.0037663424 0.0024005303 0.0061668727
1113 0.7 1.08 2 0.89654639 0.0014982715 0.00096021211 0.0024584836
1114 0.75 1.08 0 0.25674525 0 0 0
1115 0.8 1.08 0 0.25689541 0 0 0
1116 0.85 1.08 0 0.25699577 0 0 0
1117 0.9 1.08 0 0.25704563 0 0 0
1118 0.95 1.08 0 0.25704461 0 0 0
1119 1 1.08 0 0.25699272 0 0 0
1120 1.05 1.08 0 0.25689034 0 0 0
1121 1.1 1.08 0 0.25673821 0 0 0
1122 1.15 1.08 0 0.25653742 0 0 0
1123 1.2 1.08 0 0.25628943 0 0 0
1124 1.25 1.08 0 0.25599603 0 0 0
1125 1.3 1.08 0 0.25565933 0 0 0
1126 1.35 1.08 0 0.25528176 0 0 0
1127 1.4 1.08 0 0.25486606 0 0 0
1128 1.45 1.08 0 0.25441522 0 0 0
1129 1.5 1.08 0 0.2539325 0 0 0
1130 1.55 1.08 0 0.25342139 0 0 0
1131 1.6 1.08 0 0.25288557 0 0 0
1132 1.65 1.08 0 0.25232892 0 0 0
1133 1.7 1.08 2 0.89175545 0.0014080147 0.00096021211 0.0023682268
1134 1.75 1.08 3 1.2111693 0.0021122037 0.0014403182 0.0035525218
1135 1.8 1.08 4 1.5305747 0.0028174728 0.0019204242 0.004737897
1136 1.85 1.08 5 1.849976 0.0035245377 0.0024005303 0.0059250679
1137 1.9 1.08 2 0.88937741 0.0014113691 0.00096021211 0.0023715812
1138 1.95 1.08 3 1.2087833 0.0021200919 0.0014403182 0.0035604101
1139 2 1.08 4 1.5281981 0.0028317731 0.0019204242 0.0047521973
1140 2.05 1.08 5 1.8476258 0.0035470966 0.0024005303 0.0059476269
1141 2.1 1.08 2 0.88707065 0.0014222436 0.00096021211 0.0023824557
1142 2.15 1.08 3 1.2065367 0.0021391392 0.0014403182 0.0035794574
1143 2.2 1.08 4 1.5260277 0.0028607534 0.0019204242 0.0047811776
1144 2.25 1.08 5 1.8455474 0.0035877114 0.0024005303 0.0059882417
1145 2.3 1.08 2 0.88509927 0.0014402047 0.00096021211 0.0024004168
1146 2.35 1.08 3 1.2046865 0.0021685862 0.0014403182 0.0036089044
1147 2.4 1.08 4 1.5243121 0.0029032584 0.0019204242 0.0048236827
1148 2.45 1.08 5 1.8439788 0.0036447629 0.0024005303 0.0060452932
1149 2.5 1.08 2 0.88368899 0.0014645363 0.00096021211 0.0024247484
1150 2.55 1.08 3 1.2034447 0.0022072589 0.0014403182 0.0036475771
1151 2.6 1.08 4 1.5232478 0.0029575936 0.0019204242 0.0048780178
1152 2.65 1.08 5 1.8430996 0.0037159765 0.0024005303 0.0061165068
1153 2.7 1.08 2 0.88300125 0.0014942684 0.00096021211 0.0024544805
1154 2.75 1.08 3 1.2029534 0.0022536156 0.0014403182 0.0036939338
1155 2.8 1.08 4 1.5229565 0.0030215928 0.0019204242 0.004942017
1156 2.85 1.08 5 1.8430104 0.0037985133 0.0024005303 0.0061990436
1157 2.9 1.08 2 0.88311481 0.0015282157 0.00096021211 0.0024884278
1158 2.95 1.08 3 1.2032689 0.0023058082 0.0014403182 0.0037461264
1159 3 1.08 4 1.5234716 0.0030927044 0.0019204242 0.0050131287
1160 0 1.14 2 0.89 0.001627095 0.00095478238 0.0025818774
1161 0.05 1.14 3 1.2097433 0.0024263418 0.0014321736 0.0038585154
1162 0.1 1.14 4 1.5294884 0.003215967 0.0019095648 0.0051255317
1163 0.15 1.14 5 1.8492372 0.0039959645 0.002386956 0.0063829205
1164 0.2 1.14 2 0.88899149 0.0015887922 0.00095478238 0.0025435745
1165 0.25 1.14 3 1.2087531 0.0023688398 0.0014321736 0.0038010134
1166 0.3 1.14 4 1.5285237 0.0031394257 0.0019095648 0.0050489904
1167 0.35 1.14 5 1.848305 0.0039006871 0.002386956 0.006287643
1168 0.4 1.14 2 0.88809845 0.0015509361 0.00095478238 0.0025057185
1169 0.45 1.14 3 1.2079057 0.00231258 0.0014321736 0.0037447536
1170 0.5 1.14 4 1.527728 0.0030652992 0.0019095648 0.004974864
1171 0.55 1.14 5 1.8475668 0.0038093689 0.002386956 0.0061963248
1172 0.6 1.14 2 0.88742312 0.0015150361 0.00095478238 0.0024698185
1173 0.65 1.14 3 1.2072981 0.0022598054 0.0014321736 0.003691979
1174 0.7 1.14 4 1.5271925 0.0029965429 0.0019095648 0.0049061077
1175 0.75 1.14 0 0.24710722 0 0 0
1176 0.8 1.14 0 0.24704282 0 0 0
1177 0.85 1.14 0 0.24699978 0 0 0
1178 0.9 1.14 0 0.2469784 0 0 0
1179 0.95 1.14 0 0.24697883 0 0 0
1180 1 1.14 0 0.24700109 0 0 0
1181 1.05 1.14 0 0.24704499 0 0 0
1182 1.1 1.14 0 0.24711024 0 0 0
1183 1.15 1.14 0 0.24719635 0 0 0
1184 1.2 1.14 0 0.2473027 0 0 0
1185 1.25 1.14 0 0.24742853 0 0 0
1186 1.3 1.14 0 0.24757293 0 0 0
1187 1.35 1.14 0 0.24773485 0 0 0
1188 1.4 1.14 0 0.24791313 0 0 0
1189 1.45 1.14 0 0.24810648 0 0 0
1190 1.5 1.14 0 0.2483135 0 0 0
1191 1.55 1.14 0 0.24853269 0 0 0
1192 1.6 1.14 0 0.24876249 0 0 0
1193 1.65 1.14 0 0.24900122 0 0 0
1194 1.7 1.14 4 1.5292472 0.0028160295 0.0019095648 0.0047255942
1195 1.75 1.14 5 1.8494985 0.0035203395 0.002386956 0.0059072954
1196 1.8 1.14 2 0.88975353 0.0014087364 0.00095478238 0.0023635188
1197 1.85 1.14 3 1.2100103 0.0021147226 0.0014321736 0.0035468962
1198 1.9 1.14 4 1.530267 0.0028227382 0.0019095648 0.004732303
1199 1.95 1.14 5 1.8505218 0.0035334865 0.002386956 0.0059204425
1200 2 1.14 2 0.89077279 0.0014158865 0.00095478238 0.0023706689
1201 2.05 1.14 3 1.2110182 0.002128258 0.0014321736 0.0035604316
1202 2.1 1.14 4 1.5312563 0.0028444872 0.0019095648 0.0047540519
1203 2.15 1.14 5 1.8514853 0.003565232 0.002386956 0.005952188
1204 2.2 1.14 2 0.89170357 0.0014303767 0.00095478238 0.0023851591
1205 2.25 1.14 3 1.2119095 0.0021526269 0.0014321736 0.0035848004
1206 2.3 1.14 4 1.5321017 0.0028804093 0.0019095648 0.0047899741
1207 2.35 1.14 5 1.8522787 0.0036143103 0.002386956 0.0060012663
1208 2.4 1.14 2 0.89243931 0.0014516292 0.00095478238 0.0024064116
1209 2.45 1.14 3 1.2125823 0.0021868577 0.0014321736 0.0036190313
1210 2.5 1.14 4 1.5327066 0.0029290725 0.0019095648 0.0048386373
1211 2.55 1.14 5 1.8528113 0.0036787649 0.002386956 0.0060657208
1212 2.6 1.14 2 0.89289577 0.0014787968 0.00095478238 0.0024335792
1213 2.65 1.14 3 1.2129593 0.0022295859 0.0014321736 0.0036617595
1214 2.7 1.14 4 1.5330015 0.0029885368 0.0019095648 0.0048981015
1215 2.75 1.14 5 1.853022 0.003756026 0.002386956 0.006142982
1216 2.8 1.14 2 0.89302069 0.0015107964 0.00095478238 0.0024655788
1217 2.85 1.14 3 1.2129976 0.002279108 0.0014321736 0.0037112815
1218 2.9 1.14 4 1.5329528 0.0030564314 0.0019095648 0.0049659961
1219 2.95 1.14 5 1.8528867 0.0038430137 0.002386956 0.0062299696
1220 3 1.14 2 0.89279978 0.0015463522 0.00095478238 0.0025011346
1221 0 1.2 4 1.53 0.0032541901 0.0018990308 0.0051532209
1222 0.05 1.2 5 1.8488897 0.004043903 0.0023737885 0.0064176915
1223 0.1 1.2 2 0.88778736 0.0016079835 0.00094951539 0.0025574989
1224 0.15 1.2 3 1.206701 0.0023975787 0.0014242731 0.0038218518
1225 0.2 1.2 4 1.5256385 0.0031775843 0.0018990308 0.0050766151
1226 0.25 1.2 5 1.8446075 0.0039480663 0.0023737885 0.0063218548
1227 0.3 1.2 2 0.88361542 0.0015697128 0.00094951539 0.0025192282
1228 0.35 1.2 3 1.2026694 0.0023404122 0.0014242731 0.0037646853
1229 0.4 1.2 4 1.5217764 0.0031018722 0.0018990308 0.005000903
1230 0.45 1.2 5 1.8409427 0.0038543001 0.0023737885 0.0062280885
1231 0.5 1.2 2 0.88017445 0.0015326496 0.00094951539 0.002482165
1232 0.55 1.2 3 1.1994771 0.0022856213 0.0014242731 0.0037098944
1233 0.6 1.2 4 1.5188558 0.0030300721 0.0018990308 0.0049291029
1234 0.65 1.2 5 1.8383149 0.0037663424 0.0023737885 0.0061401309
1235 0.7 1.2 2 0.87785841 0.0014982715 0.00094951539 0.0024477869
1236 0.75 1.2 0 0.23748958 0 0 0
1237 0.8 1.2 0 0.23721109 0 0 0
1238 0.85 1.2 0 0.23702493 0 0 0
1239 0.9 1.2 0 0.23693247 0 0 0
1240 0.95 1.2 0 0.23693437 0 0 0
1241 1 1.2 0 0.2370306 0 0 0
1242 1.05 1.2 0 0.23722048 0 0 0
1243 1.1 1.2 0 0.23750264 0 0 0
1244 1.15 1.2 0 0.23787504 0 0 0
1245 1.2 1.2 0 0.23833499 0 0 0
1246 1.25 1.2 0 0.23887917 0 0 0
1247 1.3 1.2 0 0.23950365 0 0 0
1248 1.35 1.2 0 0.24020391 0 0 0
1249 1.4 1.2 0 0.24097492 0 0 0
1250 1.45 1.2 0 0.24181109 0 0 0
1251 1.5 1.2 0 0.24270638 0 0 0
1252 1.55 1.2 0 0.24365435 0 0 0
1253 1.6 1.2 0 0.24464813 0 0 0
1254 1.65 1.2 0 0.24568056 0 0 0
1255 1.7 1.2 2 0.88674417 0.0014080147 0.00094951539 0.0023575301
1256 1.75 1.2 3 1.2078313 0.0021122037 0.0014242731 0.0035364768
1257 1.8 1.2 4 1.5289341 0.0028174728 0.0018990308 0.0047165036
1258 1.85 1.2 5 1.8500446 0.0035245377 0.0023737885 0.0058983261
1259 1.9 1.2 2 0.89115472 0.0014113691 0.00094951539 0.0023608845
1260 1.95 1.2 3 1.2122565 0.0021200919 0.0014242731 0.003544365
1261 2 1.2 4 1.5333421 0.0028317731 0.0018990308 0.0047308039
1262 2.05 1.2 5 1.8544035 0.0035470966 0.0023737885 0.0059208851
1263 2.1 1.2 2 0.89543307 0.0014222436 0.00094951539 0.002371759
1264 2.15 1.2 3 1.2164234 0.0021391392 0.0014242731 0.0035634123
1265 2.2 1.2 4 1.5373674 0.0028607534 0.0018990308 0.0047597842
1266 2.25 1.2 5 1.8582582 0.0035877114 0.0023737885 0.0059614999
1267 2.3 1.2 2 0.89908938 0.0014402047 0.00094951539 0.00238972
1268 2.35 1.2 3 1.2198549 0.0021685862 0.0014242731 0.0035928593
1269 2.4 1.2 4 1.5405493 0.0029032584 0.0018990308 0.0048022892
1270 2.45 1.2 5 1.8611675 0.0036447629 0.0023737885 0.0060185514
1271 2.5 1.2 2 0.90170504 0.0014645363 0.00094951539 0.0024140516
1272 2.55 1.2 3 1.2221581 0.0022072589 0.0014242731 0.003631532
1273 2.6 1.2 4 1.5425233 0.0029575936 0.0018990308 0.0048566244
1274 2.65 1.2 5 1.8627982 0.0037159765 0.0023737885 0.006089765
1275 2.7 1.2 2 0.90298058 0.0014942684 0.00094951539 0.0024437838
1276 2.75 1.2 3 1.2230693 0.0022536156 0.0014242731 0.0036778887
1277 2.8 1.2 4 1.5430636 0.0030215928 0.0018990308 0.0049206235
1278 2.85 1.2 5 1.8629636 0.0037985133 0.0023737885 0.0061723017
1279 2.9 1.2 2 0.90276997 0.0015282157 0.00094951539 0.0024777311
1280 2.95 1.2 3 1.2224841 0.0023058082 0.0014242731 0.0037300813
1281 3 1.2 4 1.5421082 0.0030927044 0.0018990308 0.0049917352
1282 0 1.26 2 0.89 0.001627095 0.00094443009 0.0025715251
1283 0.05 1.26 3 1.2080439 0.0024263418 0.0014166451 0.0038429869
1284 0.1 1.26 4 1.526102 0.003215967 0.0018888602 0.0051048271
1285 0.15 1.26 5 1.8441881 0.0039959645 0.0023610752 0.0063570397
1286 0.2 1.26 2 0.8823163 0.0015887922 0.00094443009 0.0025332222
1287 0.25 1.26 3 1.2004999 0.0023688398 0.0014166451 0.0037854849
1288 0.3 1.26 4 1.5187522 0.0031394257 0.0018888602 0.0050282858
1289 0.35 1.26 5 1.8370856 0.0039006871 0.0023610752 0.0062617623
1290 0.4 1.26 2 0.87551231 0.0015509361 0.00094443009 0.0024953662
1291 0.45 1.26 3 1.1940436 0.00231258 0.0014166451 0.0037292252
1292 0.5 1.26 4 1.5126901 0.0030652992 0.0018888602 0.0049541594
1293 0.55 1.26 5 1.8314617 0.0038093689 0.0023610752 0.0061704441
1294 0.6 1.26 2 0.87036703 0.0015150361 0.00094443009 0.0024594662
1295 0.65 1.26 3 1.1894142 0.0022598054 0.0014166451 0.0036764506
1296 0.7 1.26 4 1.5086099 0.0029965429 0.0018888602 0.0048854031
1297 0.75 1.26 5 1.8279602 0.0037256506 0.0023610752 0.0060867258
1298 0.8 1.26 0 0.22746954 0 0 0
1299 0.85 1.26 0 0.22714159 0 0 0
1300 0.9 1.26 0 0.2269787 0 0 0
1301 0.95 1.26 0 0.22698203 0 0 0
1302 1 1.26 0 0.22715157 0 0 0
1303 1.05 1.26 0 0.22748609 0 0 0
1304 1.1 1.26 0 0.22798318 0 0 0
1305 1.15 1.26 0 0.22863924 0 0 0
1306 1.2 1.26 0 0.22944954 0 0 0
1307 1.25 1.26 0 0.23040823 0 0 0
1308 1.3 1.26 0 0.23150838 0 0 0
1309 1.35 1.26 0 0.23274206 0 0 0
1310 1.4 1.26 0 0.23410035 0 0 0
1311 1.45 1.26 0 0.23557344 0 0 0
1312 1.5 1.26 0 0.2371507 0 0 0
1313 1.55 1.26 0 0.23882075 0 0 0
1314 1.6 1.26 0 0.24057151 0 0 0
1315 1.65 1.26 0 0.24239036 0 0 0
1316 1.7 1.26 4 1.5242641 0.0028160295 0.0018888602 0.0047048896
1317 1.75 1.26 5 1.8461794 0.0035203395 0.0023610752 0.0058814147
1318 1.8 1.26 2 0.88812215 0.0014087364 0.00094443009 0.0023531665
1319 1.85 1.26 3 1.2100785 0.0021147226 0.0014166451 0.0035313677
1320 1.9 1.26 4 1.5320343 0.0028227382 0.0018888602 0.0047115984
1321 1.95 1.26 5 1.8539754 0.0035334865 0.0023610752 0.0058945617
1322 2 1.26 2 0.89588779 0.0014158865 0.00094443009 0.0023603166
1323 2.05 1.26 3 1.2177577 0.002128258 0.0014166451 0.0035449031
1324 2.1 1.26 4 1.5395715 0.0028444872 0.0018888602 0.0047333473
1325 2.15 1.26 5 1.8613163 0.003565232 0.0023610752 0.0059263072
1326 2.2 1.26 2 0.90297933 0.0014303767 0.00094443009 0.0023748068
1327 2.25 1.26 3 1.2245486 0.0021526269 0.0014166451 0.003569272
1328 2.3 1.26 4 1.5460129 0.0028804093 0.0018888602 0.0047692695
1329 2.35 1.26 5 1.8673616 0.0036143103 0.0023610752 0.0059753855
1330 2.4 1.26 2 0.90858485 0.0014516292 0.00094443009 0.0023960593
1331 2.45 1.26 3 1.2296739 0.0021868577 0.0014166451 0.0036035029
1332 2.5 1.26 4 1.550621 0.0029290725 0.0018888602 0.0048179327
1333 2.55 1.26 5 1.8714191 0.0036787649 0.0023610752 0.0060398401
1334 2.6 1.26 2 0.91206259 0.0014787968 0.00094443009 0.0024232269
1335 2.65 1.26 3 1.2325468 0.0022295859 0.0014166451 0.003646231
1336 2.7 1.26 4 1.5528681 0.0029885368 0.0018888602 0.0048773969
1337 2.75 1.26 5 1.8730244 0.003756026 0.0023610752 0.0061171013
1338 2.8 1.26 2 0.91301436 0.0015107964 0.00094443009 0.0024552265
1339 2.85 1.26 3 1.2328382 0.002279108 0.0014166451 0.0036957531
1340 2.9 1.26 4 1.5524971 0.0030564314 0.0018888602 0.0049452915
1341 2.95 1.26 5 1.8719936 0.0038430137 0.0023610752 0.0062040889
1342 3 1.26 2 0.91133121 0.0015463522 0.00094443009 0.0024907823
1343 0 1.32 4 1.53 0.0032541901 0.0018790895 0.0051332796
1344 0.05 1.32 5 1.847212 0.004043903 0.0023488619 0.006392765
1345 0.1 1.32 2 0.88444404 0.0016079835 0.00093954477 0.0025475283
1346 0.15 1.32 3 1.2017162 0.0023975787 0.0014093172 0.0038068959
1347 0.2 1.32 4 1.5190483 0.0031775843 0.0018790895 0.0050566739
1348 0.25 1.32 5 1.8364594 0.0039480663 0.0023488619 0.0062969283
1349 0.3 1.32 2 0.87396823 0.0015697128 0.00093954477 0.0025092576
1350 0.35 1.32 3 1.1915929 0.0023404122 0.0014093172 0.0037497294
1351 0.4 1.32 4 1.5093504 0.0031018722 0.0018790895 0.0049809618
1352 0.45 1.32 5 1.827257 0.0038543001 0.0023488619 0.006203162
1353 0.5 1.32 2 0.86532791 0.0015326496 0.00093954477 0.0024721944
1354 0.55 1.32 3 1.1835769 0.0022856213 0.0014093172 0.0036949385
1355 0.6 1.32 4 1.5020167 0.0030300721 0.0018790895 0.0049091617
1356 0.65 1.32 5 1.8206586 0.0037663424 0.0023488619 0.0061152043
1357 0.7 1.32 2 0.85951231 0.0014982715 0.00093954477 0.0024378162
1358 0.75 1.32 3 1.1785862 0.0022353903 0.0014093172 0.0036447075
1359 0.8 1.32 0 0.21788687 0 0 0
1360 0.85 1.32 0 0.21741944 0 0 0
1361 0.9 1.32 0 0.21718727 0 0 0
1362 0.95 1.32 0 0.21719202 0 0 0
1363 1 1.32 0 0.21743367 0 0 0
1364 1.05 1.32 0 0.21791047 0 0 0
1365 1.1 1.32 0 0.21861898 0 0 0
1366 1.15 1.32 0 0.21955407 0 0 0
1367 1.2 1.32 0 0.22070901 0 0 0
1368 1.25 1.32 0 0.22207545 0 0 0
1369 1.3 1.32 0 0.22364352 0 0 0
1370 1.35 1.32 0 0.2254019 0 0 0
1371 1.4 1.32 0 0.2273379 0 0 0
1372 1.45 1.32 0 0.22943753 0 0 0
1373 1.5 1.32 0 0.23168563 0 0 0
1374 1.55 1.32 0 0.23406598 0 0 0
1375 1.6 1.32 0 0.23656138 0 0 0
1376 1.65 1.32 5 1.8391538 0.0035209339 0.0023488619 0.0058697958
1377 1.7 1.32 2 0.88182457 0.0014080147 0.00093954477 0.0023475595
1378 1.75 1.32 3 1.2045544 0.0021122037 0.0014093172 0.0035215208
1379 1.8 1.32 4 1.5273235 0.0028174728 0.0018790895 0.0046965623
1380 1.85 1.32 5 1.8501119 0.0035245377 0.0023488619 0.0058733996
1381 1.9 1.32 2 0.89289952 0.0014113691 0.00093954477 0.0023509139
1382 1.95 1.32 3 1.2156662 0.0021200919 0.0014093172 0.0035294091
1383 2 1.32 4 1.538392 0.0028317731 0.0018790895 0.0047108626
1384 2.05 1.32 0 0.26105716 0 0 0
1385 2.1 1.32 0 0.2636425 0 0 0
1386 2.15 1.32 0 0.26612933 0 0 0
1387 2.2 1.32 0 0.2684997 0 0 0
1388 2.25 1.32 0 0.27073649 0 0 0
1389 2.3 1.32 2 0.91282354 0.0014402047 0.00093954477 0.0023797494
1390 2.35 1.32 3 1.2347458 0.0021685862 0.0014093172 0.0035779034
1391 2.4 1.32 4 1.5564894 0.0029032584 0.0018790895 0.004782348
1392 2.45 1.32 5 1.8780417 0.0036447629 0.0023488619 0.0059936248
1393 2.5 1.32 2 0.9193915 0.0014645363 0.00093954477 0.002404081
1394 2.55 1.32 3 1.2405291 0.0022072589 0.0014093172 0.0036165761
1395 2.6 1.32 4 1.5614463 0.0029575936 0.0018790895 0.0048366832
1396 2.65 1.32 5 1.8821364 0.0037159765 0.0023488619 0.0060648385
1397 2.7 1.32 2 0.92259441 0.0014942684 0.00093954477 0.0024338131
1398 2.75 1.32 3 1.2428171 0.0022536156 0.0014093172 0.0036629328
1399 2.8 1.32 4 1.5628028 0.0030215928 0.0018790895 0.0049006823
1400 2.85 1.32 5 1.8825517 0.0037985133 0.0023488619 0.0061473752
1401 2.9 1.32 2 0.92206556 0.0015282157 0.00093954477 0.0024677605
1402 2.95 1.32 3 1.2413479 0.0023058082 0.0014093172 0.0037151254
1403 3 1.32 4 1.5604038 0.0030927044 0.0018790895 0.004971794
1404 0 1.38 2 0.89 0.001627095 0.00093487703 0.0025619721
1405 0.05 1.38 3 1.2063997 0.0024263418 0.0014023156 0.0038286574
1406 0.1 1.38 4 1.5228253 0.003215967 0.0018697541 0.005085721
1407 0.15 1.38 5 1.8393028 0.0039959645 0.0023371926 0.0063331571
1408 0.2 1.38 2 0.87585746 0.0015887922 0.00093487703 0.0025236692
1409 0.25 1.38 3 1.1925143 0.0023688398 0.0014023156 0.0037711554
1410 0.3 1.38 4 1.5092974 0.0031394257 0.0018697541 0.0050091797
1411 0.35 1.38 5 1.8262299 0.0039006871 0.0023371926 0.0062378796
1412 0.4 1.38 2 0.86333411 0.0015509361 0.00093487703 0.0024858131
1413 0.45 1.38 3 1.1806309 0.00231258 0.0014023156 0.0037148956
1414 0.5 1.38 4 1.4981397 0.0030652992 0.0018697541 0.0049350533
1415 0.55 1.38 5 1.8158785 0.0038093689 0.0023371926 0.0061465615
1416 0.6 1.38 2 0.85386375 0.0015150361 0.00093487703 0.0024499131
1417 0.65 1.38 3 1.1721099 0.0022598054 0.0014023156 0.003662121
1418 0.7 1.38 4 1.4906297 0.0029965429 0.0018697541 0.004866297
1419 0.75 1.38 5 1.8094337 0.0037256506 0.0023371926 0.0060628432
1420 0.8 1.38 0 0.20853066 0 0 0
1421 0.85 1.38 0 0.20792705 0 0 0
1422 0.9 1.38 0 0.20762723 0 0 0
1423 0.95 1.38 0 0.20763337 0 0 0
1424 1 1.38 0 0.20794542 0 0 0
1425 1.05 1.38 0 0.20856114 0 0 0
1426 1.1 1.38 0 0.20947607 0 0 0
1427 1.15 1.38 0 0.21068361 0 0 0
1428 1.2 1.38 0 0.21217504 0 0 0
1429 1.25 1.38 0 0.21393959 0 0 0
1430 1.3 1.38 0 0.21596452 0 0 0
1431 1.35 1.38 0 0.21823521 0 0 0
1432 1.4 1.38 0 0.22073526 0 0 0
1433 1.45 1.38 0 0.22344662 0 0 0
1434 1.5 1.38 0 0.22634972 0 0 0
1435 1.55 1.38 0 0.22942358 0 0 0
1436 1.6 1.38 0 0.23264602 0 0 0
1437 1.65 1.38 3 1.1959938 0.0021125603 0.0014023156 0.0035148759
1438 1.7 1.38 4 1.5194426 0.0028160295 0.0018697541 0.0046857835
1439 1.75 1.38 5 1.8429678 0.0035203395 0.0023371926 0.005857532
1440 1.8 1.38 2 0.88654365 0.0014087364 0.00093487703 0.0023436134
1441 1.85 1.38 3 1.2101445 0.0021147226 0.0014023156 0.0035170381
1442 1.9 1.38 4 1.5337443 0.0028227382 0.0018697541 0.0046924923
1443 1.95 1.38 0 0.25731707 0 0 0
1444 2 1.38 0 0.260837 0 0 0
1445 2.05 1.38 0 0.26427868 0 0 0
1446 2.1 1.38 0 0.26761727 0 0 0
1447 2.15 1.38 0 0.27082864 0 0 0
1448 2.2 1.38 0 0.27388962 0 0 0
1449 2.25 1.38 0 0.2767781 0 0 0
1450 2.3 1.38 0 0.27947322 0 0 0
1451 2.35 1.38 0 0.28195553 0 0 0
1452 2.4 1.38 2 0.92420709 0.0014516292 0.00093487703 0.0023865063
1453 2.45 1.38 3 1.2462117 0.0021868577 0.0014023156 0.0035891733
1454 2.5 1.38 4 1.5679548 0.0029290725 0.0018697541 0.0047988266
1455 2.55 1.38 5 1.8894238 0.0036787649 0.0023371926 0.0060159575
1456 2.6 1.38 2 0.93060818 0.0014787968 0.00093487703 0.0024136738
1457 2.65 1.38 3 1.2514993 0.0022295859 0.0014023156 0.0036319015
1458 2.7 1.38 4 1.5720908 0.0029885368 0.0018697541 0.0048582908
1459 2.75 1.38 5 1.8923784 0.003756026 0.0023371926 0.0060932186
1460 2.8 1.38 2 0.93236 0.0015107964 0.00093487703 0.0024456734
1461 2.85 1.38 3 1.2520357 0.002279108 0.0014023156 0.0036814235
1462 2.9 1.38 4 1.5714079 0.0030564314 0.0018697541 0.0049261854
1463 2.95 1.38 5 1.8904811 0.0038430137 0.0023371926 0.0061802063
1464 3 1.38 2 0.929262 0.0015463522 0.00093487703 0.0024812293
1465 0 1.44 4 1.53 0.0032541901 0.0018608873 0.0051150774
1466 0.05 1.44 5 1.8456127 0.004043903 0.0023261092 0.0063700122
1467 0.1 1.44 2 0.88125716 0.0016079835 0.00093044367 0.0025384272
1468 0.15 1.44 3 1.1969647 0.0023975787 0.0013956655 0.0037932442
1469 0.2 1.44 4 1.5127664 0.0031775843 0.0018608873 0.0050384717
1470 0.25 1.44 5 1.8286925 0.0039480663 0.0023261092 0.0062741755
1471 0.3 1.44 2 0.86477246 0.0015697128 0.00093044367 0.0025001565
1472 0.35 1.44 3 1.1810346 0.0023404122 0.0013956655 0.0037360777
1473 0.4 1.44 4 1.4975059 0.0031018722 0.0018608873 0.0049627596
1474 0.45 1.44 5 1.8142118 0.0038543001 0.0023261092 0.0061804092
1475 0.5 1.44 2 0.85117608 0.0015326496 0.00093044367 0.0024630933
1476 0.55 1.44 3 1.1684207 0.0022856213 0.0013956655 0.0036812868
1477 0.6 1.44 4 1.4859656 0.0030300721 0.0018608873 0.0048909595
1478 0.65 1.44 5 1.8038284 0.0037663424 0.0023261092 0.0060924516
1479 0.7 1.44 2 0.84202467 0.0014982715 0.00093044367 0.0024287151
1480 0.75 1.44 3 1.1605673 0.0022353903 0.0013956655 0.0036310558
1481 0.8 1.44 4 1.4794669 0.0029650466 0.0018608873 0.0048259339
1482 0.85 1.44 0 0.19873134 0 0 0
1483 0.9 1.44 0 0.19836599 0 0 0
1484 0.95 1.44 0 0.19837347 0 0 0
1485 1 1.44 0 0.19875373 0 0 0
1486 1.05 1.44 0 0.19950402 0 0 0
1487 1.1 1.44 0 0.20061893 0 0 0
1488 1.15 1.44 0 0.20209039 0 0 0
1489 1.2 1.44 0 0.2039078 0 0 0
1490 1.25 1.44 0 0.20605802 0 0 0
1491 1.3 1.44 0 0.20852553 0 0 0
1492 1.35 1.44 0 0.21129251 0 0 0
1493 1.4 1.44 0 0.21433899 0 0 0
1494 1.45 1.44 0 0.21764296 0 0 0
1495 1.5 1.44 0 0.22118058 0 0 0
1496 1.55 1.44 0 0.22492628 0 0 0
1497 1.6 1.44 4 1.508853 0.0028184227 0.0018608873 0.00467931
1498 1.65 1.44 5 1.8329325 0.0035209339 0.0023261092 0.005847043
1499 1.7 1.44 2 0.87713518 0.0014080147 0.00093044367 0.0023384584
1500 1.75 1.44 3 1.2014308 0.0021122037 0.0013956655 0.0035078692
1501 1.8 1.44 4 1.5257882 0.0028174728 0.0018608873 0.0046783601
1502 1.85 1.44 5 1.8501761 0.0035245377 0.0023261092 0.0058506468
1503 1.9 1.44 0 0.25456268 0 0 0
1504 1.95 1.44 0 0.25891633 0 0 0
1505 2 1.44 0 0.2632056 0 0 0
1506 2.05 1.44 0 0.26739952 0 0 0
1507 2.1 1.44 0 0.2714678 0 0 0
1508 2.15 1.44 0 0.27538107 0 0 0
1509 2.2 1.44 0 0.27911107 0 0 0
1510 2.25 1.44 0 0.28263087 0 0 0
1511 2.3 1.44 0 0.28591505 0 0 0
1512 2.35 1.44 0 0.28893991 0 0 0
1513 2.4 1.44 0 0.29168359 0 0 0
1514 2.45 1.44 5 1.8941263 0.0036447629 0.0023261092 0.0059708721
1515 2.5 1.44 2 0.93625037 0.0014645363 0.00093044367 0.0023949799
1516 2.55 1.44 3 1.2580405 0.0022072589 0.0013956655 0.0036029244
1517 2.6 1.44 4 1.5794837 0.0029575936 0.0018608873 0.0048184809
1518 2.65 1.44 5 1.9005697 0.0037159765 0.0023261092 0.0060420857
1519 2.7 1.44 2 0.94129045 0.0014942684 0.00093044367 0.002424712
1520 2.75 1.44 3 1.2616409 0.0022536156 0.0013956655 0.0036492811
1521 2.8 1.44 4 1.5816184 0.0030215928 0.0018608873 0.0048824801
1522 2.85 1.44 5 1.9012233 0.0037985133 0.0023261092 0.0061246224
1523 2.9 1.44 2 0.94045826 0.0015282157 0.00093044367 0.0024586593
1524 2.95 1.44 3 1.2593289 0.0023058082 0.0013956655 0.0037014737
1525 3 1.44 4 1.5778433 0.0030927044 0.0018608873 0.0049535918
1526 0 1.5 2 0.89 0.001627095 0.00092626063 0.0025533557
1527 0.05 1.5 3 1.2048568 0.0024263418 0.0013893909 0.0038157328
1528 0.1 1.5 4 1.5197507 0.003215967 0.0018525213 0.0050684882
1529 0.15 1.5 5 1.8347186 0.0039959645 0.0023156516 0.0063116161
1530 0.2 1.5 2 0.86979684 0.0015887922 0.00092626063 0.0025150528
1531 0.25 1.5 3 1.185021 0.0023688398 0.0013893909 0.0037582307
1532 0.3 1.5 4 1.5004255 0.0031394257 0.0018525213 0.0049919469
1533 0.35 1.5 5 1.8160435 0.0039006871 0.0023156516 0.0062163386
1534 0.4 1.5 2 0.85190675 0.0015509361 0.00092626063 0.0024771967
1535 0.45 1.5 3 1.168045 0.00231258 0.0013893909 0.003701971
1536 0.5 1.5 4 1.4844863 0.0030652992 0.0018525213 0.0049178205
1537 0.55 1.5 5 1.8012562 0.0038093689 0.0023156516 0.0061250205
1538 0.6 1.5 2 0.83837799 0.0015150361 0.00092626063 0.0024412967
1539 0.65 1.5 3 1.1558726 0.0022598054 0.0013893909 0.0036491964
1540 0.7 1.5 4 1.473758 0.0029965429 0.0018525213 0.0048490642
1541 0.75 1.5 5 1.7920495 0.0037256506 0.0023156516 0.0060413021
1542 0.8 1.5 2 0.83075946 0.0014825233 0.00092626063 0.0024087839
1543 0.85 1.5 3 1.1498972 0.00221262 0.0013893909 0.0036020109
1544 0.9 1.5 0 0.18946887 0 0 0
1545 0.95 1.5 0 0.18947764 0 0 0
1546 1 1.5 0 0.18992343 0 0 0
1547 1.05 1.5 0 0.190803 0 0 0
1548 1.1 1.5 0 0.19211001 0 0 0
1549 1.15 1.5 0 0.19383503 0 0 0
1550 1.2 1.5 0 0.1959656 0 0 0
1551 1.25 1.5 0 0.19848632 0 0 0
1552 1.3 1.5 0 0.20137901 0 0 0
1553 1.35 1.5 0 0.20462278 0 0 0
1554 1.4 1.5 0 0.2081942 0 0 0
1555 1.45 1.5 0 0.21206748 0 0 0
1556 1.5 1.5 0 0.21621467 0 0 0
1557 1.55 1.5 5 1.8206058 0.0035263149 0.0023156516 0.0058419665
1558 1.6 1.5 2 0.86520918 0.0014092113 0.00092626063 0.002335472
1559 1.65 1.5 3 1.1899916 0.0021125603 0.0013893909 0.0035019513
1560 1.7 1.5 4 1.5149184 0.0028160295 0.0018525213 0.0046685507
1561 1.75 1.5 5 1.8399542 0.0035203395 0.0023156516 0.005835991
1562 1.8 1.5 2 0.88506247 0.0014087364 0.00092626063 0.002334997
1563 1.85 1.5 0 0.25020642 0 0 0
1564 1.9 1.5 0 0.25534888 0 0 0
1565 1.95 1.5 0 0.26045271 0 0 0
1566 2 1.5 0 0.26548107 0 0 0
1567 2.05 1.5 0 0.27039765 0 0 0
1568 2.1 1.5 0 0.27516694 0 0 0
1569 2.15 1.5 0 0.27975451 0 0 0
1570 2.2 1.5 0 0.28412723 0 0 0
1571 2.25 1.5 0 0.28825353 0 0 0
1572 2.3 1.5 0 0.29210362 0 0 0
1573 2.35 1.5 0 0.29564969 0 0 0
1574 2.4 1.5 0 0.29886614 0 0 0
1575 2.45 1.5 0 0.30172974 0 0 0
1576 2.5 1.5 4 1.5842198 0.0029290725 0.0018525213 0.0047815938
1577 2.55 1.5 5 1.9063184 0.0036787649 0.0023156516 0.0059944164
1578 2.6 1.5 2 0.94801033 0.0014787968 0.00092626063 0.0024050574
1579 2.65 1.5 3 1.2692834 0.0022295859 0.0013893909 0.0036189769
1580 2.7 1.5 4 1.5901284 0.0029885368 0.0018525213 0.004841058
1581 2.75 1.5 5 1.9105392 0.003756026 0.0023156516 0.0060716776
1582 2.8 1.5 2 0.95051288 0.0015107964 0.00092626063 0.002437057
1583 2.85 1.5 3 1.2700496 0.002279108 0.0013893909 0.0036684989
1584 2.9 1.5 4 1.5891528 0.0030564314 0.0018525213 0.0049089526
1585 2.95 1.5 5 1.9078288 0.0038430137 0.0023156516 0.0061586653
1586 3 1.5 2 0.94608727 0.0015463522 0.00092626063 0.0024726129
1587 0 1.56 4 1.53 0.0032541901 0.0018446859 0.005098876
1588 0.05 1.56 5 1.8441371 0.004043903 0.0023058574 0.0063497605
1589 0.1 1.56 2 0.87831646 0.0016079835 0.00092234297 0.0025303265
1590 0.15 1.56 3 1.1925802 0.0023975787 0.0013835145 0.0037810932
1591 0.2 1.56 4 1.5069698 0.0031775843 0.0018446859 0.0050222703
1592 0.25 1.56 5 1.8215256 0.0039480663 0.0023058574 0.0062539238
1593 0.3 1.56 2 0.85628704 0.0015697128 0.00092234297 0.0024920558
1594 0.35 1.56 3 1.1712919 0.0023404122 0.0013835145 0.0037239267
1595 0.4 1.56 4 1.4865763 0.0031018722 0.0018446859 0.0049465582
1596 0.45 1.56 5 1.8021742 0.0038543001 0.0023058574 0.0061601575
1597 0.5 1.56 2 0.83811744 0.0015326496 0.00092234297 0.0024549926
1598 0.55 1.56 3 1.1544353 0.0022856213 0.0013835145 0.0036691358
1599 0.6 1.56 4 1.4711544 0.0030300721 0.0018446859 0.0048747581
1600 0.65 1.56 5 1.7882984 0.0037663424 0.0023058574 0.0060721998
1601 0.7 1.56 2 0.82588791 0.0014982715 0.00092234297 0.0024206144
1602 0.75 1.56 3 1.1439404 0.0022353903 0.0013835145 0.0036189048
1603 0.8 1.56 4 1.4624698 0.0029650466 0.0018446859 0.0048097325
1604 0.85 1.56 5 1.7814869 0.0036876999 0.0023058574 0.0059935574
1605 0.9 1.56 2 0.82099861 0.0014679489 0.00092234297 0.0023902919
1606 0.95 1.56 0 0.18100861 0 0 0
1607 1 1.56 0 0.18151677 0 0 0
1608 1.05 1.56 0 0.18251942 0 0 0
1609 1.1 1.56 0 0.18400933 0 0 0
1610 1.15 1.56 0 0.18597573 0 0 0
1611 1.2 1.56 0 0.18840443 0 0 0
1612 1.25 1.56 0 0.19127789 0 0 0
1613 1.3 1.56 0 0.19457537 0 0 0
1614 1.35 1.56 0 0.19827304 0 0 0
1615 1.4 1.56 0 0.20234422 0 0 0
1616 1.45 1.56 0 0.2067595 0 0 0
1617 1.5 1.56 2 0.851487 0.0014123142 0.00092234297 0.0023346572
1618 1.55 1.56 3 1.1764926 0.002115789 0.0013835145 0.0034993034
1619 1.6 1.56 4 1.5017401 0.0028184227 0.0018446859 0.0046631086
1620 1.65 1.56 5 1.8271917 0.0035209339 0.0023058574 0.0058267913
1621 1.7 1.56 2 0.87280802 0.0014080147 0.00092234297 0.0023303577
1622 1.75 1.56 3 1.1985484 0.0021122037 0.0013835145 0.0034957181
1623 1.8 1.56 0 0.24437156 0 0 0
1624 1.85 1.56 0 0.25023531 0 0 0
1625 1.9 1.56 0 0.25609736 0 0 0
1626 1.95 1.56 0 0.26191539 0 0 0
1627 2 1.56 0 0.26764737 0 0 0
1628 2.05 1.56 0 0.27325194 0 0 0
1629 2.1 1.56 0 0.27868861 0 0 0
1630 2.15 1.56 0 0.28391813 0 0 0
1631 2.2 1.56 0 0.28890273 0 0 0
1632 2.25 1.56 0 0.29360644 0 0 0
1633 2.3 1.56 0 0.29799528 0 0 0
1634 2.35 1.56 0 0.30203756 0 0 0
1635 2.4 1.56 0 0.30570409 0 0 0
1636 2.45 1.56 0 0.30896841 0 0 0
1637 2.5 1.56 0 0.31180693 0 0 0
1638 2.55 1.56 3 1.2741992 0.0022072589 0.0013835145 0.0035907734
1639 2.6 1.56 4 1.5961279 0.0029575936 0.0018446859 0.0048022796
1640 2.65 1.56 5 1.917579 0.0037159765 0.0023058574 0.006021834
1641 2.7 1.56 2 0.95854227 0.0014942684 0.00092234297 0.0024166113
1642 2.75 1.56 3 1.2790106 0.0022536156 0.0013835145 0.0036371301
1643 2.8 1.56 4 1.5989806 0.0030215928 0.0018446859 0.0048662787
1644 2.85 1.56 5 1.9184525 0.0037985133 0.0023058574 0.0061043707
1645 2.9 1.56 2 0.95743016 0.0015282157 0.00092234297 0.0024505587
1646 2.95 1.56 3 1.2759209 0.0023058082 0.0013835145 0.0036893227
1647 3 1.56 4 1.5939357 0.0030927044 0.0018446859 0.0049373904
1648 0 1.62 2 0.89 0.001627095 0.0009187048 0.0025457998
1649 0.05 1.62 3 1.2034587 0.0024263418 0.0013780572 0.003804399
1650 0.1 1.62 4 1.5169646 0.003215967 0.0018374096 0.0050533766
1651 0.15 1.62 5 1.8305647 0.0039959645 0.002296762 0.0062927265
1652 0.2 1.62 2 0.8643051 0.0015887922 0.0009187048 0.002507497
1653 0.25 1.62 3 1.178231 0.0023688398 0.0013780572 0.003746897
1654 0.3 1.62 4 1.4923863 0.0031394257 0.0018374096 0.0049768352
1655 0.35 1.62 5 1.8068133 0.0039006871 0.002296762 0.006197449
1656 0.4 1.62 2 0.84155202 0.0015509361 0.0009187048 0.0024696409
1657 0.45 1.62 3 1.1566406 0.00231258 0.0013780572 0.0036906372
1658 0.5 1.62 4 1.4721145 0.0030652992 0.0018374096 0.0049027088
1659 0.55 1.62 5 1.7880063 0.0038093689 0.002296762 0.0061061309
1660 0.6 1.62 2 0.82434578 0.0015150361 0.0009187048 0.0024337409
1661 0.65 1.62 3 1.1411593 0.0022598054 0.0013780572 0.0036378626
1662 0.7 1.62 4 1.4584699 0.0029965429 0.0018374096 0.0048339525
1663 0.75 1.62 5 1.7762971 0.0037256506 0.002296762 0.0060224126
1664 0.8 1.62 2 0.81465634 0.0014825233 0.0009187048 0.0024012281
1665 0.85 1.62 3 1.1335597 0.00221262 0.0013780572 0.0035906772
1666 0.9 1.62 4 1.4530149 0.0029358978 0.0018374096 0.0047733074
1667 0.95 1.62 5 1.7730261 0.0036528697 0.002296762 0.0059496317
1668 1 1.62 2 0.81359305 0.0014546939 0.0009187048 0.0023733987
1669 1.05 1.62 3 1.1347117 0.0021729047 0.0013780572 0.0035509619
1670 1.1 1.62 0 0.17637401 0 0 0
1671 1.15 1.62 0 0.17856793 0 0 0
1672 1.2 1.62 0 0.18127764 0 0 0
1673 1.25 1.62 0 0.18448357 0 0 0
1674 1.3 1.62 0 0.18816256 0 0 0
1675 1.35 1.62 0 0.19228807 0 0 0
1676 1.4 1.62 2 0.83683029 0.0014172924 0.0009187048 0.0023359972
1677 1.45 1.62 3 1.1617564 0.0021218574 0.0013780572 0.0034999146
1678 1.5 1.62 4 1.4870309 0.0028246284 0.0018374096 0.004662038
1679 1.55 1.62 5 1.8126157 0.0035263149 0.002296762 0.0058230769
1680 1.6 1.62 2 0.85847039 0.0014092113 0.0009187048 0.0023279161
1681 1.65 1.62 3 1.1845527 0.0021125603 0.0013780572 0.0034906175
1682 1.7 1.62 4 1.5108189 0.0028160295 0.0018374096 0.0046534391
1683 1.75 1.62 5 1.8372235 0.0035203395 0.002296762 0.0058171015
1684 1.8 1.62 0 0.24372033 0 0 0
1685 1.85 1.62 0 0.25026253 0 0 0
1686 1.9 1.62 0 0.25680284 0 0 0
1687 1.95 1.62 0 0.26329403 0 0 0
1688 2 1.62 0 0.26968923 0 0 0
1689 2.05 1.62 0 0.27594226 0 0 0
1690 2.1 1.62 0 0.28200797 0 0 0
1691 2.15 1.62 0 0.28784256 0 0 0
1692 2.2 1.62 0 0.2934039 0 0 0
1693 2.25 1.62 0 0.29865184 0 0 0
1694 2.3 1.62 0 0.30354848 0 0 0
1695 2.35 1.62 0 0.30805846 0 0 0
1696 2.4 1.62 0 0.31214923 0 0 0
1697 2.45 1.62 0 0.31579124 0 0 0
1698 2.5 1.62 0 0.31895819 0 0 0
1699 2.55 1.62 5 1.9216272 0.0036787649 0.002296762 0.0059755269
1700 2.6 1.62 2 0.96377905 0.0014787968 0.0009187048 0.0023975016
1701 2.65 1.62 3 1.2853982 0.0022295859 0.0013780572 0.0036076431
1702 2.7 1.62 4 1.6064728 0.0029885368 0.0018374096 0.0048259463
1703 2.75 1.62 5 1.9269953 0.003756026 0.002296762 0.006052788
1704 2.8 1.62 2 0.96696186 0.0015107964 0.0009187048 0.0024295012
1705 2.85 1.62 3 1.2863727 0.002279108 0.0013780572 0.0036571652
1706 2.9 1.62 4 1.605232 0.0030564314 0.0018374096 0.004893841
1707 2.95 1.62 5 1.9235482 0.0038430137 0.002296762 0.0061397757
1708 3 1.62 2 0.96133325 0.0015463522 0.0009187048 0.002465057
1709 0 1.68 4 1.53 0.0032541901 0.0018307184 0.0050849085
1710 0.05 1.68 5 1.8428265 0.004043903 0.002288398 0.006332301
1711 0.1 1.68 2 0.87570474 0.0016079835 0.0009153592 0.0025233427
1712 0.15 1.68 3 1.1886862 0.0023975787 0.0013730388 0.0037706175
1713 0.2 1.68 4 1.5018216 0.0031775843 0.0018307184 0.0050083027
1714 0.25 1.68 5 1.8151605 0.0039480663 0.002288398 0.0062364643
1715 0.3 1.68 2 0.8487509 0.0015697128 0.0009153592 0.002485072
1716 0.35 1.68 3 1.1626392 0.0023404122 0.0013730388 0.003713451
1717 0.4 1.68 4 1.4768694 0.0031018722 0.0018307184 0.0049325906
1718 0.45 1.68 5 1.7914833 0.0038543001 0.002288398 0.0061426981
1719 0.5 1.68 2 0.8265197 0.0015326496 0.0009153592 0.0024480088
1720 0.55 1.68 3 1.1420145 0.0022856213 0.0013730388 0.0036586601
1721 0.6 1.68 4 1.4580001 0.0030300721 0.0018307184 0.0048607905
1722 0.65 1.68 5 1.7745057 0.0037663424 0.002288398 0.0060547404
1723 0.7 1.68 2 0.81155639 0.0014982715 0.0009153592 0.0024136307
1724 0.75 1.68 3 1.1291735 0.0022353903 0.0013730388 0.0036084291
1725 0.8 1.68 4 1.4473742 0.0029650466 0.0018307184 0.004795765
1726 0.85 1.68 5 1.7661715 0.0036876999 0.002288398 0.0059760979
1727 0.9 1.68 2 0.80557415 0.0014679489 0.0009153592 0.0023833081
1728 0.95 1.68 3 1.1255864 0.0021917218 0.0013730388 0.0035647606
1729 1 1.68 4 1.4462081 0.0029093878 0.0018307184 0.0047401062
1730 1.05 1.68 5 1.7674349 0.0036215079 0.002288398 0.0059099059
1731 1.1 1.68 2 0.80925788 0.0014428908 0.0009153592 0.00235825
1732 1.15 1.68 3 1.1316639 0.0021563567 0.0013730388 0.0035293955
1733 1.2 1.68 4 1.4546355 0.0028653149 0.0018307184 0.0046960333
1734 1.25 1.68 5 1.7781512 0.0035704051 0.002288398 0.0058588031
1735 1.3 1.68 2 0.82218583 0.0014240961 0.0009153592 0.0023394553
1736 1.35 1.68 3 1.1467101 0.0021307049 0.0013730388 0.0035037437
1737 1.4 1.68 4 1.4716913 0.0028345848 0.0018307184 0.0046653032
1738 1.45 1.68 5 1.7970936 0.0035364289 0.002288398 0.0058248269
1739 1.5 1.68 2 0.84287787 0.0014123142 0.0009153592 0.0023276734
1740 1.55 1.68 3 1.1690024 0.002115789 0.0013730388 0.0034888278
1741 1.6 1.68 4 1.495423 0.0028184227 0.0018307184 0.004649141
1742 1.65 1.68 5 1.8220932 0.0035209339 0.002288398 0.0058093319
1743 1.7 1.68 2 0.86896495 0.0014080147 0.0009153592 0.0023233739
1744 1.75 1.68 3 1.1959886 0.0021122037 0.0013730388 0.0034852425
1745 1.8 1.68 0 0.24311338 0 0 0
1746 1.85 1.68 0 0.25028791 0 0 0
1747 1.9 1.68 0 0.25746035 0 0 0
1748 1.95 1.68 0 0.26457893 0 0 0
1749 2 1.68 0 0.27159224 0 0 0
1750 2.05 1.68 0 0.27844964 0 0 0
1751 2.1 1.68 0 0.28510161 0 0 0
1752 2.15 1.68 0 0.29150013 0 0 0
1753 2.2 1.68 0 0.29759899 0 0 0
1754 2.25 1.68 0 0.30335415 0 0 0
1755 2.3 1.68 0 0.30872406 0 0 0
1756 2.35 1.68 0 0.31366995 0 0 0
1757 2.4 1.68 0 0.3181561 0 0 0
1758 2.45 1.68 0 0.32215011 0 0 0
1759 2.5 1.68 0 0.32562316 0 0 0
1760 2.55 1.68 3 1.2885502 0.0022072589 0.0013730388 0.0035802977
1761 2.6 1.68 4 1.61091 0.0029575936 0.0018307184 0.004788312
1762 2.65 1.68 5 1.9326856 0.0037159765 0.002288398 0.0060043745
1763 2.7 1.68 2 0.97386411 0.0014942684 0.0009153592 0.0024096276
1764 2.75 1.68 3 1.2944371 0.0022536156 0.0013730388 0.0036266544
1765 2.8 1.68 4 1.6144004 0.0030215928 0.0018307184 0.0048523112
1766 2.85 1.68 5 1.9337543 0.0037985133 0.002288398 0.0060869113
1767 2.9 1.68 2 0.9725034 0.0015282157 0.0009153592 0.0024435749
1768 2.95 1.68 3 1.2906568 0.0023058082 0.0013730388 0.003678847
1769 3 1.68 4 1.6082278 0.0030927044 0.0018307184 0.0049234228
1770 0 1.74 2 0.89 0.001627095 0.00091231821 0.0025394133
1771 0.05 1.74 3 1.2022448 0.0024263418 0.0013684773 0.0037948191
1772 0.1 1.74 4 1.5145457 0.003215967 0.0018246364 0.0050406034
1773 0.15 1.74 5 1.8269581 0.0039959645 0.0022807955 0.00627676
1774 0.2 1.74 2 0.85953686 0.0015887922 0.00091231821 0.0025011104
1775 0.25 1.74 3 1.1723356 0.0023688398 0.0013684773 0.0037373171
1776 0.3 1.74 4 1.4854063 0.0031394257 0.0018246364 0.0049640621
1777 0.35 1.74 5 1.798799 0.0039006871 0.0022807955 0.0061814826
1778 0.4 1.74 2 0.83256147 0.0015509361 0.00091231821 0.0024632543
1779 0.45 1.74 3 1.1467386 0.00231258 0.0013684773 0.0036810574
1780 0.5 1.74 4 1.4613726 0.0030652992 0.0018246364 0.0048899357
1781 0.55 1.74 5 1.7765021 0.0038093689 0.0022807955 0.0060901644
1782 0.6 1.74 2 0.81216225 0.0015150361 0.00091231821 0.0024273543
1783 0.65 1.74 3 1.1283845 0.0022598054 0.0013684773 0.0036282828
1784 0.7 1.74 4 1.445196 0.0029965429 0.0018246364 0.0048211793
1785 0.75 1.74 5 1.7626199 0.0037256506 0.0022807955 0.0060064461
1786 0.8 1.74 2 0.80067473 0.0014825233 0.00091231821 0.0023948415
1787 0.85 1.74 3 1.1193745 0.00221262 0.0013684773 0.0035810973
1788 0.9 1.74 4 1.4387287 0.0029358978 0.0018246364 0.0047605342
1789 0.95 1.74 5 1.7587419 0.0036528697 0.0022807955 0.0059336652
1790 1 1.74 2 0.79941411 0.0014546939 0.00091231821 0.0023670121
1791 1.05 1.74 3 1.1207404 0.0021729047 0.0013684773 0.003541382
1792 1.1 1.74 4 1.4427111 0.0028857816 0.0018246364 0.004710418
1793 1.15 1.74 5 1.7653122 0.0035939278 0.0022807955 0.0058747234
1794 1.2 1.74 2 0.80852474 0.0014326575 0.00091231821 0.0023449757
1795 1.25 1.74 3 1.1323256 0.0021422431 0.0013684773 0.0035107204
1796 1.3 1.74 4 1.4566873 0.0028481923 0.0018246364 0.0046728287
1797 1.35 1.74 5 1.7815784 0.0035511748 0.0022807955 0.0058319703
1798 1.4 1.74 2 0.82696353 0.0014172924 0.00091231821 0.0023296106
1799 1.45 1.74 3 1.1528038 0.0021218574 0.0013684773 0.0034903347
1800 1.5 1.74 4 1.4790571 0.0028246284 0.0018246364 0.0046492649
1801 1.55 1.74 5 1.8056782 0.0035263149 0.0022807955 0.0058071105
1802 1.6 1.74 2 0.8526194 0.0014092113 0.00091231821 0.0023215295
1803 1.65 1.74 3 1.1798305 0.0021125603 0.0013684773 0.0034810376
1804 1.7 1.74 4 1.5072594 0.0028160295 0.0018246364 0.0046406659
1805 1.75 1.74 5 1.8348525 0.0035203395 0.0022807955 0.005801135
1806 1.8 1.74 0 0.242555 0 0 0
1807 1.85 1.74 0 0.25031125 0 0 0
1808 1.9 1.74 0 0.25806526 0 0 0
1809 1.95 1.74 0 0.26576102 0 0 0
1810 2 1.74 0 0.27334299 0 0 0
1811 2.05 1.74 0 0.2807564 0 0 0
1812 2.1 1.74 0 0.28794773 0 0 0
1813 2.15 1.74 0 0.29486505 0 0 0
1814 2.2 1.74 0 0.30145842 0 0 0
1815 2.25 1.74 0 0.30768022 0 0 0
1816 2.3 1.74 0 0.31348554 0 0 0
1817 2.35 1.74 0 0.31883245 0 0 0
1818 2.4 1.74 0 0.32368234 0 0 0
1819 2.45 1.74 0 0.3280002 0 0 0
1820 2.5 1.74 0 0.33175485 0 0 0
1821 2.55 1.74 5 1.9349192 0.0036787649 0.0022807955 0.0059595604
1822 2.6 1.74 2 0.97747032 0.0014787968 0.00091231821 0.002391115
1823 2.65 1.74 3 1.2993899 0.0022295859 0.0013684773 0.0035980632
1824 2.7 1.74 4 1.620664 0.0029885368 0.0018246364 0.0048131732
1825 2.75 1.74 5 1.9412834 0.003756026 0.0022807955 0.0060368216
1826 2.8 1.74 2 0.98124377 0.0015107964 0.00091231821 0.0024231146
1827 2.85 1.74 3 1.3005453 0.002279108 0.0013684773 0.0036475853
1828 2.9 1.74 4 1.6191929 0.0030564314 0.0018246364 0.0048810678
1829 2.95 1.74 5 1.9371966 0.0038430137 0.0022807955 0.0061238092
1830 3 1.74 2 0.97457066 0.0015463522 0.00091231821 0.0024586704
1831 0 1.8 4 1.53 0.0032541901 0.0018191856 0.0050733757
1832 0.05 1.8 5 1.8417179 0.004043903 0.002273982 0.006317885
1833 0.1 1.8 2 0.87349554 0.0016079835 0.00090959279 0.0025175763
1834 0.15 1.8 3 1.1853924 0.0023975787 0.0013643892 0.0037619679
1835 0.2 1.8 4 1.4974669 0.0031775843 0.0018191856 0.0049967699
1836 0.25 1.8 5 1.8097764 0.0039480663 0.002273982 0.0062220483
1837 0.3 1.8 2 0.84237624 0.0015697128 0.00090959279 0.0024793056
1838 0.35 1.8 3 1.15532 0.0023404122 0.0013643892 0.0037048014
1839 0.4 1.8 4 1.4686586 0.0031018722 0.0018191856 0.0049210578
1840 0.45 1.8 5 1.7824401 0.0038543001 0.002273982 0.006128282
1841 0.5 1.8 2 0.81670941 0.0015326496 0.00090959279 0.0024422424
1842 0.55 1.8 3 1.1315079 0.0022856213 0.0013643892 0.0036500105
1843 0.6 1.8 4 1.4468732 0.0030300721 0.0018191856 0.0048492577
1844 0.65 1.8 5 1.7628388 0.0037663424 0.002273982 0.0060403244
1845 0.7 1.8 2 0.79943367 0.0014982715 0.00090959279 0.0024078642
1846 0.75 1.8 3 1.1166825 0.0022353903 0.0013643892 0.0035997795
1847 0.8 1.8 4 1.4346052 0.0029650466 0.0018191856 0.0047842321
1848 0.85 1.8 5 1.7532166 0.0036876999 0.002273982 0.0059616819
1849 0.9 1.8 2 0.79252693 0.0014679489 0.00090959279 0.0023775417
1850 0.95 1.8 3 1.112541 0.0021917218 0.0013643892 0.003556111
1851 1 1.8 4 1.4332589 0.0029093878 0.0018191856 0.0047285734
1852 1.05 1.8 5 1.7546753 0.0036215079 0.002273982 0.0058954898
1853 1.1 1.8 2 0.79677994 0.0014428908 0.00090959279 0.0023524836
1854 1.15 1.8 3 1.1195577 0.0021563567 0.0013643892 0.0035207459
1855 1.2 1.8 4 1.4429886 0.0028653149 0.0018191856 0.0046845005
1856 1.25 1.8 5 1.7670477 0.0035704051 0.002273982 0.0058443871
1857 1.3 1.8 2 0.81170579 0.0014240961 0.00090959279 0.0023336889
1858 1.35 1.8 3 1.1369292 0.0021307049 0.0013643892 0.003495094
1859 1.4 1.8 4 1.4626803 0.0028345848 0.0018191856 0.0046537704
1860 1.45 1.8 5 1.7889174 0.0035364289 0.002273982 0.0058104109
1861 1.5 1.8 2 0.83559559 0.0014123142 0.00090959279 0.002321907
1862 1.55 1.8 3 1.1626666 0.002115789 0.0013643892 0.0034801781
1863 1.6 1.8 4 1.4900794 0.0028184227 0.0018191856 0.0046376082
1864 1.65 1.8 5 1.8177805 0.0035209339 0.002273982 0.0057949158
1865 1.7 1.8 2 0.86571418 0.0014080147 0.00090959279 0.0023176075
1866 1.75 1.8 3 1.1938232 0.0021122037 0.0013643892 0.0034765929
1867 1.8 1.8 0 0.24204912 0 0 0
1868 1.85 1.8 0 0.2503324 0 0 0
1869 1.9 1.8 0 0.25861328 0 0 0
1870 1.95 1.8 0 0.26683197 0 0 0
1871 2 1.8 0 0.27492912 0 0 0
1872 2.05 1.8 0 0.28284626 0 0 0
1873 2.1 1.8 0 0.29052624 0 0 0
1874 2.15 1.8 0 0.29791359 0 0 0
1875 2.2 1.8 0 0.30495497 0 0 0
1876 2.25 1.8 0 0.31159954 0 0 0
1877 2.3 1.8 0 0.31779932 0 0 0
1878 2.35 1.8 0 0.32350955 0 0 0
1879 2.4 1.8 0 0.32868899 0 0 0
1880 2.45 1.8 0 0.33330024 0 0 0
1881 2.5 1.8 0 0.33731001 0 0 0
1882 2.55 1.8 3 1.3006893 0.0022072589 0.0013643892 0.0035716481
1883 2.6 1.8 4 1.6234138 0.0029575936 0.0018191856 0.0047767792
1884 2.65 1.8 5 1.9454638 0.0037159765 0.002273982 0.0059899585
1885 2.7 1.8 2 0.98682452 0.0014942684 0.00090959279 0.0024038612
1886 2.75 1.8 3 1.3074861 0.0022536156 0.0013643892 0.0036180048
1887 2.8 1.8 4 1.6274437 0.0030215928 0.0018191856 0.0048407783
1888 2.85 1.8 5 1.9466977 0.0037985133 0.002273982 0.0060724952
1889 2.9 1.8 2 0.98525353 0.0015282157 0.00090959279 0.0024378085
1890 2.95 1.8 3 1.3031215 0.0023058082 0.0013643892 0.0036701974
1891 3 1.8 4 1.6203172 0.0030927044 0.0018191856 0.00491189
1892 0 1.86 2 0.89 0.001627095 0.00090719273 0.0025342878
1893 0.05 1.86 3 1.2012493 0.0024263418 0.0013607891 0.0037871309
1894 0.1 1.86 4 1.5125618 0.003215967 0.0018143855 0.0050303524
1895 0.15 1.86 5 1.8240002 0.0039959645 0.0022679818 0.0062639463
1896 0.2 1.86 2 0.8556264 0.0015887922 0.00090719273 0.0024959849
1897 0.25 1.86 3 1.1675007 0.0023688398 0.0013607891 0.0037296289
1898 0.3 1.86 4 1.479682 0.0031394257 0.0018143855 0.0049538111
1899 0.35 1.86 5 1.7922265 0.0039006871 0.0022679818 0.0061686689
1900 0.4 1.86 2 0.82518825 0.0015509361 0.00090719273 0.0024581288
1901 0.45 1.86 3 1.1386179 0.00231258 0.0013607891 0.0036733691
1902 0.5 1.86 4 1.4525631 0.0030652992 0.0018143855 0.0048796847
1903 0.55 1.86 5 1.7670673 0.0038093689 0.0022679818 0.0060773507
1904 0.6 1.86 2 0.80217044 0.0015150361 0.00090719273 0.0024222288
1905 0.65 1.86 3 1.1179077 0.0022598054 0.0013607891 0.0036205945
1906 0.7 1.86 4 1.43431 0.0029965429 0.0018143855 0.0048109284
1907 0.75 1.86 5 1.7514032 0.0037256506 0.0022679818 0.0059936324
1908 0.8 1.86 2 0.7892083 0.0014825233 0.00090719273 0.002389716
1909 0.85 1.86 3 1.1077412 0.00221262 0.0013607891 0.0035734091
1910 0.9 1.86 4 1.4270125 0.0029358978 0.0018143855 0.0047502833
1911 0.95 1.86 5 1.7470274 0.0036528697 0.0022679818 0.0059208515
1912 1 1.86 2 0.78778587 0.0014546939 0.00090719273 0.0023618866
1913 1.05 1.86 3 1.1092824 0.0021729047 0.0013607891 0.0035336938
1914 1.1 1.86 4 1.4315061 0.0028857816 0.0018143855 0.004700167
1915 1.15 1.86 5 1.7544411 0.0035939278 0.0022679818 0.0058619096
1916 1.2 1.86 2 0.798066 0.0014326575 0.00090719273 0.0023398502
1917 1.25 1.86 3 1.1223548 0.0021422431 0.0013607891 0.0035030322
1918 1.3 1.86 4 1.4472764 0.0028481923 0.0018143855 0.0046625777
1919 1.35 1.86 5 1.7727953 0.0035511748 0.0022679818 0.0058191566
1920 1.4 1.86 2 0.81887172 0.0014172924 0.00090719273 0.0023244851
1921 1.45 1.86 3 1.1454617 0.0021218574 0.0013607891 0.0034826465
1922 1.5 1.86 4 1.4725177 0.0028246284 0.0018143855 0.0046390139
1923 1.55 1.86 5 1.7999888 0.0035263149 0.0022679818 0.0057942968
1924 1.6 1.86 2 0.84782096 0.0014092113 0.00090719273 0.0023164041
1925 1.65 1.86 3 1.1759577 0.0021125603 0.0013607891 0.0034733494
1926 1.7 1.86 4 1.5043402 0.0028160295 0.0018143855 0.0046304149
1927 1.75 1.86 5 1.8329081 0.0035203395 0.0022679818 0.0057883213
1928 1.8 1.86 0 0.24159931 0 0 0
1929 1.85 1.86 0 0.25035121 0 0 0
1930 1.9 1.86 0 0.25910057 0 0 0
1931 1.95 1.86 0 0.26778422 0 0 0
1932 2 1.86 0 0.27633946 0 0 0
1933 2.05 1.86 0 0.28470451 0 0 0
1934 2.1 1.86 0 0.29281897 0 0 0
1935 2.15 1.86 0 0.30062424 0 0 0
1936 2.2 1.86 0 0.30806398 0 0 0
1937 2.25 1.86 0 0.31508446 0 0 0
1938 2.3 1.86 0 0.32163499 0 0 0
1939 2.35 1.86 0 0.32766827 0 0 0
1940 2.4 1.86 0 0.33314073 0 0 0
1941 2.45 1.86 0 0.33801286 0 0 0
1942 2.5 1.86 0 0.34224948 0 0 0
1943 2.55 1.86 5 1.94582 0.0036787649 0.0022679818 0.0059467467
1944 2.6 1.86 2 0.98869863 0.0014787968 0.00090719273 0.0023859895
1945 2.65 1.86 3 1.3108646 0.0022295859 0.0013607891 0.003590375
1946 2.7 1.86 4 1.6323023 0.0029885368 0.0018143855 0.0048029222
1947 2.75 1.86 5 1.9530012 0.003756026 0.0022679818 0.0060240079
1948 2.8 1.86 2 0.99295647 0.0015107964 0.00090719273 0.0024179891
1949 2.85 1.86 3 1.3121683 0.002279108 0.0013607891 0.0036398971
1950 2.9 1.86 4 1.6306424 0.0030564314 0.0018143855 0.0048708168
1951 2.95 1.86 5 1.9483898 0.0038430137 0.0022679818 0.0061109955
1952 3 1.86 2 0.98542674 0.0015463522 0.00090719273 0.002453545
1953 0 1.92 4 1.53 0.0032541901 0.0018102534 0.0050644434
1954 0.05 1.92 5 1.8408425 0.004043903 0.0022628167 0.0063067197
1955 0.1 1.92 2 0.87175107 0.0016079835 0.00090512668 0.0025131102
1956 0.15 1.92 3 1.1827914 0.0023975787 0.00135769 0.0037552687
1957 0.2 1.92 4 1.4940283 0.0031775843 0.0018102534 0.0049878377
1958 0.25 1.92 5 1.8055248 0.0039480663 0.0022628167 0.006210883
1959 0.3 1.92 2 0.83734255 0.0015697128 0.00090512668 0.0024748395
1960 0.35 1.92 3 1.1495405 0.0023404122 0.00135769 0.0036981022
1961 0.4 1.92 4 1.462175 0.0031018722 0.0018102534 0.0049121256
1962 0.45 1.92 5 1.7752992 0.0038543001 0.0022628167 0.0061171168
1963 0.5 1.92 2 0.80896281 0.0015326496 0.00090512668 0.0024377763
1964 0.55 1.92 3 1.1232116 0.0022856213 0.00135769 0.0036433113
1965 0.6 1.92 4 1.438087 0.0030300721 0.0018102534 0.0048403255
1966 0.65 1.92 5 1.7536261 0.0037663424 0.0022628167 0.0060291591
1967 0.7 1.92 2 0.78986108 0.0014982715 0.00090512668 0.0024033981
1968 0.75 1.92 3 1.1068191 0.0022353903 0.00135769 0.0035930804
1969 0.8 1.92 4 1.4245222 0.0029650466 0.0018102534 0.0047752999
1970 0.85 1.92 5 1.7429869 0.0036876999 0.0022628167 0.0059505166
1971 0.9 1.92 2 0.78222432 0.0014679489 0.00090512668 0.0023730756
1972 0.95 1.92 3 1.1022399 0.0021917218 0.00135769 0.0035494118
1973 1 1.92 4 1.4230336 0.0029093878 0.0018102534 0.0047196412
1974 1.05 1.92 5 1.7445997 0.0036215079 0.0022628167 0.0058843246
1975 1.1 1.92 2 0.78692686 0.0014428908 0.00090512668 0.0023480175
1976 1.15 1.92 3 1.1099983 0.0021563567 0.00135769 0.0035140467
1977 1.2 1.92 4 1.4337917 0.0028653149 0.0018102534 0.0046755683
1978 1.25 1.92 5 1.7582799 0.0035704051 0.0022628167 0.0058332218
1979 1.3 1.92 2 0.80343032 0.0014240961 0.00090512668 0.0023292228
1980 1.35 1.92 3 1.1292059 0.0021307049 0.00135769 0.0034883949
1981 1.4 1.92 4 1.4555648 0.0028345848 0.0018102534 0.0046448382
1982 1.45 1.92 5 1.7824611 0.0035364289 0.0022628167 0.0057992456
1983 1.5 1.92 2 0.8298452 0.0014123142 0.00090512668 0.0023174409
1984 1.55 1.92 3 1.1576636 0.002115789 0.00135769 0.003473479
1985 1.6 1.92 4 1.4858599 0.0028184227 0.0018102534 0.004628676
1986 1.65 1.92 5 1.814375 0.0035209339 0.0022628167 0.0057837506
1987 1.7 1.92 2 0.86314725 0.0014080147 0.00090512668 0.0023131414
1988 1.75 1.92 3 1.1921134 0.0021122037 0.00135769 0.0034698937
1989 1.8 1.92 4 1.5212087 0.0028174728 0.0018102534 0.0046277261
1990 1.85 1.92 0 0.25036753 0 0 0
1991 1.9 1.92 0 0.25952368 0 0 0
1992 1.95 1.92 0 0.26861106 0 0 0
1993 2 1.92 0 0.27756405 0 0 0
1994 2.05 1.92 0 0.28631802 0 0 0
1995 2.1 1.92 0 0.29480974 0 0 0
1996 2.15 1.92 0 0.30297791 0 0 0
1997 2.2 1.92 0 0.31076354 0 0 0
1998 2.25 1.92 0 0.31811042 0 0 0
1999 2.3 1.92 0 0.3249655 0 0 0
2000 2.35 1.92 0 0.33127928 0 0 0
2001 2.4 1.92 0 0.33700617 0 0 0
2002 2.45 1.92 0 0.34210482 0 0 0
2003 2.5 1.92 2 0.98653842 0.0014645363 0.00090512668 0.0023696629
2004 2.55 1.92 3 1.3102749 0.0022072589 0.00135769 0.0035649489
2005 2.6 1.92 4 1.6332874 0.0029575936 0.0018102534 0.004767847
2006 2.65 1.92 5 1.9555541 0.0037159765 0.0022628167 0.0059787932
2007 2.7 1.92 2 0.99705858 0.0014942684 0.00090512668 0.0023993951
2008 2.75 1.92 3 1.31779 0.0022536156 0.00135769 0.0036113056
2009 2.8 1.92 4 1.6377432 0.0030215928 0.0018102534 0.0048318461
2010 2.85 1.92 5 1.9569184 0.0037985133 0.0022628167 0.00606133
2011 2.9 1.92 2 0.99532154 0.0015282157 0.00090512668 0.0024333424
2012 2.95 1.92 3 1.3129642 0.0023058082 0.00135769 0.0036634982
2013 3 1.92 4 1.6298634 0.0030927044 0.0018102534 0.0049029578
2014 0 1.98 2 0.89 0.001627095 0.00090340207 0.0025304971
2015 0.05 1.98 3 1.2005002 0.0024263418 0.0013551031 0.0037814449
2016 0.1 1.98 4 1.511069 0.003215967 0.0018068041 0.0050227711
2017 0.15 1.98 5 1.8217745 0.0039959645 0.0022585052 0.0062544697
2018 0.2 1.98 2 0.85268381 0.0015887922 0.00090340207 0.0024921942
2019 0.25 1.98 3 1.1638626 0.0023688398 0.0013551031 0.0037239429
2020 0.3 1.98 4 1.4753745 0.0031394257 0.0018068041 0.0049462298
2021 0.35 1.98 5 1.7872808 0.0039006871 0.0022585052 0.0061591922
2022 0.4 1.98 2 0.81963998 0.0015509361 0.00090340207 0.0024543382
2023 0.45 1.98 3 1.1325072 0.00231258 0.0013551031 0.0036676831
2024 0.5 1.98 4 1.445934 0.0030652992 0.0018068041 0.0048721034
2025 0.55 1.98 5 1.7599678 0.0038093689 0.0022585052 0.0060678741
2026 0.6 1.98 2 0.79465171 0.0015150361 0.00090340207 0.0024184381
2027 0.65 1.98 3 1.1100241 0.0022598054 0.0013551031 0.0036149085
2028 0.7 1.98 4 1.4261183 0.0029965429 0.0018068041 0.0048033471
2029 0.75 1.98 5 1.7429627 0.0037256506 0.0022585052 0.0059841557
2030 0.8 1.98 2 0.78057993 0.0014825233 0.00090340207 0.0023859254
2031 0.85 1.98 3 1.0989873 0.00221262 0.0013551031 0.0035677231
2032 0.9 1.98 4 1.4181962 0.0029358978 0.0018068041 0.0047427019
2033 0.95 1.98 5 1.7382124 0.0036528697 0.0022585052 0.0059113749
2034 1 1.98 2 0.77903573 0.0014546939 0.00090340207 0.002358096
2035 1.05 1.98 3 1.1006603 0.0021729047 0.0013551031 0.0035280078
2036 1.1 1.98 4 1.4230745 0.0028857816 0.0018068041 0.0046925857
2037 1.15 1.98 5 1.7462607 0.0035939278 0.0022585052 0.005852433
2038 1.2 1.98 2 0.79019591 0.0014326575 0.00090340207 0.0023360595
2039 1.25 1.98 3 1.1148518 0.0021422431 0.0013551031 0.0034973462
2040 1.3 1.98 4 1.4401947 0.0028481923 0.0018068041 0.0046549964
2041 1.35 1.98 5 1.7661861 0.0035511748 0.0022585052 0.0058096799
2042 1.4 1.98 2 0.81278272 0.0014172924 0.00090340207 0.0023206945
2043 1.45 1.98 3 1.1399369 0.0021218574 0.0013551031 0.0034769605
2044 1.5 1.98 4 1.4675969 0.0028246284 0.0018068041 0.0046314326
2045 1.55 1.98 5 1.7957075 0.0035263149 0.0022585052 0.0057848201
2046 1.6 1.98 2 0.84421018 0.0014092113 0.00090340207 0.0023126134
2047 1.65 1.98 3 1.1730435 0.0021125603 0.0013551031 0.0034676634
2048 1.7 1.98 4 1.5021436 0.0028160295 0.0018068041 0.0046228336
2049 1.75 1.98 5 1.8314449 0.0035203395 0.0022585052 0.0057788446
2050 1.8 1.98 2 0.88088016 0.0014087364 0.00090340207 0.0023121385
2051 1.85 1.98 3 1.2103813 0.0021147226 0.0013551031 0.0034698257
2052 1.9 1.98 0 0.25987963 0 0 0
2053 1.95 1.98 0 0.26930665 0 0 0
2054 2 1.98 0 0.27859427 0 0 0
2055 2.05 1.98 0 0.28767542 0 0 0
2056 2.1 1.98 0 0.29648452 0 0 0
2057 2.15 1.98 0 0.30495798 0 0 0
2058 2.2 1.98 0 0.3130346 0 0 0
2059 2.25 1.98 0 0.32065608 0 0 0
2060 2.3 1.98 0 0.32776737 0 0 0
2061 2.35 1.98 0 0.33431713 0 0 0
2062 2.4 1.98 0 0.34025806 0 0 0
2063 2.45 1.98 3 1.3055473 0.0021868577 0.0013551031 0.0035419608
2064 2.5 1.98 4 1.6301466 0.0029290725 0.0018068041 0.0047358767
2065 2.55 1.98 5 1.9540228 0.0036787649 0.0022585052 0.00593727
2066 2.6 1.98 2 0.99714782 0.0014787968 0.00090340207 0.0023821989
2067 2.65 1.98 3 1.3194992 0.0022295859 0.0013551031 0.003584689
2068 2.7 1.98 4 1.6410599 0.0029885368 0.0018068041 0.0047953409
2069 2.75 1.98 5 1.9618187 0.003756026 0.0022585052 0.0060145312
2070 2.8 1.98 2 1.0017701 0.0015107964 0.00090340207 0.0024141985
2071 2.85 1.98 3 1.3209145 0.002279108 0.0013551031 0.0036342111
2072 2.9 1.98 4 1.639258 0.0030564314 0.0018068041 0.0048632355
2073 2.95 1.98 5 1.9568125 0.0038430137 0.0022585052 0.0061015189
2074 3 1.98 2 0.99359584 0.0015463522 0.00090340207 0.0024497543
2075 0 2.04 4 1.53 0.0032541901 0.0018040502 0.0050582403
2076 0.05 2.04 5 1.8402249 0.004043903 0.0022550628 0.0062989658
2077 0.1 2.04 2 0.87052045 0.0016079835 0.00090202511 0.0025100086
2078 0.15 2.04 3 1.1809566 0.0023975787 0.0013530377 0.0037506164
2079 0.2 2.04 4 1.4916025 0.0031775843 0.0018040502 0.0049816345
2080 0.25 2.04 5 1.8025256 0.0039480663 0.0022550628 0.0062031291
2081 0.3 2.04 2 0.83379157 0.0015697128 0.00090202511 0.0024717379
2082 0.35 2.04 3 1.1454634 0.0023404122 0.0013530377 0.0036934499
2083 0.4 2.04 4 1.4576012 0.0031018722 0.0018040502 0.0049059224
2084 0.45 2.04 5 1.7702617 0.0038543001 0.0022550628 0.0061093628
2085 0.5 2.04 2 0.80349804 0.0015326496 0.00090202511 0.0024346747
2086 0.55 2.04 3 1.117359 0.0022856213 0.0013530377 0.003638659
2087 0.6 2.04 4 1.4318888 0.0030300721 0.0018040502 0.0048341224
2088 0.65 2.04 5 1.7471271 0.0037663424 0.0022550628 0.0060214052
2089 0.7 2.04 2 0.78310817 0.0014982715 0.00090202511 0.0024002966
2090 0.75 2.04 3 1.0998611 0.0022353903 0.0013530377 0.003588428
2091 0.8 2.04 4 1.4174093 0.0029650466 0.0018040502 0.0047690968
2092 0.85 2.04 5 1.7357704 0.0036876999 0.0022550628 0.0059427627
2093 0.9 2.04 2 0.77495642 0.0014679489 0.00090202511 0.002369974
2094 0.95 2.04 3 1.0949731 0.0021917218 0.0013530377 0.0035447595
2095 1 2.04 4 1.4158203 0.0029093878 0.0018040502 0.0047134381
2096 1.05 2.04 5 1.737492 0.0036215079 0.0022550628 0.0058765706
2097 1.1 2.04 2 0.77997609 0.0014428908 0.00090202511 0.0023449159
2098 1.15 2.04 3 1.1032546 0.0021563567 0.0013530377 0.0035093944
2099 1.2 2.04 4 1.4273039 0.0028653149 0.0018040502 0.0046693651
2100 1.25 2.04 5 1.7520947 0.0035704051 0.0022550628 0.0058254679
2101 1.3 2.04 2 0.79759246 0.0014240961 0.00090202511 0.0023261212
2102 1.35 2.04 3 1.1237575 0.0021307049 0.0013530377 0.0034837425
2103 1.4 2.04 4 1.4505452 0.0028345848 0.0018040502 0.004638635
2104 1.45 2.04 5 1.7779066 0.0035364289 0.0022550628 0.0057914917
2105 1.5 2.04 2 0.82578864 0.0014123142 0.00090202511 0.0023143393
2106 1.55 2.04 3 1.1541343 0.002115789 0.0013530377 0.0034688266
2107 1.6 2.04 4 1.4828833 0.0028184227 0.0018040502 0.0046224729
2108 1.65 2.04 5 1.8119726 0.0035209339 0.0022550628 0.0057759966
2109 1.7 2.04 2 0.86133642 0.0014080147 0.00090202511 0.0023100398
2110 1.75 2.04 3 1.1909072 0.0021122037 0.0013530377 0.0034652413
2111 1.8 2.04 4 1.5206159 0.0028174728 0.0018040502 0.004621523
2112 1.85 2.04 5 1.8503923 0.0035245377 0.0022550628 0.0057796004
2113 1.9 2.04 2 0.90016591 0.0014113691 0.00090202511 0.0023133942
2114 1.95 2.04 0 0.2698661 0 0 0
2115 2 2.04 0 0.27942284 0 0 0
2116 2.05 2.04 0 0.28876714 0 0 0
2117 2.1 2.04 0 0.2978315 0 0 0
2118 2.15 2.04 0 0.30655049 0 0 0
2119 2.2 2.04 0 0.31486116 0 0 0
2120 2.25 2.04 0 0.32270348 0 0 0
2121 2.3 2.04 0 0.33002083 0 0 0
2122 2.35 2.04 0 0.33676038 0 0 0
2123 2.4 2.04 4 1.6228735 0.0029032584 0.0018040502 0.0047073087
2124 2.45 2.04 5 1.9483159 0.0036447629 0.0022550628 0.0058998257
2125 2.5 2.04 2 0.99304852 0.0014645363 0.00090202511 0.0023665614
2126 2.55 2.04 3 1.317037 0.0022072589 0.0013530377 0.0035602966
2127 2.6 2.04 4 1.6402526 0.0029575936 0.0018040502 0.0047616438
2128 2.65 2.04 5 1.9626722 0.0037159765 0.0022550628 0.0059710393
2129 2.7 2.04 2 1.0042781 0.0014942684 0.00090202511 0.0023962935
2130 2.75 2.04 3 1.3250589 0.0022536156 0.0013530377 0.0036066533
2131 2.8 2.04 4 1.6450089 0.0030215928 0.0018040502 0.004825643
2132 2.85 2.04 5 1.9641285 0.0037985133 0.0022550628 0.006053576
2133 2.9 2.04 2 1.0024239 0.0015282157 0.00090202511 0.0024302408
2134 2.95 2.04 3 1.3199076 0.0023058082 0.0013530377 0.0036588459
2135 3 2.04 4 1.6365977 0.0030927044 0.0018040502 0.0048967547
2136 0 2.1 2 0.89 0.001627095 0.00090100075 0.0025280958
2137 0.05 2.1 3 1.2000186 0.0024263418 0.0013515011 0.0037778429
2138 0.1 2.1 4 1.5101093 0.003215967 0.0018020015 0.0050179685
2139 0.15 2.1 5 1.8203435 0.0039959645 0.0022525019 0.0062484664
2140 0.2 2.1 2 0.85079197 0.0015887922 0.00090100075 0.0024897929
2141 0.25 2.1 3 1.1615235 0.0023688398 0.0013515011 0.0037203409
2142 0.3 2.1 4 1.4726051 0.0031394257 0.0018020015 0.0049414272
2143 0.35 2.1 5 1.7841011 0.0039006871 0.0022525019 0.0061531889
2144 0.4 2.1 2 0.81607289 0.0015509361 0.00090100075 0.0024519369
2145 0.45 2.1 3 1.1285785 0.00231258 0.0013515011 0.0036640812
2146 0.5 2.1 4 1.4416721 0.0030652992 0.0018020015 0.0048673007
2147 0.55 2.1 5 1.7554034 0.0038093689 0.0022525019 0.0060618708
2148 0.6 2.1 2 0.78981777 0.0015150361 0.00090100075 0.0024160368
2149 0.65 2.1 3 1.1049555 0.0022598054 0.0013515011 0.0036113066
2150 0.7 2.1 4 1.4208518 0.0029965429 0.0018020015 0.0047985444
2151 0.75 2.1 5 1.7375362 0.0037256506 0.0022525019 0.0059781524
2152 0.8 2.1 2 0.77503259 0.0014825233 0.00090100075 0.002383524
2153 0.85 2.1 3 1.0933592 0.00221262 0.0013515011 0.0035641211
2154 0.9 2.1 4 1.412528 0.0029358978 0.0018020015 0.0047378993
2155 0.95 2.1 5 1.732545 0.0036528697 0.0022525019 0.0059053716
2156 1 2.1 2 0.7734101 0.0014546939 0.00090100075 0.0023556947
2157 1.05 2.1 3 1.0951171 0.0021729047 0.0013515011 0.0035244059
2158 1.1 2.1 4 1.4176536 0.0028857816 0.0018020015 0.0046877831
2159 1.15 2.1 5 1.7410013 0.0035939278 0.0022525019 0.0058464297
2160 1.2 2.1 2 0.78513606 0.0014326575 0.00090100075 0.0023336582
2161 1.25 2.1 3 1.110028 0.0021422431 0.0013515011 0.0034937442
2162 1.3 2.1 4 1.4356418 0.0028481923 0.0018020015 0.0046501938
2163 1.35 2.1 5 1.761937 0.0035511748 0.0022525019 0.0058036766
2164 1.4 2.1 2 0.80886797 0.0014172924 0.00090100075 0.0023182932
2165 1.45 2.1 3 1.1363848 0.0021218574 0.0013515011 0.0034733585
2166 1.5 2.1 4 1.4644332 0.0028246284 0.0018020015 0.0046266299
2167 1.55 2.1 5 1.792955 0.0035263149 0.0022525019 0.0057788168
2168 1.6 2.1 2 0.84188874 0.0014092113 0.00090100075 0.0023102121
2169 1.65 2.1 3 1.1711699 0.0021125603 0.0013515011 0.0034640614
2170 1.7 2.1 4 1.5007314 0.0028160295 0.0018020015 0.004618031
2171 1.75 2.1 5 1.8305042 0.0035203395 0.0022525019 0.0057728413
2172 1.8 2.1 2 0.8804178 0.0014087364 0.00090100075 0.0023097371
2173 1.85 2.1 3 1.2104006 0.0021147226 0.0013515011 0.0034662237
2174 1.9 2.1 4 1.5403805 0.0028227382 0.0018020015 0.0046247397
2175 1.95 2.1 5 1.8702855 0.0035334865 0.0022525019 0.0057859884
2176 2 2.1 0 0.28004393 0 0 0
2177 2.05 2.1 0 0.28958547 0 0 0
2178 2.1 2.1 0 0.29884118 0 0 0
2179 2.15 2.1 0 0.30774422 0 0 0
2180 2.2 2.1 0 0.31623032 0 0 0
2181 2.25 2.1 0 0.32423818 0 0 0
2182 2.3 2.1 0 0.33171 0 0 0
2183 2.35 2.1 5 1.9385918 0.0036143103 0.0022525019 0.0058668122
2184 2.4 2.1 2 0.98483394 0.0014516292 0.00090100075 0.00235263
2185 2.45 2.1 3 1.3103913 0.0021868577 0.0013515011 0.0035383589
2186 2.5 2.1 4 1.6352238 0.0029290725 0.0018020015 0.004731074
2187 2.55 2.1 5 1.9592965 0.0036787649 0.0022525019 0.0059312667
2188 2.6 2.1 2 1.00258 0.0014787968 0.00090100075 0.0023797976
2189 2.65 2.1 3 1.3250506 0.0022295859 0.0013515011 0.003581087
2190 2.7 2.1 4 1.6466904 0.0029885368 0.0018020015 0.0047905383
2191 2.75 2.1 5 1.9674877 0.003756026 0.0022525019 0.0060085279
2192 2.8 2.1 2 1.0074366 0.0015107964 0.00090100075 0.0024117971
2193 2.85 2.1 3 1.3265376 0.002279108 0.0013515011 0.0036306091
2194 2.9 2.1 4 1.6447971 0.0030564314 0.0018020015 0.0048584329
2195 2.95 2.1 5 1.9622277 0.0038430137 0.0022525019 0.0060955156
2196 3 2.1 2 0.99884791 0.0015463522 0.00090100075 0.002447353
2197 0 2.16 4 1.53 0.0032541901 0.0018006654 0.0050548554
2198 0.05 2.16 5 1.8398826 0.004043903 0.0022508317 0.0062947347
2199 0.1 2.16 2 0.86983832 0.0016079835 0.00090033268 0.0025083162
2200 0.15 2.16 3 1.1799396 0.0023975787 0.001350499 0.0037480777
2201 0.2 2.16 4 1.4902579 0.0031775843 0.0018006654 0.0049782497
2202 0.25 2.16 5 1.8008632 0.0039480663 0.0022508317 0.006198898
2203 0.3 2.16 2 0.8318233 0.0015697128 0.00090033268 0.0024700455
2204 0.35 2.16 3 1.1432035 0.0023404122 0.001350499 0.0036909113
2205 0.4 2.16 4 1.4550659 0.0031018722 0.0018006654 0.0049025376
2206 0.45 2.16 5 1.7674695 0.0038543001 0.0022508317 0.0061051318
2207 0.5 2.16 2 0.80046896 0.0015326496 0.00090033268 0.0024329823
2208 0.55 2.16 3 1.1141149 0.0022856213 0.001350499 0.0036361204
2209 0.6 2.16 4 1.4284532 0.0030300721 0.0018006654 0.0048307375
2210 0.65 2.16 5 1.7435247 0.0037663424 0.0022508317 0.0060171741
2211 0.7 2.16 2 0.77936509 0.0014982715 0.00090033268 0.0023986041
2212 0.75 2.16 3 1.0960043 0.0022353903 0.001350499 0.0035858894
2213 0.8 2.16 4 1.4134666 0.0029650466 0.0018006654 0.0047657119
2214 0.85 2.16 5 1.7317704 0.0036876999 0.0022508317 0.0059385316
2215 0.9 2.16 2 0.77092788 0.0014679489 0.00090033268 0.0023682816
2216 0.95 2.16 3 1.0909451 0.0021917218 0.001350499 0.0035422208
2217 1 2.16 4 1.411822 0.0029093878 0.0018006654 0.0047100532
2218 1.05 2.16 5 1.7335523 0.0036215079 0.0022508317 0.0058723396
2219 1.1 2.16 2 0.77612333 0.0014428908 0.00090033268 0.0023432235
2220 1.15 2.16 3 1.0995166 0.0021563567 0.001350499 0.0035068557
2221 1.2 2.16 4 1.4237077 0.0028653149 0.0018006654 0.0046659803
2222 1.25 2.16 5 1.7486663 0.0035704051 0.0022508317 0.0058212368
2223 1.3 2.16 2 0.79435658 0.0014240961 0.00090033268 0.0023244288
2224 1.35 2.16 3 1.1207375 0.0021307049 0.001350499 0.0034812039
2225 1.4 2.16 4 1.4477629 0.0028345848 0.0018006654 0.0046352502
2226 1.45 2.16 5 1.7753821 0.0035364289 0.0022508317 0.0057872606
2227 1.5 2.16 2 0.82354012 0.0014123142 0.00090033268 0.0023126469
2228 1.55 2.16 3 1.152178 0.002115789 0.001350499 0.003466288
2229 1.6 2.16 4 1.4812334 0.0028184227 0.0018006654 0.004619088
2230 1.65 2.16 5 1.810641 0.0035209339 0.0022508317 0.0057717656
2231 1.7 2.16 2 0.86033269 0.0014080147 0.00090033268 0.0023083474
2232 1.75 2.16 3 1.1902386 0.0021122037 0.001350499 0.0034627027
2233 1.8 2.16 4 1.5202873 0.0028174728 0.0018006654 0.0046181382
2234 1.85 2.16 5 1.8504061 0.0035245377 0.0022508317 0.0057753694
2235 1.9 2.16 2 0.9005219 0.0014113691 0.00090033268 0.0023117018
2236 1.95 2.16 3 1.2305618 0.0021200919 0.001350499 0.0034705909
2237 2 2.16 4 1.5604532 0.0028317731 0.0018006654 0.0046324384
2238 2.05 2.16 5 1.8901247 0.0035470966 0.0022508317 0.0057979283
2239 2.1 2.16 2 0.93950644 0.0014222436 0.00090033268 0.0023225763
2240 2.15 2.16 3 1.2685308 0.0021391392 0.001350499 0.0034896382
2241 2.2 2.16 4 1.5971324 0.0028607534 0.0018006654 0.0046614188
2242 2.25 2.16 5 1.9252494 0.0035877114 0.0022508317 0.0058385432
2243 2.3 2.16 2 0.97282296 0.0014402047 0.00090033268 0.0023405373
2244 2.35 2.16 3 1.2997985 0.0021685862 0.001350499 0.0035190852
2245 2.4 2.16 4 1.6261257 0.0029032584 0.0018006654 0.0047039238
2246 2.45 2.16 5 1.9517587 0.0036447629 0.0022508317 0.0058955946
2247 2.5 2.16 2 0.99665702 0.0014645363 0.00090033268 0.0023648689
2248 2.55 2.16 3 1.3207852 0.0022072589 0.001350499 0.0035577579
2249 2.6 2.16 4 1.6441134 0.0029575936 0.0018006654 0.004758259
2250 2.65 2.16 5 1.9666177 0.0037159765 0.0022508317 0.0059668082
2251 2.7 2.16 2 1.0082799 0.0014942684 0.00090033268 0.0023946011
2252 2.75 2.16 3 1.329088 0.0022536156 0.001350499 0.0036041147
2253 2.8 2.16 4 1.6490362 0.0030215928 0.0018006654 0.0048222581
2254 2.85 2.16 5 1.968125 0.0037985133 0.0022508317 0.006049345
2255 2.9 2.16 2 1.0063607 0.0015282157 0.00090033268 0.0024285484
2256 2.95 2.16 3 1.3237563 0.0023058082 0.001350499 0.0036563072
2257 3 2.16 4 1.6403305 0.0030927044 0.0018006654 0.0048933698
2258 0 2.22 2 0.89 0.001627095 0.00090002331 0.0025271184
2259 0.05 2.22 3 1.199818 0.0024263418 0.001350035 0.0037763768
2260 0.1 2.22 4 1.5097096 0.003215967 0.0018000466 0.0050160136
2261 0.15 2.22 5 1.8197476 0.0039959645 0.0022500583 0.0062460228
2262 0.2 2.22 2 0.85000413 0.0015887922 0.00090002331 0.0024888155
2263 0.25 2.22 3 1.1605494 0.0023688398 0.001350035 0.0037188748
2264 0.3 2.22 4 1.4714518 0.0031394257 0.0018000466 0.0049394723
2265 0.35 2.22 5 1.7827769 0.0039006871 0.0022500583 0.0061507453
2266 0.4 2.22 2 0.81458741 0.0015509361 0.00090002331 0.0024509594
2267 0.45 2.22 3 1.1269424 0.00231258 0.001350035 0.003662615
2268 0.5 2.22 4 1.4398972 0.0030652992 0.0018000466 0.0048653459
2269 0.55 2.22 5 1.7535026 0.0038093689 0.0022500583 0.0060594272
2270 0.6 2.22 2 0.78780473 0.0015150361 0.00090002331 0.0024150594
2271 0.65 2.22 3 1.1028448 0.0022598054 0.001350035 0.0036098404
2272 0.7 2.22 4 1.4186586 0.0029965429 0.0018000466 0.0047965895
2273 0.75 2.22 5 1.7352763 0.0037256506 0.0022500583 0.0059757088
2274 0.8 2.22 2 0.77272245 0.0014825233 0.00090002331 0.0023825466
2275 0.85 2.22 3 1.0910154 0.00221262 0.001350035 0.0035626549
2276 0.9 2.22 4 1.4101675 0.0029358978 0.0018000466 0.0047359444
2277 0.95 2.22 5 1.7301849 0.0036528697 0.0022500583 0.005902928
2278 1 2.22 2 0.77106736 0.0014546939 0.00090002331 0.0023547172
2279 1.05 2.22 3 1.0928086 0.0021729047 0.001350035 0.0035229397
2280 1.1 2.22 4 1.4153961 0.0028857816 0.0018000466 0.0046858282
2281 1.15 2.22 5 1.7388111 0.0035939278 0.0022500583 0.0058439861
2282 1.2 2.22 2 0.78302895 0.0014326575 0.00090002331 0.0023326808
2283 1.25 2.22 3 1.1080192 0.0021422431 0.001350035 0.003492278
2284 1.3 2.22 4 1.4337458 0.0028481923 0.0018000466 0.0046482389
2285 1.35 2.22 5 1.7601674 0.0035511748 0.0022500583 0.005801233
2286 1.4 2.22 2 0.80723772 0.0014172924 0.00090002331 0.0023173157
2287 1.45 2.22 3 1.1349056 0.0021218574 0.001350035 0.0034718923
2288 1.5 2.22 4 1.4631157 0.0028246284 0.0018000466 0.0046246751
2289 1.55 2.22 5 1.7918088 0.0035263149 0.0022500583 0.0057763732
2290 1.6 2.22 2 0.840922 0.0014092113 0.00090002331 0.0023092346
2291 1.65 2.22 3 1.1703896 0.0021125603 0.001350035 0.0034625953
2292 1.7 2.22 4 1.5001432 0.0028160295 0.0018000466 0.0046160761
2293 1.75 2.22 5 1.8301124 0.0035203395 0.0022500583 0.0057703977
2294 1.8 2.22 2 0.88022526 0.0014087364 0.00090002331 0.0023087597
2295 1.85 2.22 3 1.2104087 0.0021147226 0.001350035 0.0034647576
2296 1.9 2.22 4 1.5405891 0.0028227382 0.0018000466 0.0046227848
2297 1.95 2.22 5 1.8706931 0.0035334865 0.0022500583 0.0057835448
2298 2 2.22 2 0.92064763 0.0014158865 0.00090002331 0.0023159099
2299 2.05 2.22 3 1.2503809 0.002128258 0.001350035 0.003478293
2300 2.1 2.22 4 1.5798226 0.0028444872 0.0018000466 0.0046445338
2301 2.15 2.22 5 1.9089045 0.003565232 0.0022500583 0.0058152903
2302 2.2 2.22 2 0.95756114 0.0014303767 0.00090002331 0.0023304
2303 2.25 2.22 3 1.2857299 0.0021526269 0.001350035 0.0035026618
2304 2.3 2.22 4 1.6133519 0.0028804093 0.0018000466 0.0046804559
2305 2.35 2.22 5 1.940372 0.0036143103 0.0022500583 0.0058643686
2306 2.4 2.22 2 0.98673952 0.0014516292 0.00090002331 0.0023516525
2307 2.45 2.22 3 1.3124086 0.0021868577 0.001350035 0.0035368927
2308 2.5 2.22 4 1.6373381 0.0029290725 0.0018000466 0.0047291191
2309 2.55 2.22 5 1.9614927 0.0036787649 0.0022500583 0.0059288231
2310 2.6 2.22 2 1.0048421 0.0014787968 0.00090002331 0.0023788201
2311 2.65 2.22 3 1.3273624 0.0022295859 0.001350035 0.0035796209
2312 2.7 2.22 4 1.6490352 0.0029885368 0.0018000466 0.0047885834
2313 2.75 2.22 5 1.9698485 0.003756026 0.0022500583 0.0060060843
2314 2.8 2.22 2 1.0097964 0.0015107964 0.00090002331 0.0024108197
2315 2.85 2.22 3 1.3288793 0.002279108 0.001350035 0.0036291429
2316 2.9 2.22 4 1.6471038 0.0030564314 0.0018000466 0.004856478
2317 2.95 2.22 5 1.9644828 0.0038430137 0.0022500583 0.006093072
2318 3 2.22 2 1.0010351 0.0015463522 0.00090002331 0.0024463755
2319 0 2.28 4 1.53 0.0032541901 0.0018001475 0.0050543376
2320 0.05 2.28 5 1.8398252 0.004043903 0.0022501844 0.0062940874
2321 0.1 2.28 2 0.86972391 0.0016079835 0.00090007375 0.0025080572
2322 0.15 2.28 3 1.179769 0.0023975787 0.0013501106 0.0037476893
2323 0.2 2.28 4 1.4900324 0.0031775843 0.0018001475 0.0049777318
2324 0.25 2.28 5 1.8005844 0.0039480663 0.0022501844 0.0061982507
2325 0.3 2.28 2 0.83149314 0.0015697128 0.00090007375 0.0024697866
2326 0.35 2.28 3 1.1428244 0.0023404122 0.0013501106 0.0036905229
2327 0.4 2.28 4 1.4546407 0.0031018722 0.0018001475 0.0049020197
2328 0.45 2.28 5 1.7670011 0.0038543001 0.0022501844 0.0061044844
2329 0.5 2.28 2 0.79996086 0.0015326496 0.00090007375 0.0024327234
2330 0.55 2.28 3 1.1135707 0.0022856213 0.0013501106 0.0036357319
2331 0.6 2.28 4 1.4278769 0.0030300721 0.0018001475 0.0048302196
2332 0.65 2.28 5 1.7429205 0.0037663424 0.0022501844 0.0060165268
2333 0.7 2.28 2 0.77873723 0.0014982715 0.00090007375 0.0023983452
2334 0.75 2.28 3 1.0953574 0.0022353903 0.0013501106 0.003585501
2335 0.8 2.28 4 1.4128053 0.0029650466 0.0018001475 0.0047651941
2336 0.85 2.28 5 1.7310994 0.0036876999 0.0022501844 0.0059378843
2337 0.9 2.28 2 0.77025214 0.0014679489 0.00090007375 0.0023680226
2338 0.95 2.28 3 1.0902695 0.0021917218 0.0013501106 0.0035418324
2339 1 2.28 4 1.4111514 0.0029093878 0.0018001475 0.0047095353
2340 1.05 2.28 5 1.7328914 0.0036215079 0.0022501844 0.0058716922
2341 1.1 2.28 2 0.77547707 0.0014428908 0.00090007375 0.0023429645
2342 1.15 2.28 3 1.0988896 0.0021563567 0.0013501106 0.0035064673
2343 1.2 2.28 4 1.4231045 0.0028653149 0.0018001475 0.0046654624
2344 1.25 2.28 5 1.7480912 0.0035704051 0.0022501844 0.0058205895
2345 1.3 2.28 2 0.7938138 0.0014240961 0.00090007375 0.0023241699
2346 1.35 2.28 3 1.1202309 0.0021307049 0.0013501106 0.0034808155
2347 1.4 2.28 4 1.4472962 0.0028345848 0.0018001475 0.0046347323
2348 1.45 2.28 5 1.7749586 0.0035364289 0.0022501844 0.0057866133
2349 1.5 2.28 2 0.82316296 0.0014123142 0.00090007375 0.002312388
2350 1.55 2.28 3 1.1518499 0.002115789 0.0013501106 0.0034658996
2351 1.6 2.28 4 1.4809567 0.0028184227 0.0018001475 0.0046185701
2352 1.65 2.28 5 1.8104176 0.0035209339 0.0022501844 0.0057711182
2353 1.7 2.28 2 0.86016433 0.0014080147 0.00090007375 0.0023080885
2354 1.75 2.28 3 1.1901265 0.0021122037 0.0013501106 0.0034623143
2355 1.8 2.28 4 1.5202322 0.0028174728 0.0018001475 0.0046176203
2356 1.85 2.28 5 1.8504084 0.0035245377 0.0022501844 0.005774722
2357 1.9 2.28 2 0.90058161 0.0014113691 0.00090007375 0.0023114428
2358 1.95 2.28 3 1.2306785 0.0021200919 0.0013501106 0.0034702025
2359 2 2.28 4 1.560626 0.0028317731 0.0018001475 0.0046319206
2360 2.05 2.28 5 1.8903524 0.0035470966 0.0022501844 0.005797281
2361 2.1 2.28 2 0.93978739 0.0014222436 0.00090007375 0.0023223173
2362 2.15 2.28 3 1.2688629 0.0021391392 0.0013501106 0.0034892498
2363 2.2 2.28 4 1.5975134 0.0028607534 0.0018001475 0.0046609009
2364 2.25 2.28 5 1.9256764 0.0035877114 0.0022501844 0.0058378958
2365 2.3 2.28 2 0.97329299 0.0014402047 0.00090007375 0.0023402784
2366 2.35 2.28 3 1.3003081 0.0021685862 0.0013501106 0.0035186968
2367 2.4 2.28 4 1.6266712 0.0029032584 0.0018001475 0.0047034059
2368 2.45 2.28 5 1.9523362 0.0036447629 0.0022501844 0.0058949473
2369 2.5 2.28 2 0.99726231 0.0014645363 0.00090007375 0.00236461
2370 2.55 2.28 3 1.3214139 0.0022072589 0.0013501106 0.0035573695
2371 2.6 2.28 4 1.644761 0.0029575936 0.0018001475 0.0047577411
2372 2.65 2.28 5 1.9672795 0.0037159765 0.0022501844 0.0059661609
2373 2.7 2.28 2 1.0089511 0.0014942684 0.00090007375 0.0023943421
2374 2.75 2.28 3 1.3297638 0.0022536156 0.0013501106 0.0036037262
2375 2.8 2.28 4 1.6497118 0.0030215928 0.0018001475 0.0048217403
2376 2.85 2.28 5 1.9687953 0.0037985133 0.0022501844 0.0060486976
2377 2.9 2.28 2 1.0070211 0.0015282157 0.00090007375 0.0024282894
2378 2.95 2.28 3 1.3244019 0.0023058082 0.0013501106 0.0036559188
2379 3 2.28 4 1.6409566 0.0030927044 0.0018001475 0.0048928519
2380 0 2.34 2 0.89 0.001627095 0.00090048381 0.0025275789
2381 0.05 2.34 3 1.1999042 0.0024263418 0.0013507257 0.0037770675
2382 0.1 2.34 4 1.5098812 0.003215967 0.0018009676 0.0050169346
2383 0.15 2.34 5 1.8200036 0.0039959645 0.0022512095 0.006247174
2384 0.2 2.34 2 0.85034248 0.0015887922 0.00090048381 0.002489276
2385 0.25 2.34 3 1.1609678 0.0023688398 0.0013507257 0.0037195655
2386 0.3 2.34 4 1.4719471 0.0031394257 0.0018009676 0.0049403933
2387 0.35 2.34 5 1.7833456 0.0039006871 0.0022512095 0.0061518966
2388 0.4 2.34 2 0.81522537 0.0015509361 0.00090048381 0.0024514199
2389 0.45 2.34 3 1.1276451 0.00231258 0.0013507257 0.0036633058
2390 0.5 2.34 4 1.4406595 0.0030652992 0.0018009676 0.0048662669
2391 0.55 2.34 5 1.7543189 0.0038093689 0.0022512095 0.0060605784
2392 0.6 2.34 2 0.78866926 0.0015150361 0.00090048381 0.0024155199
2393 0.65 2.34 3 1.1037513 0.0022598054 0.0013507257 0.0036105312
2394 0.7 2.34 4 1.4196005 0.0029965429 0.0018009676 0.0047975105
2395 0.75 2.34 5 1.7362468 0.0037256506 0.0022512095 0.0059768601
2396 0.8 2.34 2 0.77371458 0.0014825233 0.00090048381 0.0023830071
2397 0.85 2.34 3 1.092022 0.00221262 0.0013507257 0.0035633457
2398 0.9 2.34 4 1.4111812 0.0029358978 0.0018009676 0.0047368654
2399 0.95 2.34 5 1.7311985 0.0036528697 0.0022512095 0.0059040792
2400 1 2.34 2 0.77207349 0.0014546939 0.00090048381 0.0023551777
2401 1.05 2.34 3 1.0938 0.0021729047 0.0013507257 0.0035236304
2402 1.1 2.34 4 1.4163656 0.0028857816 0.0018009676 0.0046867492
2403 1.15 2.34 5 1.7397517 0.0035939278 0.0022512095 0.0058451373
2404 1.2 2.34 2 0.78393389 0.0014326575 0.00090048381 0.0023331413
2405 1.25 2.34 3 1.1088819 0.0021422431 0.0013507257 0.0034929688
2406 1.3 2.34 4 1.4345601 0.0028481923 0.0018009676 0.0046491599
2407 1.35 2.34 5 1.7609274 0.0035511748 0.0022512095 0.0058023843
2408 1.4 2.34 2 0.80793786 0.0014172924 0.00090048381 0.0023177762
2409 1.45 2.34 3 1.1355409 0.0021218574 0.0013507257 0.0034725831
2410 1.5 2.34 4 1.4636815 0.0028246284 0.0018009676 0.0046255961
2411 1.55 2.34 5 1.792301 0.0035263149 0.0022512095 0.0057775245
2412 1.6 2.34 2 0.84133719 0.0014092113 0.00090048381 0.0023096951
2413 1.65 2.34 3 1.1707247 0.0021125603 0.0013507257 0.003463286
2414 1.7 2.34 4 1.5003958 0.0028160295 0.0018009676 0.0046169971
2415 1.75 2.34 5 1.8302807 0.0035203395 0.0022512095 0.005771549
2416 1.8 2.34 2 0.88030795 0.0014087364 0.00090048381 0.0023092202
2417 1.85 2.34 3 1.2104052 0.0021147226 0.0013507257 0.0034654483
2418 1.9 2.34 4 1.5404995 0.0028227382 0.0018009676 0.0046237058
2419 1.95 2.34 5 1.870518 0.0035334865 0.0022512095 0.0057846961
2420 2 2.34 2 0.92038836 0.0014158865 0.00090048381 0.0023163703
2421 2.05 2.34 3 1.2500393 0.002128258 0.0013507257 0.0034789837
2422 2.1 2.34 4 1.5794011 0.0028444872 0.0018009676 0.0046454548
2423 2.15 2.34 5 1.9084062 0.003565232 0.0022512095 0.0058164415
2424 2.2 2.34 2 0.95698959 0.0014303767 0.00090048381 0.0023308605
2425 2.25 2.34 3 1.2850893 0.0021526269 0.0013507257 0.0035033526
2426 2.3 2.34 4 1.6126467 0.0028804093 0.0018009676 0.0046813769
2427 2.35 2.34 5 1.9396074 0.0036143103 0.0022512095 0.0058655198
2428 2.4 2.34 2 0.98592114 0.0014516292 0.00090048381 0.002352113
2429 2.45 2.34 3 1.3115422 0.0021868577 0.0013507257 0.0035375834
2430 2.5 2.34 4 1.6364301 0.0029290725 0.0018009676 0.0047300401
2431 2.55 2.34 5 1.9605495 0.0036787649 0.0022512095 0.0059299744
2432 2.6 2.34 2 1.0038706 0.0014787968 0.00090048381 0.0023792806
2433 2.65 2.34 3 1.3263695 0.0022295859 0.0013507257 0.0035803116
2434 2.7 2.34 4 1.6480282 0.0029885368 0.0018009676 0.0047895044
2435 2.75 2.34 5 1.9688346 0.003756026 0.0022512095 0.0060072356
2436 2.8 2.34 2 1.008783 0.0015107964 0.00090048381 0.0024112802
2437 2.85 2.34 3 1.3278736 0.002279108 0.0013507257 0.0036298337
2438 2.9 2.34 4 1.6461132 0.0030564314 0.0018009676 0.004857399
2439 2.95 2.34 5 1.9635143 0.0038430137 0.0022512095 0.0060942232
2440 3 2.34 2 1.0000958 0.0015463522 0.00090048381 0.002446836
2441 0 2.4 4 1.53 0.0032541901 0.001802504 0.0050566941
2442 0.05 2.4 5 1.8400543 0.004043903 0.0022531301 0.0062970331
2443 0.1 2.4 2 0.87018041 0.0016079835 0.00090125202 0.0025092355
2444 0.15 2.4 3 1.1804496 0.0023975787 0.001351878 0.0037494567
2445 0.2 2.4 4 1.4909322 0.0031775843 0.001802504 0.0049800884
2446 0.25 2.4 5 1.8016969 0.0039480663 0.0022531301 0.0062011964
2447 0.3 2.4 2 0.8328104 0.0015697128 0.00090125202 0.0024709648
2448 0.35 2.4 3 1.1443368 0.0023404122 0.001351878 0.0036922903
2449 0.4 2.4 4 1.4563374 0.0031018722 0.001802504 0.0049043763
2450 0.45 2.4 5 1.7688698 0.0038543001 0.0022531301 0.0061074301
2451 0.5 2.4 2 0.80198806 0.0015326496 0.00090125202 0.0024339016
2452 0.55 2.4 3 1.1157418 0.0022856213 0.001351878 0.0036374994
2453 0.6 2.4 4 1.4301762 0.0030300721 0.001802504 0.0048325762
2454 0.65 2.4 5 1.7453313 0.0037663424 0.0022531301 0.0060194725
2455 0.7 2.4 2 0.78124227 0.0014982715 0.00090125202 0.0023995235
2456 0.75 2.4 3 1.0979385 0.0022353903 0.001351878 0.0035872684
2457 0.8 2.4 4 1.4154439 0.0029650466 0.001802504 0.0047675506
2458 0.85 2.4 5 1.7337765 0.0036876999 0.0022531301 0.00594083
2459 0.9 2.4 2 0.77294822 0.0014679489 0.00090125202 0.0023692009
2460 0.95 2.4 3 1.0929652 0.0021917218 0.001351878 0.0035435999
2461 1 2.4 4 1.4138272 0.0029093878 0.001802504 0.0047118919
2462 1.05 2.4 5 1.7355281 0.0036215079 0.0022531301 0.0058746379
2463 1.1 2.4 2 0.77805551 0.0014428908 0.00090125202 0.0023441428
2464 1.15 2.4 3 1.1013913 0.0021563567 0.001351878 0.0035082347
2465 1.2 2.4 4 1.4255112 0.0028653149 0.001802504 0.0046678189
2466 1.25 2.4 5 1.7503857 0.0035704051 0.0022531301 0.0058235352
2467 1.3 2.4 2 0.7959794 0.0014240961 0.00090125202 0.0023253482
2468 1.35 2.4 3 1.122252 0.0021307049 0.001351878 0.0034825829
2469 1.4 2.4 4 1.4491582 0.0028345848 0.001802504 0.0046370888
2470 1.45 2.4 5 1.7766482 0.0035364289 0.0022531301 0.005789559
2471 1.5 2.4 2 0.82466777 0.0014123142 0.00090125202 0.0023135662
2472 1.55 2.4 3 1.1531591 0.002115789 0.001351878 0.003467667
2473 1.6 2.4 4 1.4820609 0.0028184227 0.001802504 0.0046209267
2474 1.65 2.4 5 1.8113088 0.0035209339 0.0022531301 0.0057740639
2475 1.7 2.4 2 0.86083607 0.0014080147 0.00090125202 0.0023092668
2476 1.75 2.4 3 1.1905739 0.0021122037 0.001351878 0.0034640817
2477 1.8 2.4 4 1.5204521 0.0028174728 0.001802504 0.0046199768
2478 1.85 2.4 5 1.8503992 0.0035245377 0.0022531301 0.0057776677
2479 1.9 2.4 2 0.90034337 0.0014113691 0.00090125202 0.0023126211
2480 1.95 2.4 3 1.2302129 0.0021200919 0.001351878 0.00347197
2481 2 2.4 4 1.5599364 0.0028317731 0.001802504 0.0046342771
2482 2.05 2.4 5 1.8894439 0.0035470966 0.0022531301 0.0058002267
2483 2.1 2.4 2 0.93866645 0.0014222436 0.00090125202 0.0023234956
2484 2.15 2.4 3 1.2675376 0.0021391392 0.001351878 0.0034910172
2485 2.2 2.4 4 1.5959934 0.0028607534 0.001802504 0.0046632575
2486 2.25 2.4 5 1.9239726 0.0035877114 0.0022531301 0.0058408415
2487 2.3 2.4 2 0.97141767 0.0014402047 0.00090125202 0.0023414567
2488 2.35 2.4 3 1.2982749 0.0021685862 0.001351878 0.0035204642
2489 2.4 2.4 4 1.6244947 0.0029032584 0.001802504 0.0047057625
2490 2.45 2.4 5 1.9500321 0.0036447629 0.0022531301 0.0058978929
2491 2.5 2.4 2 0.99484733 0.0014645363 0.00090125202 0.0023657883
2492 2.55 2.4 3 1.3189055 0.0022072589 0.001351878 0.003559137
2493 2.6 2.4 4 1.6421772 0.0029575936 0.001802504 0.0047600977
2494 2.65 2.4 5 1.964639 0.0037159765 0.0022531301 0.0059691066
2495 2.7 2.4 2 1.006273 0.0014942684 0.00090125202 0.0023955204
2496 2.75 2.4 3 1.3270674 0.0022536156 0.001351878 0.0036054937
2497 2.8 2.4 4 1.6470165 0.0030215928 0.001802504 0.0048240968
2498 2.85 2.4 5 1.9661207 0.0037985133 0.0022531301 0.0060516433
2499 2.9 2.4 2 1.0043864 0.0015282157 0.00090125202 0.0024294677
2500 2.95 2.4 3 1.3218262 0.0023058082 0.001351878 0.0036576862
2501 3 2.4 4 1.6384585 0.0030927044 0.001802504 0.0048952085
