# generated large cluster fixture
# 1200 clusters and 3 timesteps
# Chunk c_x c_y c_z vx vy vz Ncount
100 1200 315900
1 8.2564079 4.1937085 2.3461524 0.41211194 1.0417112 0.0094994284 33
2 3.6728157 7.507417 1.5423048 0.46622307 1.031793 0.018995428 53
3 11.089224 2.8211255 0.73845727 0.5198862 1.0211226 0.02848457 75
4 6.5056315 6.134834 2.9346097 0.57304976 1.0097078 0.037963429 99
5 1.9220393 1.4485425 2.1307621 0.62566266 0.99755705 0.047428584 125
6 9.3384472 4.762251 1.3269145 0.67767435 0.98467909 0.056876618 153
7 4.7548551 0.075959493 0.52306696 0.72903484 0.97108335 0.06630412 183
8 0.17126292 3.389668 2.7192194 0.77969479 0.95677973 0.075707687 215
9 7.5876708 6.7033765 1.9153718 0.82960551 0.94177866 0.085083925 249
10 3.0040787 2.017085 1.1115242 0.87871904 0.92609107 0.094429447 285
11 10.420487 5.3307935 0.30767665 0.9269882 0.90972841 0.10374088 323
12 5.8368944 0.64450199 2.5038291 0.97436659 0.89270259 0.11301487 363
13 1.2533022 3.9582105 1.6999815 1.0208087 0.87502604 0.12224806 405
14 8.6697101 7.271919 0.89613392 1.0662699 0.85671162 0.13143711 449
15 4.086118 2.5856275 0.092286341 1.1107064 0.83777271 0.14057873 495
16 11.502526 5.899336 2.2884388 1.1540757 0.81822309 0.14966959 43
17 6.9189337 1.2130445 1.4845912 1.196336 0.79807703 0.15870642 93
18 2.3353416 4.526753 0.68074361 1.2374467 0.7773492 0.16768597 145
19 9.7517494 7.8404615 2.876896 1.2773683 0.75605472 0.17660498 199
20 5.1681573 3.15417 2.0730485 1.3160625 0.73420911 0.18546023 255
21 0.58456517 6.4678785 1.2692009 1.353492 0.71182829 0.19424854 313
22 8.000973 1.781587 0.4653533 1.3896209 0.68892858 0.20296673 373
23 3.4173809 5.0952955 2.6615057 1.4244146 0.66552668 0.21161165 435
24 10.833789 0.40900398 1.8576581 1.4578394 0.64163963 0.22018018 499
25 6.2501966 3.7227125 1.0538106 1.4898634 0.61728486 0.22866922 65
26 1.6666045 7.036421 0.24996299 1.5204557 0.59248011 0.23707572 133
27 9.0830124 2.3501295 2.4461154 1.549587 0.56724348 0.24539664 203
28 4.4994202 5.663838 1.6422678 1.5772293 0.54159334 0.25362897 275
29 11.915828 0.97754647 0.83842026 1.603356 0.51554841 0.26176975 349
30 7.332236 4.291255 0.034572681 1.6279419 0.48912767 0.26981602 425
31 2.7486438 7.6049635 2.2307251 1.6509636 0.46235037 0.2777649 3
32 10.165052 2.918672 1.4268775 1.6723988 0.43523605 0.28561351 83
33 5.5814595 6.2323805 0.62302995 1.6922269 0.40780445 0.29335901 165
34 0.99786741 1.546089 2.8191824 1.710429 0.38007558 0.30099862 249
35 8.4142753 4.8597975 2.0153348 1.7269874 0.35206966 0.30852957 335
36 3.8306831 0.17350596 1.2114872 1.7418864 0.32380709 0.31594914 423
37 11.247091 3.4872145 0.40763964 1.7551115 0.29530848 0.32325466 13
38 6.6634989 6.800923 2.6037921 1.7666501 0.2665946 0.33044348 105
39 2.0799067 2.1146315 1.7999445 1.7764911 0.23768639 0.33751302 199
40 9.4963146 5.42834 0.99609691 1.784625 0.20860491 0.34446072 295
41 4.9127225 0.74204846 0.19224933 1.7910441 0.17937138 0.35128408 393
42 0.32913033 4.055757 2.3884018 1.795742 0.15000708 0.35798062 493
43 7.7455382 7.3694655 1.5845542 1.7987144 0.12053344 0.36454794 95
44 3.1619461 2.683174 0.7807066 1.7999584 0.090971937 0.37098366 199
45 10.578354 5.9968825 2.976859 1.7994728 0.061344118 0.37728546 305
46 5.9947618 1.310591 2.1730114 1.797258 0.031671582 0.38345106 413
47 1.4111697 4.6242995 1.3691639 1.7933162 0.0019759584 0.38947824 23
48 8.8275775 7.938008 0.56531629 1.7876511 -0.027721105 0.39536483 135
49 4.2439854 3.2517164 2.7614687 1.7802683 -0.057397962 0.40110869 249
50 11.660393 6.5654249 1.9576211 1.7711747 -0.087032978 0.40670775 365
51 7.0768011 1.8791334 1.1537736 1.7603792 -0.11660455 0.41216 483
52 2.493209 5.1928419 0.34992598 1.7478921 -0.14609112 0.41746346 103
53 9.9096168 0.50655044 2.5460784 1.7337254 -0.1754712 0.42261623 225
54 5.3260247 3.8202589 1.7422308 1.7178927 -0.20472337 0.42761643 349
55 0.74243258 7.1339674 0.93838325 1.7004093 -0.23382631 0.43246227 475
56 8.1588404 2.4476759 0.13453567 1.6812919 -0.26275879 0.43715199 103
57 3.5752483 5.7613844 2.3306881 1.6605589 -0.29149974 0.44168391 233
58 10.991656 1.0750929 1.5268405 1.6382302 -0.32002819 0.44605638 365
59 6.408064 4.3888014 0.72299294 1.6143273 -0.34832336 0.45026784 499
60 1.8244719 7.7025099 2.9191454 1.5888732 -0.37636462 0.45431675 135
61 9.2408798 3.0162184 2.1152978 1.5618923 -0.40413152 0.45820166 273
62 4.6572876 6.3299269 1.3114502 1.5334106 -0.43160383 0.46192116 413
63 0.073695495 1.6436354 0.50760263 1.5034553 -0.45876152 0.46547391 55
64 7.4901034 4.9573439 2.7037551 1.4720554 -0.48558479 0.46885863 199
65 2.9065112 0.27105243 1.8999075 1.4392409 -0.51205409 0.4720741 345
66 10.322919 3.5847609 1.0960599 1.4050434 -0.53815013 0.47511916 493
67 5.739327 6.8984694 0.29221232 1.3694958 -0.56385388 0.4779927 143
68 1.1557348 2.2121779 2.4883647 1.3326322 -0.58914661 0.48069369 295
69 8.5721427 5.5258864 1.6845172 1.294488 -0.61400987 0.48322116 449
70 3.9885506 0.83959493 0.88066959 1.2550999 -0.63842555 0.48557419 105
71 11.404958 4.1533034 0.076822012 1.2145058 -0.66237584 0.48775193 263
72 6.8213663 7.4670119 2.2729744 1.1727446 -0.68584329 0.4897536 423
73 2.2377741 2.7807204 1.4691269 1.1298566 -0.7088108 0.49157848 85
74 9.654182 6.0944289 0.66527928 1.0858828 -0.73126161 0.49322589 249
75 5.0705899 1.4081374 2.8614317 1.0408655 -0.75317936 0.49469526 415
76 0.48699774 4.7218459 2.0575841 0.9948481 -0.77454808 0.49598605 83
77 7.9034056 0.03555442 1.2537365 0.94787469 -0.79535219 0.4970978 253
78 3.3198135 3.3492629 0.44988897 0.89999046 -0.81557652 0.4980301 425
79 10.736221 6.6629714 2.6460414 0.8512414 -0.83520633 0.49878261 99
80 6.1526292 1.9766799 1.8421938 0.80167436 -0.85422731 0.49935507 275
81 1.5690371 5.2903884 1.0383462 0.75133698 -0.8726256 0.49974727 453
82 8.9854449 0.60409691 0.23449866 0.70027761 -0.89038779 0.49995906 133
83 4.4018528 3.9178054 2.4306511 0.64854534 -0.90750092 0.49999038 315
84 11.818261 7.2315139 1.6268035 0.59618986 -0.92395252 0.4998412 499
85 7.2346685 2.5452224 0.82295593 0.54326149 -0.9397306 0.49951159 185
86 2.6510764 5.8589309 0.019108353 0.48981109 -0.95482366 0.49900166 373
87 10.067484 1.1726394 2.2152608 0.43589002 -0.9692207 0.49831159 63
88 5.4838921 4.4863479 1.4114132 0.38155009 -0.98291121 0.49744164 255
89 0.90029999 7.8000564 0.60756562 0.32684352 -0.99588523 0.49639212 449
90 8.3167079 3.1137649 2.803718 0.27182288 -1.0081333 0.4951634 145
91 3.7331157 6.4274734 1.9998705 0.21654104 -1.0196465 0.49375594 343
92 11.149524 1.7411819 1.1960229 0.16105112 -1.0304164 0.49217024 43
93 6.5659314 5.0548904 0.39217531 0.10540644 -1.0404351 0.49040686 245
94 1.9823393 0.3685989 2.5883277 0.049660474 -1.0496955 0.48846646 449
95 9.3987472 3.6823074 1.7844802 -0.0061332117 -1.0581906 0.48634973 155
96 4.815155 6.9960159 0.98063258 -0.061921004 -1.0659144 0.48405742 363
97 0.23156291 2.3097244 0.176785 -0.1176493 -1.0728612 0.48159038 73
98 7.6479708 5.6234329 2.3729374 -0.17326453 -1.0790259 0.47894949 285
99 3.0643786 0.9371414 1.5690898 -0.22871328 -1.0844041 0.47613571 499
100 10.480787 4.2508499 0.76524227 -0.28394225 -1.0889917 0.47315004 215
101 5.8971944 7.5645584 2.9613947 -0.33889837 -1.0927856 0.46999358 433
102 1.3136022 2.8782669 2.1575471 -0.39352884 -1.0957828 0.46666745 153
103 8.7300101 6.1919754 1.3536995 -0.44778116 -1.0979813 0.46317286 375
104 4.146418 1.5056839 0.54985196 -0.50160319 -1.0993794 0.45951106 99
105 11.562826 4.8193924 2.7460044 -0.55494322 -1.0999761 0.45568339 325
106 6.9792337 0.13310089 1.9421568 -0.60775 -1.099771 0.45169123 53
107 2.3956416 3.4468094 1.1383092 -0.65997277 -1.0987641 0.447536 283
108 9.8120494 6.7605179 0.33446165 -0.71156136 -1.0969564 0.44321922 15
109 5.2284573 2.0742264 2.5306141 -0.76246619 -1.0943489 0.43874245 249
110 0.64486515 5.3879349 1.7267665 -0.81263835 -1.0909438 0.43410729 485
111 8.061273 0.70164338 0.92291892 -0.86202963 -1.0867434 0.42931543 223
112 3.4776809 4.0153519 0.11907134 -0.91059257 -1.0817508 0.42436858 463
113 10.894089 7.3290604 2.3152238 -0.9582805 -1.0759697 0.41926855 205
114 6.3104966 2.6427689 1.5113762 -1.0050476 -1.0694043 0.41401716 449
115 1.7269045 5.9564774 0.70752861 -1.0508489 -1.0620592 0.40861632 195
116 9.1433123 1.2701859 2.903681 -1.0956404 -1.05394 0.40306797 443
117 4.5597202 4.5838944 2.0998335 -1.1393791 -1.0450526 0.39737412 193
118 11.976128 7.8976029 1.2959859 -1.182023 -1.0354033 0.39153682 445
119 7.3925359 3.2113114 0.4921383 -1.223531 -1.0249993 0.38555818 199
120 2.8089438 6.5250199 2.6882907 -1.2638633 -1.013848 0.37944035 455
121 10.225352 1.8387284 1.8844431 -1.3029811 -1.0019578 0.37318556 213
122 5.6417595 5.1524369 1.0805956 -1.3408469 -0.98933712 0.36679605 473
123 1.0581674 0.46614537 0.27674799 -1.3774242 -0.97599529 0.36027412 235
124 8.4745753 3.7798539 2.4729004 -1.4126779 -0.961942 0.35362215 499
125 3.8909831 7.0935624 1.6690528 -1.4465742 -0.94718749 0.34684252 265
126 11.307391 2.4072709 0.86520526 -1.4790803 -0.93174253 0.33993768 33
127 6.7237989 5.7209794 0.061357684 -1.5101653 -0.91561837 0.33291013 303
128 2.1402067 1.0346879 2.2575101 -1.539799 -0.89882676 0.3257624 75
129 9.5566146 4.3483964 1.4536625 -1.5679531 -0.88137995 0.31849708 349
130 4.9730224 7.6621049 0.64981495 -1.5946006 -0.86329066 0.31111678 125
131 0.38943031 2.9758134 2.8459674 -1.6197157 -0.84457206 0.30362417 403
132 7.8058382 6.2895219 2.0421198 -1.6432745 -0.8252378 0.29602196 183
133 3.222246 1.6032304 1.2382722 -1.6652541 -0.80530199 0.28831288 465
134 10.638654 4.9169389 0.43442464 -1.6856336 -0.78477914 0.28049973 249
135 6.0550618 0.23064736 2.6305771 -1.7043934 -0.76368423 0.27258532 35
136 1.4714696 3.5443559 1.8267295 -1.7215153 -0.74203262 0.26457251 323
137 8.8878775 6.8580644 1.0228819 -1.736983 -0.71984011 0.25646419 113
138 4.3042854 2.1717729 0.21903433 -1.7507816 -0.69712286 0.2482633 405
139 11.720693 5.4854814 2.4151868 -1.7628978 -0.67389744 0.23997278 199
140 7.1371011 0.79918985 1.6113392 -1.77332 -0.65018078 0.23159563 495
141 2.553509 4.1128984 0.8074916 -1.7820382 -0.62599017 0.22313488 293
142 9.9699168 7.4266069 0.0036440248 -1.789044 -0.60134324 0.21459358 93
143 5.3863247 2.7403154 2.1997964 -1.7943306 -0.57625795 0.20597482 395
144 0.80273256 6.0540239 1.3959489 -1.7978931 -0.5507526 0.1972817 199
145 8.2191404 1.3677323 0.59210129 -1.7997279 -0.52484577 0.18851736 5
146 3.6355483 4.6814408 2.7882537 -1.7998333 -0.49855636 0.17968498 313
147 11.051956 7.9951493 1.9844061 -1.7982092 -0.47190352 0.17078772 123
148 6.468364 3.3088578 1.1805586 -1.7948571 -0.44490668 0.16182882 435
149 1.8847719 6.6225663 0.37671098 -1.7897804 -0.41758553 0.15281149 249
150 9.3011798 1.9362748 2.5728634 -1.7829838 -0.38995997 0.14373901 65
151 4.7175876 5.2499833 1.7690158 -1.7744739 -0.36205015 0.13461463 383
152 0.13399548 0.56369184 0.96516825 -1.7642588 -0.33387641 0.12544166 203
153 7.5504033 3.8774003 0.16132067 -1.7523484 -0.3054593 0.11622341 25
154 2.9668112 7.1911088 2.3574731 -1.7387542 -0.27681951 0.1069632 349
155 10.383219 2.5048173 1.5536255 -1.7234892 -0.24797794 0.097664379 175
156 5.7996269 5.8185258 0.74977794 -1.706568 -0.2189556 0.088330302 3
157 1.2160348 1.1322343 2.9459304 -1.6880069 -0.18977365 0.078964339 333
158 8.6324427 4.4459428 2.1420828 -1.6678238 -0.16045336 0.069569871 165
159 4.0488505 7.7596513 1.3382352 -1.6460381 -0.13101612 0.060150289 499
160 11.465258 3.0733598 0.53438763 -1.6226706 -0.10148336 0.050708993 335
161 6.8816663 6.3870683 2.7305401 -1.5977438 -0.071876632 0.041249392 173
162 2.2980741 1.7007768 1.9266925 -1.5712818 -0.042217507 0.0317749 13
163 9.714482 5.0144853 1.1228449 -1.5433099 -0.012527608 0.022288938 355
164 5.1308899 0.32819383 0.31899732 -1.5138549 0.017171424 0.01279493 199
165 0.54729773 3.6419023 2.5151497 -1.4829453 0.046857939 0.0032963029 45
166 7.9637056 6.9556108 1.7113022 -1.4506107 0.076510296 -0.006203514 393
167 3.3801135 2.2693193 0.90745459 -1.4168821 0.10610688 -0.015701092 243
168 10.796521 5.5830278 0.10360702 -1.3817921 0.13562612 -0.025193001 95
169 6.2129292 0.89673632 2.2997594 -1.3453742 0.16504649 -0.034675816 449
170 1.6293371 4.2104448 1.4959119 -1.3076636 0.19434655 -0.044146114 305
171 9.0457449 7.5241533 0.69206428 -1.2686963 0.22350494 -0.053600475 163
172 4.4621528 2.8378618 2.8882167 -1.22851 0.2525004 -0.063035488 23
173 11.878561 6.1515703 2.0843691 -1.1871432 0.28131181 -0.072447745 385
174 7.2949685 1.4652788 1.2805216 -1.1446356 0.30991815 -0.081833849 249
175 2.7113764 4.7789873 0.47667397 -1.101028 0.33829857 -0.091190412 115
176 10.127784 0.092695817 2.6728264 -1.0563625 0.36643239 -0.10051406 483
177 5.5441921 3.4064043 1.8689788 -1.0106819 0.39429909 -0.10980142 353
178 0.96059997 6.7201128 1.0651312 -0.96403017 0.42187837 -0.11904914 225
179 8.3770078 2.0338213 0.26128367 -0.91645203 0.44915012 -0.12825389 99
180 3.7934157 5.3475298 2.4574361 -0.86799325 0.47609446 -0.13741234 475
181 11.209824 0.66123831 1.6535885 -0.8187004 0.50269174 -0.14652118 353
182 6.6262314 3.9749468 0.84974093 -0.76862083 0.52892259 -0.15557713 233
183 2.0426393 7.2886553 0.045893356 -0.71780269 0.55476788 -0.16457692 115
184 9.4590472 2.6023638 2.2420458 -0.66629479 0.58020876 -0.1735173 499
185 4.875455 5.9160723 1.4381982 -0.61414663 0.6052267 -0.18239504 385
186 0.29186289 1.2297808 0.63435062 -0.56140832 0.62980345 -0.19120694 273
187 7.7082708 4.5434893 2.830503 -0.50813055 0.6539211 -0.19994982 163
188 3.1246786 7.8571978 2.0266555 -0.45436449 0.67756208 -0.20862052 55
189 10.541086 3.1709063 1.2228079 -0.40016183 0.70070914 -0.2172159 449
190 5.9574943 6.4846148 0.41896031 -0.34557465 0.72334542 -0.22573288 345
191 1.3739022 1.7983233 2.6151127 -0.29065539 0.74545441 -0.23416836 243
192 8.7903101 5.1120318 1.8112652 -0.23545684 0.76701999 -0.24251932 143
193 4.2067179 0.4257403 1.0074176 -0.18003203 0.78802646 -0.25078272 45
194 11.623126 3.7394488 0.20357001 -0.12443423 0.80845848 -0.2589556 449
195 7.0395337 7.0531573 2.3997224 -0.068716851 0.82830118 -0.267035 355
196 2.4559415 2.3668658 1.5958749 -0.012933442 0.84754008 -0.275018 263
197 9.8723494 5.6805743 0.79202727 0.042862395 0.86616116 -0.28290172 173
198 5.2887573 0.99428279 2.9881797 0.098617045 0.88415085 -0.29068332 85
199 0.70516514 4.3079913 2.1843321 0.15427693 0.90149603 -0.29835999 499
200 8.121573 7.6216998 1.3804845 0.20978857 0.91818406 -0.30592895 415
201 3.5379809 2.9354083 0.57663696 0.26509862 0.93420278 -0.31338747 333
202 10.954389 6.2491168 2.7727894 0.32015392 0.9495405 -0.32073286 253
203 6.3707966 1.5628253 1.9689418 0.37490159 0.96418605 -0.32796247 175
204 1.7872045 4.8765338 1.1650942 0.429289 0.97812875 -0.33507369 99
205 9.2036123 0.19024229 0.36124666 0.4832639 0.99135844 -0.34206396 25
206 4.6200202 3.5039508 2.5573991 0.53677442 1.0038655 -0.34893074 453
207 0.036428055 6.8176593 1.7535515 0.58976914 1.0156407 -0.35567156 383
208 7.4528359 2.1313678 0.94970392 0.64219714 1.0266756 -0.36228399 315
209 2.8692438 5.4450763 0.14585635 0.69400804 1.0369621 -0.36876564 249
210 10.285652 0.75878478 2.3420088 0.74515204 1.0464927 -0.37511416 185
211 5.7020595 4.0724933 1.5381612 0.79558002 1.0552605 -0.38132728 123
212 1.1184674 7.3862018 0.73431361 0.8452435 1.063259 -0.38740274 63
213 8.5348752 2.6999103 2.930466 0.89409477 1.0704825 -0.39333835 5
214 3.9512831 6.0136188 2.1266185 0.94208688 1.0769256 -0.39913197 449
215 11.367691 1.3273273 1.3227709 0.98917372 1.0825837 -0.40478151 395
216 6.7840988 4.6410358 0.51892331 1.03531 1.0874526 -0.41028493 343
217 2.2005067 7.9547443 2.7150757 1.0804515 1.0915288 -0.41564024 293
218 9.6169146 3.2684528 1.9112282 1.1245547 1.0948093 -0.4208455 245
219 5.0333224 6.5821613 1.1073806 1.1675774 1.0972918 -0.42589885 199
220 0.4497303 1.8958698 0.303533 1.209478 1.0989744 -0.43079845 155
221 7.8661382 5.2095783 2.4996854 1.2502165 1.0998559 -0.43554254 113
222 3.282546 0.52328677 1.6958378 1.2897536 1.0999357 -0.4401294 73
223 10.698954 3.8369953 0.89199026 1.3280513 1.0992136 -0.44455738 35
224 6.1153618 7.1507038 0.088142687 1.3650729 1.0976903 -0.44882488 499
225 1.5317696 2.4644123 2.2842951 1.4007828 1.0953668 -0.45293036 465
226 8.9481775 5.7781208 1.4804475 1.4351466 1.0922448 -0.45687233 433
227 4.3645854 1.0918293 0.67659996 1.4681313 1.0883266 -0.46064938 403
228 11.780993 4.4055378 2.8727524 1.4997053 1.0836151 -0.46426014 375
229 7.1974011 7.7192463 2.0689048 1.5298382 1.0781137 -0.46770331 349
230 2.613809 3.0329548 1.2650572 1.558501 1.0718264 -0.47097764 325
231 10.030217 6.3466633 0.46120965 1.5856663 1.0647578 -0.47408195 303
232 5.4466247 1.6603718 2.6573621 1.6113078 1.056913 -0.47701513 283
233 0.86303255 4.9740803 1.8535145 1.635401 1.0482977 -0.47977611 265
234 8.2794404 0.28778876 1.0496669 1.6579227 1.0389183 -0.48236389 249
235 3.6958483 3.6014973 0.24581934 1.6788512 1.0287816 -0.48477755 235
236 11.112256 6.9152058 2.4419718 1.6981665 1.017895 -0.4870162 223
237 6.528664 2.2289143 1.6381242 1.71585 1.0062663 -0.48907905 213
238 1.9450719 5.5426228 0.8342766 1.7318847 0.99390411 -0.49096535 205
239 9.3614797 0.85633125 0.030429028 1.7462552 0.98081742 -0.49267441 199
240 4.7778876 4.1700398 2.2265815 1.7589477 0.96701575 -0.49420563 195
241 0.19429547 7.4837482 1.4227339 1.7699499 0.95250917 -0.49555844 193
242 7.6107033 2.7974567 0.6188863 1.7792514 0.93730825 -0.49673236 193
243 3.0271112 6.1111652 2.8150387 1.7868432 0.92142408 -0.49772696 195
244 10.443519 1.4248737 2.0111911 1.7927179 0.90486823 -0.49854189 199
245 5.8599269 4.7385822 1.2073436 1.79687 0.88765277 -0.49917685 205
246 1.2763348 0.052290744 0.40349599 1.7992954 0.86979025 -0.49963162 213
247 8.6927427 3.3659992 2.5996484 1.7999918 0.85129369 -0.49990602 223
248 4.1091505 6.6797077 1.7958008 1.7989586 0.83217658 -0.49999996 235
249 11.525558 1.9934162 0.99195325 1.7961967 0.81245285 -0.49991341 249
250 6.9419663 5.3071247 0.18810568 1.7917088 0.79213687 -0.49964639 265
251 2.3583741 0.62083324 2.3842581 1.7854992 0.77124346 -0.49919901 283
252 9.774782 3.9345417 1.5804105 1.7775739 0.74978785 -0.49857142 303
253 5.1911898 7.2482502 0.77656295 1.7679405 0.72778568 -0.49776386 325
254 0.60759771 2.5619587 2.9727154 1.7566082 0.70525299 -0.4967766 349
255 8.0240056 5.8756672 2.1688678 1.7435879 0.68220619 -0.49561002 375
256 3.4404134 1.1893757 1.3650202 1.7288922 0.6586621 -0.49426452 403
257 10.856821 4.5030842 0.56117264 1.7125352 0.63463787 -0.4927406 433
258 6.2732292 7.8167927 2.7573251 1.6945326 0.61015102 -0.49103881 465
259 1.689637 3.1305012 1.9534775 1.6749016 0.5852194 -0.48915976 499
260 9.1060449 6.4442097 1.1496299 1.6536612 0.55986118 -0.48710412 35
261 4.5224528 1.7579182 0.34578233 1.6308317 0.53409484 -0.48487265 73
262 11.938861 5.0716267 2.5419348 1.6064352 0.50793917 -0.48246614 113
263 7.3552685 0.38533523 1.7380872 1.580495 0.48141324 -0.47988547 155
264 2.7716764 3.6990437 0.9342396 1.553036 0.45453638 -0.47713157 199
265 10.188084 7.0127522 0.13039202 1.5240847 0.42732818 -0.47420542 245
266 5.6044921 2.3264607 2.3265444 1.4936689 0.39980848 -0.47110809 293
267 1.0209 5.6401692 1.5226969 1.4618178 0.37199733 -0.4678407 343
268 8.4373078 0.95387772 0.71884929 1.4285619 0.34391502 -0.46440442 395
269 3.8537157 4.2675862 2.9150017 1.3939334 0.31558201 -0.4608005 449
270 11.270124 7.5812947 2.1111541 1.3579653 0.28701895 -0.45703023 5
271 6.6865314 2.8950032 1.3073066 1.3206924 0.25824666 -0.45309498 63
272 2.1029393 6.2087117 0.50345898 1.2821504 0.22928613 -0.44899617 123
273 9.5193471 1.5224202 2.6996114 1.2423764 0.20015846 -0.44473528 185
274 4.935755 4.8361287 1.8957638 1.2014085 0.17088488 -0.44031384 249
275 0.35216287 0.14983721 1.0919162 1.1592861 0.14148673 -0.43573345 315
276 7.7685707 3.4635457 0.28806867 1.1160498 0.11198545 -0.43099576 383
277 3.1849786 6.7772542 2.4842211 1.071741 0.082402532 -0.4261025 453
278 10.601386 2.0909627 1.6803735 1.0264024 0.052759548 -0.42105541 25
279 6.0177943 5.4046712 0.87652594 0.98007747 0.023078104 -0.41585633 99
280 1.4342022 0.71837971 0.072678359 0.93281077 -0.0066201627 -0.41050712 175
281 8.8506101 4.0320882 2.2688308 0.88464771 -0.036313604 -0.40500973 253
282 4.2670179 7.3457967 1.4649832 0.83563457 -0.065980573 -0.39936614 333
283 11.683426 2.6595052 0.66113563 0.78581845 -0.095599446 -0.39357837 415
284 7.0998337 5.9732137 2.857288 0.73524722 -0.12514863 -0.38764854 499
285 2.5162415 1.2869222 2.0534405 0.68396947 -0.15460659 -0.38157876 85
286 9.9326494 4.6006307 1.2495929 0.63203448 -0.18395184 -0.37537124 173
287 5.3490573 7.9143392 0.44574532 0.57949216 -0.21316301 -0.36902821 263
288 0.76546512 3.2280477 2.6418977 0.52639298 -0.24221879 -0.36255197 355
289 8.181873 6.5417562 1.8380502 0.47278799 -0.271098 -0.35594485 449
290 3.5982808 1.8554647 1.0342026 0.41872868 -0.29977959 -0.34920923 45
291 11.014689 5.1691732 0.23035501 0.364267 -0.32824265 -0.34234756 143
292 6.4310966 0.4828817 2.4265074 0.3094553 -0.35646644 -0.33536231 243
293 1.8475044 3.7965902 1.6226599 0.25434623 -0.38443039 -0.32825599 345
294 9.2639123 7.1102987 0.81881228 0.19899275 -0.4121141 -0.32103117 449
295 4.6803202 2.4240072 0.014964699 0.14344805 -0.43949739 -0.31369047 55
296 0.09672804 5.7377157 2.2111171 0.087765516 -0.46656032 -0.30623652 163
297 7.5131359 1.0514242 1.4072695 0.031998644 -0.49328314 -0.29867203 273
298 2.9295438 4.3651327 0.60342197 -0.023798977 -0.51964638 -0.29099972 385
299 10.345952 7.6788412 2.7995744 -0.079573729 -0.54563082 -0.28322237 499
300 5.7623595 2.9925497 1.9957268 -0.13527202 -0.57121752 -0.27534277 115
301 1.1787674 6.3062582 1.1918792 -0.19084032 -0.59638783 -0.26736378 233
302 8.5951752 1.6199667 0.38803166 -0.24622524 -0.62112339 -0.25928827 353
303 4.0115831 4.9336752 2.5841841 -0.30137355 -0.64540619 -0.25111916 475
304 11.427991 0.24738368 1.7803365 -0.35623227 -0.66921851 -0.2428594 99
305 6.8443988 3.5610922 0.97648893 -0.41074868 -0.69254301 -0.23451198 225
306 2.2608067 6.8748007 0.17264135 -0.46487039 -0.71536267 -0.22607989 353
307 9.6772146 2.1885092 2.3687938 -0.51854539 -0.73766086 -0.21756619 483
308 5.0936224 5.5022177 1.5649462 -0.57172211 -0.75942133 -0.20897396 115
309 0.51003029 0.81592618 0.76109862 -0.62434945 -0.78062821 -0.20030628 249
310 7.9264382 4.1296347 2.957251 -0.67637684 -0.80126605 -0.1915663 385
311 3.342846 7.4433432 2.1534035 -0.72775429 -0.82131981 -0.18275716 23
312 10.759254 2.7570517 1.3495559 -0.77843241 -0.84077486 -0.17388206 163
313 6.1756617 6.0707602 0.54570831 -0.82836253 -0.85961702 -0.16494418 305
314 1.5920696 1.3844687 2.7418607 -0.87749665 -0.87783256 -0.15594676 449
315 9.0084775 4.6981772 1.9380132 -0.92578756 -0.89540819 -0.14689304 95
316 4.4248853 0.011885671 1.1341656 -0.97318887 -0.91233112 -0.1377863 243
317 11.841293 3.3255942 0.330318 -1.019655 -0.92858899 -0.12862981 393
318 7.2577011 6.6393027 2.5264704 -1.0651413 -0.94416997 -0.1194269 45
319 2.6741089 1.9530112 1.7226228 -1.1096042 -0.95906269 -0.11018087 199
320 10.090517 5.2667197 0.91877527 -1.1530007 -0.97325629 -0.10089507 355
321 5.5069247 0.58042817 0.11492769 -1.1952894 -0.98674043 -0.091572841 13
322 0.92333253 3.8941367 2.3110801 -1.2364294 -0.99950528 -0.082217559 173
323 8.3397404 7.2078452 1.5072325 -1.2763813 -1.0115415 -0.072832598 335
324 3.7561483 2.5215537 0.70338496 -1.3151068 -1.0228404 -0.063421345 499
325 11.172556 5.8352622 2.8995374 -1.3525685 -1.0333937 -0.053987198 165
326 6.588964 1.1489707 2.0956898 -1.3887305 -1.0431937 -0.044533562 333
327 2.0053719 4.4626792 1.2918422 -1.423558 -1.0522332 -0.03506385 3
328 9.4217797 7.7763877 0.48799465 -1.4570176 -1.0605057 -0.02558148 175
329 4.8381876 3.0900962 2.6841471 -1.4890771 -1.0680052 -0.016089875 349
330 0.25459545 6.4038047 1.8802995 -1.5197058 -1.0747261 -0.0065924626 25
331 7.6710033 1.7175132 1.0764519 -1.5488741 -1.0806636 0.00290733 203
332 3.0874112 5.0312217 0.27260434 -1.576554 -1.0858133 0.012406073 383
333 10.503819 0.34493015 2.4687568 -1.6027191 -1.0901716 0.021900338 65
334 5.9202269 3.6586387 1.6649092 -1.627344 -1.0937351 0.031386697 249
335 1.3366348 6.9723472 0.86106161 -1.6504052 -1.0965014 0.040861725 435
336 8.7530426 2.2860557 0.057214031 -1.6718804 -1.0984683 0.050322003 123
337 4.1694505 5.5997641 2.2533665 -1.6917491 -1.0996345 0.059764115 313
338 11.585858 0.91347265 1.4495189 -1.7099922 -1.0999992 0.069184653 5
339 7.0022662 4.2271811 0.6456713 -1.7265921 -1.099562 0.078580217 199
340 2.4186741 7.5408896 2.8418237 -1.7415329 -1.0983232 0.087947413 395
341 9.835082 2.8545981 2.0379761 -1.7548002 -1.0962838 0.097282862 93
342 5.2514898 6.1683066 1.2341286 -1.7663813 -1.0934453 0.10658319 293
343 0.6678977 1.4820151 0.43028099 -1.776265 -1.0898097 0.11584505 495
344 8.0843056 4.7957236 2.6264334 -1.7844419 -1.0853797 0.12506508 199
345 3.5007134 0.10943214 1.8225858 -1.790904 -1.0801585 0.13423997 405
346 10.917121 3.4231406 1.0187383 -1.7956452 -1.0741499 0.1433664 113
347 6.3335292 6.7368491 0.21489068 -1.798661 -1.0673583 0.15244108 323
348 1.749937 2.0505576 2.4110431 -1.7999484 -1.0597886 0.16146073 35
349 9.1663449 5.3642661 1.6071955 -1.7995061 -1.0514464 0.17042209 249
350 4.5827528 0.67797464 0.80334795 -1.7973347 -1.0423378 0.17932193 465
351 11.999161 3.9916831 2.9995004 -1.7934362 -1.0324693 0.18815703 183
352 7.4155685 7.3053916 2.1956528 -1.7878143 -1.0218482 0.19692422 403
353 2.8319763 2.6191001 1.3918052 -1.7804745 -1.0104822 0.20562032 125
354 10.248384 5.9328086 0.58795764 -1.7714238 -0.99837965 0.21424219 349
355 5.6647921 1.2465171 2.7841101 -1.7606708 -0.98554929 0.22278672 75
356 1.0811999 4.5602256 1.9802625 -1.748226 -0.97200052 0.23125083 303
357 8.4976078 7.8739341 1.1764149 -1.7341013 -0.95774319 0.23963145 33
358 3.9140157 3.1876426 0.37256733 -1.7183103 -0.94278772 0.24792558 265
359 11.330424 6.5013511 2.5687198 -1.7008681 -0.927145 0.2561302 499
360 6.7468314 1.8150596 1.7648722 -1.6817915 -0.91082643 0.26424237 235
361 2.1632393 5.1287681 0.9610246 -1.6610988 -0.8938439 0.27225915 473
362 9.5796471 0.44247662 0.15717702 -1.6388099 -0.87620981 0.28017764 213
363 4.996055 3.7561851 2.3533294 -1.6149463 -0.85793699 0.28799499 455
364 0.41246286 7.0698936 1.5494819 -1.5895308 -0.83903878 0.29570839 199
365 7.8288707 2.3836021 0.74563429 -1.5625879 -0.81952894 0.30331503 445
366 3.2452786 5.6973106 2.9417867 -1.5341435 -0.79942171 0.31081218 193
367 10.661686 1.0110191 2.1379391 -1.5042249 -0.77873173 0.31819713 443
368 6.0780943 4.3247276 1.3340916 -1.4728608 -0.75747409 0.32546721 195
369 1.4945022 7.6384361 0.53024398 -1.4400814 -0.73566429 0.3326198 449
370 8.91091 2.9521446 2.7263964 -1.4059182 -0.71331822 0.33965233 205
371 4.3273179 6.2658531 1.9225488 -1.3704041 -0.69045217 0.34656224 463
372 11.743726 1.5795616 1.1187012 -1.3335731 -0.66708281 0.35334704 223
373 7.1601336 4.8932701 0.31485367 -1.2954606 -0.64322718 0.36000429 485
374 2.5765415 0.20697861 2.5110061 -1.2561033 -0.61890267 0.36653159 249
375 9.9929494 3.5206871 1.7071585 -1.215539 -0.594127 0.37292657 15
376 5.4093572 6.8343956 0.90331094 -1.1738066 -0.56891824 0.37918692 283
377 0.8257651 2.1481041 0.099463362 -1.1309463 -0.54329476 0.3853104 53
378 8.242173 5.4618126 2.2956158 -1.0869993 -0.51727525 0.39129478 325
379 3.6585808 0.77552111 1.4917682 -1.0420077 -0.49087866 0.39713791 99
380 11.074989 4.0892296 0.68792063 -0.99601481 -0.46412425 0.40283768 375
381 6.4913966 7.4029381 2.8840731 -0.94906485 -0.43703151 0.40839202 153
382 1.9078044 2.7166466 2.0802255 -0.90120291 -0.40962019 0.41379894 433
383 9.3242123 6.0303551 1.2763779 -0.85247498 -0.38191028 0.41905649 215
384 4.7406202 1.3440636 0.47253032 -0.80292789 -0.35392198 0.42416276 499
385 0.15702803 4.6577721 2.6686827 -0.75260925 -0.32567568 0.42911591 285
386 7.5734359 7.9714806 1.8648352 -0.70156741 -0.29719197 0.43391415 73
387 2.9898438 3.2851891 1.0609876 -0.64985142 -0.26849163 0.43855576 363
388 10.406252 6.5988976 0.25714001 -0.59751097 -0.23959557 0.44303905 155
389 5.8226595 1.9126061 2.4532924 -0.54459636 -0.21052485 0.44736241 449
390 1.2390674 5.2263146 1.6494449 -0.49115843 -0.18130067 0.45152428 245
391 8.6554752 0.54002309 0.84559728 -0.43724854 -0.15194433 0.45552315 43
392 4.0718831 3.8537316 0.041749702 -0.38291848 -0.12247723 0.45935759 343
393 11.488291 7.1674401 2.2379021 -0.32822047 -0.09292085 0.4630262 145
394 6.9046988 2.4811486 1.4340545 -0.27320707 -0.063296733 0.46652766 449
395 2.3211067 5.7948571 0.63020697 -0.21793113 -0.033626477 0.46986071 255
396 9.7375145 1.1085656 2.8263594 -0.16244578 -0.0039317079 0.47302415 63
397 5.1539224 4.4222741 2.0225118 -0.10680433 0.025765927 0.47601683 373
398 0.57033027 7.7359826 1.2186642 -0.051060256 0.05544478 0.47883767 185
399 7.9867381 3.0496911 0.41481666 0.0047328887 0.085083216 0.48148566 499
400 3.403146 6.3633996 2.6109691 0.060521485 0.11465963 0.48395984 315
401 10.819554 1.6771081 1.8071215 0.11625192 0.14415246 0.48625931 133
402 6.2359617 4.9908166 1.0032739 0.17187066 0.17354021 0.48838325 453
403 1.6523696 0.30452508 0.19942635 0.22732423 0.20280146 0.49033088 275
404 9.0687775 3.6182336 2.3955788 0.28255937 0.23191488 0.49210152 99
405 4.4851853 6.9319421 1.5917312 0.33752298 0.26085924 0.49369451 425
406 11.901593 2.2456506 0.78788362 0.39216227 0.28961344 0.49510928 253
407 7.3180011 5.5593591 2.984036 0.44642471 0.31815653 0.49634532 83
408 2.7344089 0.87306758 2.1801885 0.50025818 0.3464677 0.49740219 415
409 10.150817 4.1867761 1.3763409 0.55361094 0.3745263 0.4982795 249
410 5.5672247 7.5004846 0.57249331 0.60643172 0.4023119 0.49897694 85
411 0.98363252 2.8141931 2.7686457 0.65866976 0.42980423 0.49949425 423
412 8.4000404 6.1279016 1.9647982 0.71027487 0.45698324 0.49983125 263
413 3.8164482 1.4416101 1.1609506 0.76119747 0.48382914 0.49998781 105
414 11.232856 4.7553186 0.357103 0.81138861 0.51032235 0.49996389 449
415 6.649264 0.069027068 2.5532554 0.86080007 0.53644356 0.49975948 295
416 2.0656718 3.3827356 1.7494078 0.90938437 0.56217372 0.49937467 143
417 9.4820797 6.6964441 0.94556027 0.95709482 0.58749408 0.49880959 493
418 4.8984876 2.0101526 0.14171269 1.0038856 0.61238619 0.49806444 345
419 0.31489544 5.3238611 2.3378651 1.0497117 0.63683189 0.4971395 199
420 7.7313033 0.63756956 1.5340175 1.0945291 0.66081337 0.49603509 55
421 3.1477112 3.9512781 0.73016996 1.1382947 0.68431315 0.49475163 413
422 10.564119 7.2649866 2.9263224 1.1809666 0.70731409 0.49328956 273
423 5.9805269 2.5786951 2.1224748 1.2225036 0.72979943 0.49164942 135
424 1.3969348 5.8924036 1.3186272 1.2628659 0.75175278 0.4898318 499
425 8.8133426 1.2061121 0.51477965 1.3020146 0.77315814 0.48783735 365
426 4.2297505 4.5198206 2.7109321 1.3399123 0.7939999 0.4856668 233
427 11.646158 7.8335291 1.9070845 1.3765223 0.81426286 0.48332094 103
428 7.0625662 3.1472376 1.1032369 1.4118097 0.83393227 0.48080059 475
429 2.4789741 6.4609461 0.29938934 1.4457404 0.85299378 0.47810669 349
430 9.895382 1.7746546 2.4955418 1.4782818 0.87143349 0.47524019 225
431 5.3117898 5.0883631 1.6916942 1.5094028 0.88923796 0.47220214 103
432 0.72819768 0.40207155 0.88784661 1.5390733 0.90639422 0.46899362 483
433 8.1446055 3.71578 0.083999033 1.5672649 0.92288976 0.46561581 365
434 3.5610134 7.0294885 2.2801515 1.5939505 0.93871255 0.46206991 249
435 10.977421 2.343197 1.4763039 1.6191044 0.95385107 0.45835721 135
436 6.3938291 5.6569055 0.6724563 1.6427025 0.96829426 0.45447905 23
437 1.810237 0.97061405 2.8686087 1.664722 0.98203162 0.45043682 413
438 9.2266449 4.2843225 2.0647611 1.6851419 0.99505312 0.446232 305
439 4.6430527 7.598031 1.2609136 1.7039425 1.0073493 0.44186608 199
440 0.0594606 2.9117395 0.45706599 1.7211058 1.0189111 0.43734066 95
441 7.4758685 6.225448 2.6532184 1.7366152 1.0297302 0.43265737 493
442 2.8922763 1.5391565 1.8493708 1.7504558 1.0397987 0.42781789 393
443 10.308684 4.852865 1.0455233 1.7626144 1.0491092 0.42282397 295
444 5.7250921 0.16657354 0.24167568 1.7730793 1.0576549 0.41767742 199
445 1.1414999 3.480282 2.4378281 1.7818403 1.0654297 0.41238009 105
446 8.5579078 6.7939905 1.6339805 1.7888892 1.0724278 0.40693389 13
447 3.9743157 2.107699 0.83013295 1.794219 1.0786441 0.4013408 423
448 11.390724 5.4214075 0.026285374 1.7978248 1.0840742 0.39560283 335
449 6.8071314 0.73511603 2.2224378 1.799703 1.088714 0.38972205 249
450 2.2235393 4.0488245 1.4185902 1.7998518 1.0925602 0.38370058 165
451 9.6399471 7.362533 0.61474264 1.7982711 1.09561 0.3775406 83
452 5.056355 2.6762415 2.8108951 1.7949624 1.0978611 0.37124433 3
453 0.47276285 5.98995 2.0070475 1.7899288 1.099312 0.36481405 425
454 7.8891707 1.3036585 1.2031999 1.7831753 1.0999615 0.35825208 349
455 3.3055786 4.617367 0.39935233 1.7747083 1.0998091 0.35156078 275
456 10.721986 7.9310755 2.5955048 1.7645359 1.0988551 0.34474257 203
457 6.1383943 3.244784 1.7916572 1.752668 1.0971 0.33779991 133
458 1.5548022 6.5584925 0.9878096 1.7391159 1.0945452 0.33073531 65
459 8.97121 1.872201 0.18396202 1.7238926 1.0911925 0.32355131 499
460 4.3876179 5.1859095 2.3801144 1.7070128 1.0870444 0.31625052 435
461 11.804026 0.49961802 1.5762669 1.6884926 1.0821039 0.30883557 373
462 7.2204336 3.8133265 0.77241929 1.66835 1.0763746 0.30130913 313
463 2.6368415 7.127035 2.9685717 1.6466042 1.0698606 0.29367392 255
464 10.053249 2.4407435 2.1647241 1.6232762 1.0625668 0.2859327 199
465 5.4696572 5.754452 1.3608766 1.5983883 1.0544984 0.27808825 145
466 0.88606509 1.0681605 0.55702898 1.5719645 1.0456613 0.27014343 93
467 8.302473 4.381869 2.7531814 1.5440301 1.036062 0.26210108 43
468 3.7188808 7.6955775 1.9493338 1.514612 1.0257074 0.25396412 495
469 11.135289 3.009286 1.1454863 1.4837386 1.0146052 0.24573547 449
470 6.5516966 6.3229945 0.34163867 1.4514393 1.0027633 0.23741813 405
471 1.9681044 1.636703 2.5377911 1.4177454 0.99019048 0.22901507 363
472 9.3845123 4.9504115 1.7339435 1.3826891 0.97689584 0.22052935 323
473 4.8009201 0.26412001 0.93009594 1.3463041 0.96288909 0.21196401 285
474 0.21732801 3.5778285 0.12624836 1.3086255 0.94818044 0.20332216 249
475 7.6337359 6.891537 2.3224008 1.2696893 0.9327806 0.19460691 215
476 3.0501437 2.2052455 1.5185532 1.2295331 0.91670081 0.18582141 183
477 10.466552 5.518954 0.71470563 1.1881954 0.89995279 0.17696883 153
478 5.8829595 0.8326625 2.9108581 1.1457159 0.88254874 0.16805237 125
479 1.2993673 4.146371 2.1070105 1.1021355 0.86450135 0.15907524 99
480 8.7157752 7.4600795 1.3031629 1.057496 0.84582377 0.15004069 75
481 4.1321831 2.773788 0.49931532 1.0118404 0.82652963 0.14095197 53
482 11.548591 6.0874965 2.6954677 0.96521244 0.80663299 0.13181237 33
483 6.9649988 1.401205 1.8916202 0.91765699 0.78614834 0.12262519 15
484 2.3814067 4.7149135 1.0877726 0.86921975 0.76509063 0.11339375 499
485 9.7978145 0.028621996 0.28392501 0.81994725 0.7434752 0.10412137 485
486 5.2142224 3.3423305 2.4800774 0.76988684 0.72131781 0.094811399 473
487 0.63063025 6.656039 1.6762299 0.71908664 0.69863461 0.085467206 463
488 8.0470381 1.9697475 0.87238228 0.66759544 0.67544214 0.07609216 455
489 3.463446 5.283456 0.068534705 0.61546274 0.6517573 0.066689645 449
490 10.879854 0.59716449 2.2646871 0.56273863 0.62759736 0.057263056 445
491 6.2962617 3.910873 1.4608396 0.50947377 0.60297993 0.047815796 443
492 1.7126696 7.2245815 0.65699197 0.45571934 0.57792295 0.038351275 443
493 9.1290774 2.53829 2.8531444 0.401527 0.55244469 0.02887291 445
494 4.5454853 5.8519985 2.0492968 0.34694883 0.52656372 0.019384121 449
495 11.961893 1.165707 1.2454492 0.29203726 0.50029892 0.0098883357 455
496 7.378301 4.4794155 0.44160166 0.23684507 0.47366941 0.00038898035 463
497 2.7947089 7.793124 2.6377541 0.18142529 0.44669463 -0.0091105154 473
498 10.211117 3.1068325 1.8339065 0.12583117 0.41939422 -0.018606722 485
499 5.6275246 6.420541 1.0300589 0.070116138 0.39178809 -0.028096213 499
500 1.0439325 1.7342495 0.22621135 0.014333731 0.36389637 -0.03757556 15
501 8.4603404 5.047958 2.4223638 -0.04146245 0.33573938 -0.047041344 33
502 3.8767482 0.36166648 1.6185162 -0.097218789 0.30733765 -0.056490146 53
503 11.293156 3.675375 0.81466862 -0.15288171 0.27871189 -0.065918555 75
504 6.709564 6.9890835 0.010821046 -0.20839772 0.24988296 -0.075323169 99
505 2.1259718 2.302792 2.2069735 -0.26371348 0.22087187 -0.084700592 125
506 9.5423797 5.6165005 1.4031259 -0.31877583 0.19169978 -0.094047439 153
507 4.9587876 0.93020897 0.59927831 -0.37353186 0.16238795 -0.10336034 183
508 0.37519542 4.2439175 2.7954307 -0.42792895 0.13295774 -0.11263592 215
509 7.7916033 7.557626 1.9915832 -0.48191484 0.10343062 -0.12187084 249
510 3.2080112 2.8713345 1.1877356 -0.53543764 0.073828095 -0.13106178 285
511 10.624419 6.185043 0.383888 -0.58844593 0.044171755 -0.14020539 323
512 6.0408269 1.4987515 2.5800404 -0.64088877 0.014483217 -0.1492984 363
513 1.4572347 4.81246 1.7761929 -0.69271577 -0.015215879 -0.15833751 405
514 8.8736426 0.12616847 0.97234527 -0.74387711 -0.044903884 -0.16731946 449
515 4.2900505 3.439877 0.1684977 -0.79432365 -0.074559156 -0.17624102 495
516 11.706458 6.7535855 2.3646501 -0.84400691 -0.10416008 -0.18509895 43
517 7.1228662 2.067294 1.5608025 -0.89287914 -0.13368507 -0.19389006 93
518 2.5392741 5.3810025 0.75695496 -0.94089338 -0.16311261 -0.20261118 145
519 9.9556819 0.69471096 2.9531074 -0.98800349 -0.19242125 -0.21125916 199
520 5.3720898 4.0084195 2.1492598 -1.0341642 -0.22158963 -0.21983088 255
521 0.78849767 7.322128 1.3454122 -1.0793312 -0.25059647 -0.22832324 313
522 8.2049055 2.6358365 0.54156465 -1.123461 -0.27942064 -0.23673318 373
523 3.6213134 5.949545 2.7377171 -1.1665112 -0.30804113 -0.24505766 435
524 11.037721 1.2632535 1.9338695 -1.2084406 -0.33643707 -0.25329367 499
525 6.4541291 4.576962 1.1300219 -1.2492087 -0.36458776 -0.26143825 65
526 1.870537 7.8906705 0.32617435 -1.2887764 -0.39247268 -0.26948846 133
527 9.2869449 3.204379 2.5223268 -1.3271057 -0.42007151 -0.27744138 203
528 4.7033527 6.5180875 1.7184792 -1.3641597 -0.44736412 -0.28529415 275
529 0.11976059 1.8317959 0.91463161 -1.399903 -0.47433062 -0.29304393 349
530 7.5361685 5.1455044 0.11078404 -1.434301 -0.50095136 -0.30068793 425
531 2.9525763 0.45921295 2.3069365 -1.4673207 -0.52720693 -0.30822338 3
532 10.368984 3.7729214 1.5030889 -1.4989305 -0.55307819 -0.31564756 83
533 5.785392 7.0866299 0.6992413 -1.5290999 -0.57854627 -0.3229578 165
534 1.2017999 2.4003384 2.8953937 -1.5577999 -0.60359263 -0.33015146 249
535 8.6182078 5.7140469 2.0915461 -1.5850031 -0.62819899 -0.33722593 335
536 4.0346156 1.0277554 1.2876986 -1.6106831 -0.65234742 -0.34417867 423
537 11.451024 4.3414639 0.483851 -1.6348155 -0.67602032 -0.35100717 13
538 6.8674314 7.6551724 2.6800034 -1.6573769 -0.69920043 -0.35770895 105
539 2.2838392 2.9688809 1.8761558 -1.6783457 -0.72187085 -0.36428161 199
540 9.7002471 6.2825894 1.0723083 -1.6977017 -0.74401506 -0.37072276 295
541 5.116655 1.5962979 0.26846069 -1.7154263 -0.76561692 -0.37703009 393
542 0.53306283 4.9100064 2.4646131 -1.7315026 -0.78666067 -0.38320131 493
543 7.9494707 0.22371494 1.6607655 -1.745915 -0.80713099 -0.3892342 95
544 3.3658786 3.5374234 0.85691795 -1.7586498 -0.82701294 -0.39512659 199
545 10.782286 6.8511319 0.053070377 -1.7696946 -0.84629204 -0.40087633 305
546 6.1986943 2.1648404 2.2492228 -1.7790389 -0.86495423 -0.40648137 413
547 1.6151022 5.4785489 1.4453752 -1.7866736 -0.8829859 -0.41193966 23
548 9.03151 0.79225743 0.64152765 -1.7925915 -0.90037392 -0.41724926 135
549 4.4479179 4.1059659 2.8376801 -1.7967869 -0.91710561 -0.42240823 249
550 11.864326 7.4196744 2.0338325 -1.7992556 -0.93316876 -0.42741471 365
551 7.2807336 2.7333829 1.2299849 -1.7999955 -0.94855168 -0.43226691 483
552 2.6971415 6.0470914 0.42613734 -1.7990057 -0.96324314 -0.43696306 103
553 10.113549 1.3607999 2.6222898 -1.7962871 -0.97723244 -0.44150147 225
554 5.5299572 4.6745084 1.8184422 -1.7918425 -0.99050939 -0.4458805 349
555 0.94636508 7.9882169 1.0145946 -1.7856761 -1.0030643 -0.45009858 475
556 8.3627729 3.3019254 0.21074703 -1.7777937 -1.014888 -0.45415417 103
557 3.7791808 6.6156339 2.4068994 -1.7682031 -1.0259719 -0.45804583 233
558 11.195589 1.9293424 1.6030519 -1.7569133 -1.0363079 -0.46177213 365
559 6.6119965 5.2430509 0.79920429 -1.7439352 -1.0458885 -0.46533173 499
560 2.0284044 0.55675942 2.9953567 -1.7292814 -1.0547067 -0.46872336 135
561 9.4448123 3.8704679 2.1915091 -1.7129659 -1.0627561 -0.47194578 273
562 4.8612201 7.1841764 1.3876616 -1.6950044 -1.0700307 -0.47499784 413
563 0.277628 2.4978849 0.58381399 -1.675414 -1.0765254 -0.47787842 55
564 7.6940359 5.8115934 2.7799664 -1.6542138 -1.0822353 -0.4805865 199
565 3.1104437 1.1253019 1.9761188 -1.6314239 -1.0871563 -0.48312109 345
566 10.526852 4.4390104 1.1722713 -1.6070664 -1.0912848 -0.48548128 493
567 5.9432595 7.7527189 0.36842368 -1.5811646 -1.0946178 -0.48766622 143
568 1.3596673 3.0664274 2.5645761 -1.5537435 -1.0971529 -0.48967511 295
569 8.7760752 6.3801359 1.7607285 -1.5248293 -1.0988883 -0.49150723 449
570 4.192483 1.6938444 0.95688094 -1.4944499 -1.0998225 -0.49316193 105
571 11.608891 5.0075529 0.15303337 -1.4626344 -1.0999551 -0.4946386 263
572 7.0252988 0.32126141 2.3491858 -1.4294134 -1.0992858 -0.49593672 423
573 2.4417066 3.6349699 1.5453382 -1.3948189 -1.0978152 -0.4970558 85
574 9.8581145 6.9486784 0.74149064 -1.3588841 -1.0955444 -0.49799545 249
575 5.2745224 2.2623869 2.9376431 -1.3216435 -1.0924749 -0.49875533 415
576 0.69093024 5.5760954 2.1337955 -1.2831329 -1.0886091 -0.49933517 83
577 8.1073381 0.8898039 1.3299479 -1.2433893 -1.0839497 -0.49973475 253
578 3.523746 4.2035124 0.52610033 -1.2024509 -1.0785002 -0.49995394 425
579 10.940154 7.5172209 2.7222527 -1.160357 -1.0722645 -0.49999264 99
580 6.3565617 2.8309294 1.9184052 -1.1171481 -1.0652472 -0.49985085 275
581 1.7729696 6.1446379 1.1145576 -1.0728658 -1.0574533 -0.49952863 453
582 9.1893774 1.4583464 0.31071002 -1.0275524 -1.0488886 -0.49902607 133
583 4.6057853 4.7720549 2.5068624 -0.98125173 -1.0395593 -0.49834338 315
584 0.02219316 0.085763393 1.7030149 -0.93400811 -1.0294723 -0.49748079 499
585 7.438601 3.3994719 0.89916729 -0.88586698 -1.0186348 -0.49643861 185
586 2.8550089 6.7131804 0.095319708 -0.8368746 -1.0070547 -0.49521723 373
587 10.271417 2.0268889 2.2914721 -0.78707805 -0.99474055 -0.49381707 63
588 5.6878246 5.3405974 1.4876246 -0.73652518 -0.98170128 -0.49223866 255
589 1.1042325 0.65430589 0.68377698 -0.68526456 -0.96794639 -0.49048255 449
590 8.5206403 3.9680144 2.8799294 -0.63334546 -0.95348591 -0.48854938 145
591 3.9370482 7.2817229 2.0760818 -0.58081776 -0.93833038 -0.48643985 343
592 11.353456 2.5954314 1.2722342 -0.52773194 -0.92249084 -0.48415472 43
593 6.7698639 5.9091399 0.46838667 -0.47413901 -0.90597886 -0.48169482 245
594 2.1862718 1.2228484 2.6645391 -0.42009046 -0.88880645 -0.47906103 449
595 9.6026797 4.5365569 1.8606915 -0.36563825 -0.87098615 -0.4762543 155
596 5.0190875 7.8502654 1.0568439 -0.31083468 -0.85253093 -0.47327565 363
597 0.43549541 3.1639739 0.25299636 -0.25573243 -0.83345426 -0.47012616 73
598 7.8519033 6.4776824 2.4491488 -0.20038443 -0.81377004 -0.46680695 285
599 3.2683111 1.7913909 1.6453012 -0.14484389 -0.79349261 -0.46331923 499
600 10.684719 5.1050994 0.84145363 -0.089164154 -0.77263676 -0.45966426 215
601 6.1011269 0.41880787 0.037606049 -0.033398742 -0.7512177 -0.45584336 433
602 1.5175347 3.7325164 2.2337585 0.022398763 -0.72925103 -0.4518579 153
603 8.9339426 7.0462249 1.4299109 0.078174745 -0.70675277 -0.44770932 375
604 4.3503505 2.3599334 0.62606332 0.13387561 -0.68373931 -0.44339913 99
605 11.766758 5.6736419 2.8222157 0.18944782 -0.66022745 -0.43892887 325
606 7.1831662 0.98735037 2.0183682 0.244838 -0.6362343 -0.43430017 53
607 2.5995741 4.3010589 1.2145206 0.2999929 -0.61177737 -0.42951469 283
608 10.015982 7.6147674 0.41067301 0.35485953 -0.58687448 -0.42457415 15
609 5.4323898 2.9284759 2.6068254 0.40938517 -0.56154378 -0.41948035 249
610 0.84879765 6.2421844 1.8029779 0.46351742 -0.53580375 -0.41423513 485
611 8.2652055 1.5558929 0.99913028 0.51720427 -0.50967313 -0.40884037 223
612 3.6816134 4.8696014 0.1952827 0.57039412 -0.48317099 -0.40329802 463
613 11.098021 0.18330986 2.3914351 0.62303587 -0.45631664 -0.39761008 205
614 6.5144291 3.4970184 1.5875875 0.67507893 -0.42912965 -0.39177862 449
615 1.930837 6.8107269 0.78373997 0.72647329 -0.40162985 -0.38580572 195
616 9.3472448 2.1244354 2.9798924 0.77716957 -0.37383727 -0.37969355 443
617 4.7636527 5.4381439 2.1760448 0.82711904 -0.34577219 -0.37344432 193
618 0.18006057 0.75185236 1.3721972 0.87627372 -0.31745505 -0.36706028 445
619 7.5964684 4.0655609 0.56834966 0.92458637 -0.2889065 -0.36054374 199
620 3.0128763 7.3792694 2.7645021 0.97201056 -0.26014735 -0.35389704 455
621 10.429284 2.6929779 1.9606545 1.0185007 -0.23119857 -0.34712259 213
622 5.845692 6.0066864 1.1568069 1.0640122 -0.20208125 -0.34022283 473
623 1.2620999 1.3203949 0.35295935 1.1085012 -0.17281662 -0.33320025 235
624 8.6785078 4.6341034 2.5491118 1.1519251 -0.14342602 -0.32605739 499
625 4.0949156 7.9478119 1.7452642 1.194242 -0.11393087 -0.31879683 265
626 11.511323 3.2615203 0.94141662 1.2354113 -0.084352662 -0.31142119 33
627 6.9277314 6.5752288 0.13756904 1.2753936 -0.054712969 -0.30393313 303
628 2.3441392 1.8889373 2.3337215 1.3141502 -0.025033393 -0.29633535 75
629 9.7605471 5.2026458 1.5298739 1.3516441 0.0046644318 -0.2886306 349
630 5.176955 0.51635434 0.72602631 1.3878391 0.034358856 -0.28082165 125
631 0.59336282 3.8300628 2.9221787 1.4227006 0.064028235 -0.27291133 403
632 8.0097707 7.1437713 2.1183312 1.4561949 0.093650939 -0.26490249 183
633 3.4261785 2.4574798 1.3144836 1.48829 0.12320538 -0.25679803 465
634 10.842586 5.7711883 0.510636 1.5189549 0.15267 -0.24860086 249
635 6.2589943 1.0848968 2.7067884 1.5481602 0.18202334 -0.24031396 35
636 1.6754021 4.3986053 1.9029408 1.5758778 0.21124399 -0.2319403 323
637 9.09181 7.7123138 1.0990933 1.6020812 0.24031065 -0.22348291 113
638 4.5082179 3.0260223 0.29524569 1.626745 0.26920214 -0.21494485 405
639 11.924626 6.3397308 2.4913981 1.6498457 0.29789739 -0.2063292 199
640 7.3410336 1.6534393 1.6875505 1.6713611 0.32637548 -0.19763906 495
641 2.7574415 4.9671478 0.88370296 1.6912703 0.35461566 -0.18887758 293
642 10.173849 0.28085633 0.07985538 1.7095544 0.38259735 -0.18004792 93
643 5.5902572 3.5945648 2.2760078 1.7261958 0.41030013 -0.17115326 395
644 1.0066651 6.9082733 1.4721602 1.7411784 0.43770383 -0.16219681 199
645 8.4230729 2.2219818 0.66831265 1.7544878 0.46478846 -0.15318182 5
646 3.8394808 5.5356903 2.8644651 1.7661114 0.49153428 -0.14411152 313
647 11.255889 0.84939883 2.0606175 1.7760378 0.51792179 -0.13498921 123
648 6.6722965 4.1631073 1.2567699 1.7842576 0.54393176 -0.12581816 435
649 2.0887044 7.4768158 0.45292234 1.7907629 0.56954523 -0.1166017 249
650 9.5051123 2.7905243 2.6490748 1.7955473 0.59474352 -0.10734314 65
651 4.9215201 6.1042328 1.8452272 1.7986064 0.61950828 -0.098045837 383
652 0.33792798 1.4179413 1.0413796 1.7999372 0.64382144 -0.088713138 203
653 7.7543358 4.7316498 0.23753203 1.7995384 0.66766528 -0.079348414 25
654 3.1707437 0.04535832 2.4336845 1.7974103 0.69102242 -0.069955047 349
655 10.587152 3.3590668 1.6298369 1.7935551 0.71387584 -0.060536426 175
656 6.0035594 6.6727753 0.8259893 1.7879764 0.73620888 -0.051095953 3
657 1.4199673 1.9864838 0.02214172 1.7806797 0.75800525 -0.041637034 333
658 8.8363752 5.3001923 2.2182941 1.7716718 0.77924907 -0.032163085 165
659 4.252783 0.61390081 1.4144466 1.7609614 0.79992485 -0.022677525 499
660 11.669191 3.9276093 0.61059899 1.748559 0.82001752 -0.013183779 335
661 7.0855988 7.2413178 2.8067514 1.7344763 0.83951243 -0.0036852738 173
662 2.5020066 2.5550263 2.0029038 1.7187268 0.85839538 0.0058145618 13
663 9.9184145 5.8687348 1.1990563 1.7013259 0.8766526 0.015312298 355
664 5.3348224 1.1824433 0.39520868 1.6822901 0.89427077 0.024804507 199
665 0.75123022 4.4961518 2.5913611 1.6616377 0.91123706 0.034287762 45
666 8.1676381 7.8098603 1.7875135 1.6393886 0.9275391 0.04375864 393
667 3.584046 3.1235688 0.98366595 1.6155642 0.943165 0.05321372 243
668 11.000454 6.4372773 0.17981837 1.5901874 0.95810338 0.062649592 95
669 6.4168617 1.7509858 2.3759708 1.5632825 0.97234334 0.072062847 449
670 1.8332696 5.0646943 1.5721232 1.5348755 0.98587451 0.081450089 305
671 9.2496774 0.3784028 0.76827564 1.5049935 0.99868702 0.090807928 163
672 4.6660853 3.6921113 2.9644281 1.4736653 1.0107715 0.10013299 23
673 0.082493145 7.0058198 2.1605805 1.4409211 1.0221192 0.1094219 385
674 7.498901 2.3195283 1.3567329 1.4067923 1.0327219 0.11867131 249
675 2.9153089 5.6332368 0.55288533 1.3713116 1.0425717 0.12787788 115
676 10.331717 0.9469453 2.7490378 1.3345132 1.0516615 0.13703829 483
677 5.7481246 4.2606538 1.9451902 1.2964324 1.0599847 0.14614923 353
678 1.1645325 7.5743623 1.1413426 1.2571059 1.0675352 0.15520741 225
679 8.5809403 2.8880708 0.33749502 1.2165714 1.0743076 0.16420957 99
680 3.9973482 6.2017793 2.5336474 1.1748679 1.0802968 0.17315244 475
681 11.413756 1.5154878 1.7297999 1.1320354 1.0854985 0.18203281 353
682 6.8301639 4.8291963 0.92595229 1.0881151 1.089909 0.19084747 233
683 2.2465718 0.14290479 0.12210471 1.0431492 1.0935249 0.19959324 115
684 9.6629797 3.4566133 2.3182571 0.99718092 1.0963438 0.20826695 499
685 5.0793875 6.7703218 1.5144096 0.95025443 1.0983634 0.21686548 385
686 0.49579539 2.0840303 0.71056198 0.90241482 1.0995824 0.22538573 273
687 7.9122033 5.3977388 2.9067144 0.85370805 1.0999998 0.23382461 163
688 3.3286111 0.71144728 2.1028668 0.80418094 1.0996154 0.24217908 55
689 10.745019 4.0251558 1.2990192 0.75388108 1.0984294 0.25044613 449
690 6.1614269 7.3388643 0.49517167 0.70285679 1.0964427 0.25862278 345
691 1.5778347 2.6525728 2.6913241 0.65115711 1.0936568 0.26670606 243
692 8.9942426 5.9662813 1.8874765 0.59883172 1.0900736 0.27469306 143
693 4.4106504 1.2799898 1.0836289 0.54593089 1.0856958 0.28258091 45
694 11.827058 4.5936983 0.27978136 0.49250547 1.0805266 0.29036674 449
695 7.2434662 7.9074068 2.4759338 0.43860679 1.0745697 0.29804776 355
696 2.659874 3.2211153 1.6720862 0.38428664 1.0678295 0.30562118 263
697 10.076282 6.5348238 0.86823863 0.32959723 1.0603109 0.31308428 173
698 5.4926898 1.8485323 0.064391052 0.27459109 1.0520194 0.32043436 85
699 0.90909764 5.1622408 2.2605435 0.2193211 1.042961 0.32766876 499
700 8.3255055 0.47594927 1.4566959 0.16384035 1.0331424 0.33478488 415
701 3.7419134 3.7896578 0.65284832 0.10820216 1.0225706 0.34178015 333
702 11.158321 7.1033663 2.8490007 0.052460006 1.0112534 0.34865203 253
703 6.5747291 2.4170748 2.0451532 -0.0033325629 0.99919909 0.35539806 175
704 1.991137 5.7307833 1.2413056 -0.059121929 0.98641638 0.36201579 99
705 9.4075448 1.0444918 0.43745801 -0.11485448 0.97291461 0.36850284 25
706 4.8239527 4.3582003 2.6336104 -0.17047667 0.95870363 0.37485687 453
707 0.24036056 7.6719088 1.8297629 -0.22593505 0.9437938 0.38107557 383
708 7.6567684 2.9856173 1.0259153 -0.28117631 0.92819599 0.38715671 315
709 3.0731763 6.2993258 0.2220677 -0.33614739 0.91192156 0.39309809 249
710 10.489584 1.6130343 2.4182201 -0.39079546 0.89498239 0.39889757 185
711 5.905992 4.9267428 1.6143725 -0.445068 0.87739081 0.40455304 123
712 1.3223999 0.24045126 0.81052497 -0.49891287 0.85915965 0.41006248 63
713 8.7388077 3.5541598 0.0066773922 -0.55227832 0.8403022 0.41542389 5
714 4.1552156 6.8678683 2.2028298 -0.60511307 0.82083221 0.42063534 449
715 11.571623 2.1815768 1.3989822 -0.65736635 0.80076386 0.42569494 395
716 6.9880313 5.4952853 0.59513466 -0.70898796 0.7801118 0.43060088 343
717 2.4044392 0.80899375 2.7912871 -0.75992828 0.75889107 0.43535137 293
718 9.8208471 4.1227023 1.9874395 -0.81013838 0.73711714 0.4399447 245
719 5.2372549 7.4364108 1.1835919 -0.85956999 0.71480589 0.44437921 199
720 0.6536628 2.7501193 0.37974435 -0.90817562 0.69197357 0.44865332 155
721 8.0700707 6.0638278 2.5758968 -0.95590856 0.66863684 0.45276546 113
722 3.4864785 1.3775362 1.7720492 -1.0027229 0.6448127 0.45671416 73
723 10.902886 4.6912447 0.96820162 -1.0485738 0.62051852 0.46049799 35
724 6.3192943 0.004953247 0.16435404 -1.093417 0.59577201 0.46411558 499
725 1.7357021 3.3186617 2.3605065 -1.1372096 0.5705912 0.46756563 465
726 9.15211 6.6323702 1.5566589 -1.1799094 0.54499446 0.4708469 433
727 4.5685179 1.9460787 0.75281131 -1.2214754 0.51900045 0.4739582 403
728 11.984926 5.2597872 2.9489637 -1.2618676 0.49262811 0.4768984 375
729 7.4013336 0.57349574 2.1451162 -1.3010473 0.46589666 0.47966645 349
730 2.8177415 3.8872042 1.3412686 -1.3389768 0.43882559 0.48226135 325
731 10.234149 7.2009127 0.537421 -1.3756196 0.41143464 0.48468215 303
732 5.6505572 2.5146212 2.7335734 -1.4109406 0.38374378 0.48692799 283
733 1.066965 5.8283297 1.9297258 -1.4449057 0.35577318 0.48899805 265
734 8.4833729 1.1420382 1.1258783 -1.4774825 0.32754323 0.49089159 249
735 3.8997808 4.4557467 0.32203069 -1.5086394 0.29907453 0.49260792 235
736 11.316189 7.7694552 2.5181831 -1.5383467 0.27038781 0.49414643 223
737 6.7325965 3.0831637 1.7143355 -1.5665757 0.24150399 0.49550655 213
738 2.1490044 6.3968722 0.91048796 -1.5932994 0.21244412 0.49668781 205
739 9.5654122 1.7105807 0.10664038 -1.6184921 0.18322939 0.49768976 199
740 4.9818201 5.0242892 2.3027928 -1.6421295 0.1538811 0.49851205 195
741 0.39822797 0.33799773 1.4989452 -1.6641889 0.12442063 0.49915439 193
742 7.8146358 3.6517062 0.69509765 -1.6846492 0.094869468 0.49961654 193
743 3.2310437 6.9654147 2.8912501 -1.7034907 0.065249149 0.49989833 195
744 10.647452 2.2791232 2.0874025 -1.7206952 0.035581265 0.49999966 199
745 6.0638594 5.5928317 1.2835549 -1.7362463 0.0058874451 0.4999205 205
746 1.4802673 0.90654022 0.47970734 -1.750129 -0.023810667 0.49966087 213
747 8.8966752 4.2202487 2.6758598 -1.76233 -0.053491422 0.49922087 223
748 4.313083 7.5339572 1.8720122 -1.7728374 -0.083133184 0.49860066 235
749 11.729491 2.8476657 1.0681646 -1.7816414 -0.11271435 0.49780045 249
750 7.1458988 6.1613742 0.26431703 -1.7887333 -0.14221334 0.49682055 265
751 2.5623066 1.4750827 2.4604695 -1.7941063 -0.17160868 0.4956613 283
752 9.9787145 4.7887912 1.6566219 -1.7977554 -0.20087891 0.49432312 303
753 5.3951223 0.10249972 0.8527743 -1.799677 -0.23000271 0.4928065 325
754 0.81153021 3.4162082 0.048926723 -1.7998692 -0.25895886 0.49111198 349
755 8.2279381 6.7299167 2.2450791 -1.7983319 -0.28772623 0.48924017 375
756 3.6443459 2.0436252 1.4412316 -1.7950665 -0.31628386 0.48719175 403
757 11.060754 5.3573337 0.63738399 -1.7900762 -0.34461094 0.48496746 433
758 6.4771617 0.67104221 2.8335364 -1.7833658 -0.37268681 0.48256811 465
759 1.8935695 3.9847507 2.0296888 -1.7749417 -0.40049101 0.47999455 499
760 9.3099774 7.2984592 1.2258413 -1.764812 -0.42800326 0.47724772 35
761 4.7263853 2.6121677 0.42199368 -1.7529865 -0.45520353 0.4743286 73
762 0.14279313 5.9258762 2.6181461 -1.7394765 -0.48207196 0.47123826 113
763 7.559201 1.2395847 1.8142985 -1.7242949 -0.50858899 0.46797781 155
764 2.9756089 4.5532932 1.010451 -1.7074565 -0.53473529 0.46454842 199
765 10.392017 7.8670017 0.20660337 -1.6889773 -0.56049178 0.46095134 245
766 5.8084246 3.1807102 2.4027558 -1.6688752 -0.5858397 0.45718786 293
767 1.2248325 6.4944187 1.5989082 -1.6471694 -0.61076056 0.45325933 343
768 8.6412403 1.8081272 0.79506064 -1.6238808 -0.63523621 0.44916719 395
769 4.0576482 5.1218357 2.9912131 -1.5990317 -0.65924881 0.4449129 449
770 11.474056 0.4355442 2.1873655 -1.5726462 -0.68278083 0.440498 5
771 6.8904639 3.7492527 1.3835179 -1.5447494 -0.70581514 0.43592409 63
772 2.3068718 7.0629612 0.57967033 -1.5153682 -0.72833495 0.43119282 123
773 9.7232796 2.3766697 2.7758228 -1.4845309 -0.75032383 0.42630588 185
774 5.1396875 5.6903782 1.9719752 -1.4522671 -0.77176575 0.42126506 249
775 0.55609538 1.0040867 1.1681276 -1.4186077 -0.7926451 0.41607216 315
776 7.9725032 4.3177952 0.36428002 -1.3835852 -0.81294664 0.41072907 383
777 3.3889111 7.6315037 2.5604324 -1.3472332 -0.83265557 0.40523771 453
778 10.805319 2.9452122 1.7565849 -1.3095866 -0.85175754 0.39960006 25
779 6.2217268 6.2589207 0.95273729 -1.2706815 -0.87023862 0.39381816 99
780 1.6381347 1.5726292 0.14888971 -1.2305555 -0.88808533 0.3878941 175
781 9.0545426 4.8863377 2.3450421 -1.1892469 -0.90528466 0.38183001 253
782 4.4709504 0.20004619 1.5411946 -1.1467956 -0.92182409 0.37562808 333
783 11.887358 3.5137547 0.73734698 -1.1032423 -0.93769154 0.36929056 415
784 7.3037662 6.8274632 2.9334994 -1.0586289 -0.95287546 0.36281972 499
785 2.720174 2.1411717 2.1296518 -1.0129982 -0.96736477 0.35621792 85
786 10.136582 5.4548802 1.3258043 -0.96639413 -0.98114892 0.34948752 173
787 5.5529898 0.76858868 0.52195667 -0.9188614 -0.99421785 0.34263096 263
788 0.96939762 4.0822972 2.7181091 -0.87044572 -1.006562 0.33565071 355
789 8.3858055 7.3960057 1.9142615 -0.8211936 -1.0181725 0.3285493 449
790 3.8022134 2.7097142 1.1104139 -0.77115239 -1.0290408 0.32132929 45
791 11.218621 6.0234227 0.30656636 -0.72037015 -1.0391589 0.31399328 143
792 6.6350291 1.3371312 2.5027188 -0.6688957 -1.0485195 0.30654392 243
793 2.0514369 4.6508397 1.6988712 -0.61677848 -1.0571158 0.2989839 345
794 9.4678448 7.9645482 0.89502363 -0.56406859 -1.0649415 0.29131595 449
795 4.8842527 3.2782567 0.091176054 -0.51081668 -1.0719909 0.28354284 55
796 0.30066054 6.5919652 2.2873285 -0.45707391 -1.0782589 0.27566737 163
797 7.7170684 1.9056737 1.4834809 -0.40289192 -1.0837409 0.2676924 273
798 3.1334763 5.2193822 0.67963332 -0.34832279 -1.0884329 0.25962078 385
799 10.549884 0.53309067 2.8757857 -0.29341895 -1.0923314 0.25145545 499
800 5.966292 3.8467992 2.0719382 -0.23823315 -1.0954337 0.24319934 115
801 1.3826999 7.1605077 1.2680906 -0.18281843 -1.0977375 0.23485545 233
802 8.7991077 2.4742162 0.46424301 -0.12722803 -1.0992411 0.22642677 353
803 4.2155156 5.7879247 2.6603954 -0.071515383 -1.0999434 0.21791635 475
804 11.631923 1.1016332 1.8565479 -0.015734011 -1.0998438 0.20932727 99
805 7.0483313 4.4153417 1.0527003 0.04006248 -1.0989425 0.20066262 225
806 2.4647392 7.7290502 0.2488527 0.095820474 -1.0972402 0.19192554 353
807 9.8811471 3.0427587 2.4450051 0.15148639 -1.094738 0.18311917 483
808 5.2975549 6.3564672 1.6411575 0.20700674 -1.0914378 0.1742467 115
809 0.71396279 1.6701757 0.83730997 0.26232818 -1.087342 0.16531133 249
810 8.1303707 4.9838842 0.033462395 0.31739753 -1.0824535 0.15631629 385
811 3.5467785 0.29759266 2.2296148 0.3721619 -1.076776 0.14726481 23
812 10.963186 3.6113012 1.4257672 0.42656864 -1.0703136 0.13816017 163
813 6.3795942 6.9250097 0.62191966 0.48056548 -1.063071 0.12900566 305
814 1.7960021 2.2387182 2.8180721 0.53410054 -1.0550534 0.11980458 449
815 9.21241 5.5524267 2.0142245 0.58712237 -1.0462668 0.11056025 95
816 4.6288178 0.86613515 1.2103769 0.63958002 -1.0367174 0.10127601 243
817 0.045225705 4.1798437 0.40652935 0.69142308 -1.0264124 0.091955214 393
818 7.4616336 7.4935521 2.6026818 0.74260173 -1.0153591 0.08260122 45
819 2.8780414 2.8072606 1.7988342 0.79306681 -1.0035657 0.073217408 199
820 10.294449 6.1209691 0.99498662 0.8427698 -0.99104071 0.063807165 355
821 5.7108572 1.4346776 0.19113904 0.89166296 -0.97779331 0.054373888 13
822 1.127265 4.7483861 2.3872915 0.93969931 -0.96383315 0.044920983 173
823 8.5436729 0.062094644 1.5834439 0.98683267 -0.94917039 0.035451862 335
824 3.9600808 3.3758031 0.77959631 1.0330178 -0.93381573 0.025969943 499
825 11.376489 6.6895116 2.9757487 1.0782102 -0.91778036 0.016478649 165
826 6.7928965 2.0032201 2.1719012 1.1223666 -0.90107596 0.0069814071 333
827 2.2093044 5.3169286 1.3680536 1.1654444 -0.88371473 -0.0025183554 3
828 9.6257122 0.63063714 0.564206 1.2074024 -0.8657093 -0.012017209 175
829 5.0421201 3.9443456 2.7603584 1.2482001 -0.84707281 -0.021511724 349
830 0.45852795 7.2580541 1.9565108 1.2877984 -0.82781884 -0.030998474 25
831 7.8749358 2.5717626 1.1526633 1.3261593 -0.80796143 -0.040474034 203
832 3.2913437 5.8854711 0.34881569 1.3632457 -0.78751505 -0.049934983 383
833 10.707752 1.1991796 2.5449681 1.3990223 -0.76649461 -0.059377906 65
834 6.1241594 4.5128881 1.7411205 1.4334544 -0.74491543 -0.068799394 249
835 1.5405673 7.8265966 0.93727296 1.4665092 -0.72279323 -0.078196046 435
836 8.9569751 3.1403051 0.13342539 1.4981547 -0.70014416 -0.087564471 123
837 4.373383 6.4540136 2.3295778 1.5283606 -0.6769847 -0.096901285 313
838 11.789791 1.7677221 1.5257302 1.5570979 -0.65333176 -0.10620312 5
839 7.2061987 5.0814306 0.72188265 1.5843389 -0.62920257 -0.11546662 199
840 2.6226066 0.39513913 2.9180351 1.6100575 -0.60461471 -0.12468843 395
841 10.039014 3.7088476 2.1141875 1.634229 -0.57958612 -0.13386523 93
842 5.4554223 7.0225561 1.3103399 1.6568301 -0.55413503 -0.14299371 293
843 0.8718302 2.3362646 0.50649234 1.6778391 -0.52828001 -0.15207057 495
844 8.2882381 5.6499731 2.7026448 1.6972358 -0.50203989 -0.16109254 199
845 3.7046459 0.96368162 1.8987972 1.7150016 -0.47543381 -0.17005635 405
846 11.121054 4.2773901 1.0949496 1.7311195 -0.44848116 -0.17895877 113
847 6.5374617 7.5910986 0.29110204 1.7455738 -0.42120158 -0.18779659 323
848 1.9538695 2.9048071 2.4872545 1.7583508 -0.39361497 -0.19656662 35
849 9.3702774 6.2185156 1.6834069 1.7694382 -0.36574143 -0.20526569 249
850 4.7866853 1.5322241 0.8795593 1.7788252 -0.33760128 -0.21389066 465
851 0.20309312 4.8459326 0.075711726 1.786503 -0.30921503 -0.22243842 183
852 7.619501 0.15964111 2.2718641 1.7924641 -0.28060338 -0.23090588 403
853 3.0359088 3.4733496 1.4680166 1.7967027 -0.25178718 -0.23928998 125
854 10.452317 6.7870581 0.66416899 1.7992148 -0.22278745 -0.24758771 349
855 5.8687246 2.1007666 2.8603214 1.7999981 -0.1936253 -0.25579606 75
856 1.2851324 5.4144751 2.0564738 1.7990517 -0.16432202 -0.26391207 303
857 8.7015403 0.72818361 1.2526263 1.7963765 -0.13489895 -0.27193281 33
858 4.1179482 4.0418921 0.44877869 1.7919751 -0.10537754 -0.27985538 265
859 11.534356 7.3556006 2.6449311 1.7858518 -0.075779324 -0.28767693 499
860 6.9507639 2.6693091 1.8410835 1.7780125 -0.046125864 -0.29539464 235
861 2.3671718 5.9830176 1.037236 1.7684646 -0.01643878 -0.3030057 473
862 9.7835796 1.2967261 0.23338838 1.7572173 0.013260287 -0.31050739 213
863 5.1999875 4.6104346 2.4295408 1.7442815 0.042949687 -0.31789699 455
864 0.61639536 7.9241431 1.6256932 1.7296696 0.07260778 -0.32517182 199
865 8.0328032 3.2378516 0.82184564 1.7133956 0.10221294 -0.33232928 445
866 3.4492111 6.5515601 0.017998067 1.6954751 0.1317436 -0.33936677 193
867 10.865619 1.8652686 2.2141505 1.6759254 0.16117822 -0.34628175 443
868 6.2820268 5.1789771 1.4103029 1.6547653 0.19049535 -0.35307172 195
869 1.6984347 0.4926856 0.60645533 1.6320151 0.21967362 -0.35973425 449
870 9.1148426 3.8063941 2.8026078 1.6076967 0.24869175 -0.36626691 205
871 4.5312504 7.1201026 1.9987602 1.5818333 0.2775286 -0.37266735 463
872 11.947658 2.4338111 1.1949126 1.55445 0.30616314 -0.37893326 223
873 7.3640661 5.7475196 0.39106503 1.525573 0.3345745 -0.38506239 485
874 2.780474 1.0612281 2.5872174 1.4952299 0.36274198 -0.39105251 249
875 10.196882 4.3749366 1.7833699 1.4634501 0.39064503 -0.39690146 15
876 5.6132897 7.6886451 0.97952229 1.4302641 0.41826331 -0.40260714 283
877 1.0296976 3.0023536 0.17567472 1.3957036 0.4455767 -0.40816748 53
878 8.4461055 6.3160621 2.3718271 1.359802 0.47256529 -0.41358047 325
879 3.8625133 1.6297706 1.5679796 1.3225937 0.4992094 -0.41884417 99
880 11.278921 4.9434791 0.76413198 1.2841146 0.5254896 -0.42395667 375
881 6.6953291 0.25718758 2.9602844 1.2444014 0.55138675 -0.42891613 153
882 2.1117369 3.5708961 2.1564368 1.2034925 0.57688196 -0.43372075 433
883 9.5281448 6.8846046 1.3525893 1.1614272 0.60195665 -0.4383688 215
884 4.9445527 2.1983131 0.54874168 1.1182458 0.62659254 -0.44285861 499
885 0.36096053 5.5120216 2.7448941 1.0739898 0.65077167 -0.44718855 285
886 7.7773684 0.82573008 1.9410465 1.0287019 0.67447642 -0.45135706 73
887 3.1937763 4.1394386 1.1371989 0.98242539 0.6976895 -0.45536264 363
888 10.610184 7.4531471 0.33335137 0.93520488 0.720394 -0.45920383 155
889 6.026592 2.7668556 2.5295038 0.88708571 0.74257336 -0.46287926 449
890 1.4429999 6.0805641 1.7256562 0.83811413 0.76421142 -0.46638759 245
891 8.8594077 1.3942726 0.92180863 0.78833717 0.78529241 -0.46972756 43
892 4.2758156 4.7079811 0.11796106 0.73780269 0.80580095 -0.47289796 343
893 11.692223 0.021689571 2.3141135 0.68655923 0.8257221 -0.47589766 145
894 7.1086313 3.3353981 1.5102659 0.63465605 0.84504133 -0.47872556 449
895 2.5250392 6.6491066 0.70641833 0.58214301 0.86374456 -0.48138064 255
896 9.941447 1.9628151 2.9025707 0.52907057 0.88181817 -0.48386195 63
897 5.3578549 5.2765236 2.0987232 0.47548974 0.89924896 -0.4861686 373
898 0.77426277 0.59023207 1.2948756 0.421452 0.91602425 -0.48829974 185
899 8.1906706 3.9039406 0.49102802 0.36700927 0.93213179 -0.49025461 499
900 3.6070785 7.2176491 2.6871804 0.31221388 0.94755985 -0.4920325 315
901 11.023486 2.5313576 1.8833329 0.25711847 0.96229718 -0.49363278 133
902 6.4398942 5.8450661 1.0794853 0.201776 0.97633304 -0.49505486 453
903 1.8563021 1.1587746 0.27563771 0.14623963 0.9896572 -0.49629823 275
904 9.27271 4.4724831 2.4717901 0.090562737 1.0022599 -0.49736244 99
905 4.6891178 7.7861916 1.6679426 0.03479882 1.0141321 -0.49824711 425
906 0.10552569 3.0999001 0.86409498 -0.020998536 1.025265 -0.49895192 253
907 7.5219336 6.4136086 0.060247398 -0.076775713 1.0356505 -0.49947661 83
908 2.9383414 1.7273171 2.2563998 -0.13247912 1.045281 -0.49982099 415
909 10.354749 5.0410256 1.4525522 -0.18805522 1.0541496 -0.49998495 249
910 5.7711572 0.35473405 0.64870467 -0.24345061 1.0622498 -0.49996841 85
911 1.187565 3.6684426 2.8448571 -0.29861206 1.0695756 -0.4997714 423
912 8.6039729 6.9821511 2.0410095 -0.35348658 1.0761218 -0.49939397 263
913 4.0203807 2.2958596 1.2371619 -0.40802142 1.0818835 -0.49883626 105
914 11.436789 5.609568 0.43331436 -0.46216418 1.0868566 -0.49809848 449
915 6.8531965 0.92327655 2.6294668 -0.51586284 1.0910374 -0.4971809 295
916 2.2696043 4.236985 1.8256192 -0.56906579 1.0944229 -0.49608383 143
917 9.6860122 7.5506935 1.0217716 -0.62172192 1.0970106 -0.49480769 493
918 5.1024201 2.864402 0.21792405 -0.67378061 1.0987986 -0.49335292 345
919 0.51882794 6.1781105 2.4140765 -0.72519186 1.0997857 -0.49172006 199
920 7.9352358 1.491819 1.6102289 -0.77590625 1.099971 -0.4899097 55
921 3.3516437 4.8055275 0.80638132 -0.82587506 1.0993545 -0.48792248 413
922 10.768052 0.11923604 0.0025337386 -0.87505027 1.0979367 -0.48575913 273
923 6.1844594 3.4329445 2.1986862 -0.92338461 1.0957185 -0.48342042 135
924 1.6008673 6.746653 1.3948386 -0.97083166 1.0927016 -0.4809072 499
925 9.0172751 2.0603615 0.59099101 -1.0173458 1.0888881 -0.47822039 365
926 4.433683 5.37407 2.7871434 -1.0628824 1.0842809 -0.47536093 233
927 11.850091 0.68777854 1.9832959 -1.1073976 1.0788833 -0.47232988 103
928 7.2664987 4.001487 1.1794483 -1.1508487 1.0726992 -0.46912833 475
929 2.6829066 7.3151955 0.3756007 -1.1931939 1.0657332 -0.46575742 349
930 10.099314 2.628904 2.5717531 -1.2343925 1.0579903 -0.46221838 225
931 5.5157223 5.9426125 1.7679055 -1.274405 1.0494762 -0.45851248 103
932 0.93213018 1.256321 0.96405797 -1.3131929 1.0401971 -0.45464107 483
933 8.348538 4.5700295 0.16021039 -1.3507189 1.0301597 -0.45060554 365
934 3.7649459 7.883738 2.3563628 -1.386947 1.0193713 -0.44640734 249
935 11.181354 3.1974465 1.5525152 -1.4218423 1.0078399 -0.44204799 135
936 6.5977616 6.511155 0.74866766 -1.4553713 0.99557385 -0.43752907 23
937 2.0141695 1.8248635 2.9448201 -1.4875019 0.98258204 -0.43285221 413
938 9.4305774 5.138572 2.1409725 -1.518203 0.96887397 -0.42801909 305
939 4.8469852 0.45228052 1.3371249 -1.5474453 0.95445963 -0.42303146 199
940 0.2633931 3.765989 0.53327735 -1.5752006 0.93934953 -0.41789112 95
941 7.679801 7.0796975 2.7294298 -1.6014423 0.9235547 -0.41259992 493
942 3.0962088 2.393406 1.9255822 -1.6261451 0.90708663 -0.40715979 393
943 10.512617 5.7071145 1.1217346 -1.6492853 0.88995733 -0.40157267 295
944 5.9290246 1.020823 0.31788704 -1.6708407 0.8721793 -0.39584059 199
945 1.3454324 4.3345315 2.5140395 -1.6907905 0.85376548 -0.38996561 105
946 8.7618403 7.64824 1.7101919 -1.7091156 0.83472931 -0.38394986 13
947 4.1782482 2.9619485 0.90634431 -1.7257984 0.81508466 -0.37779551 423
948 11.594656 6.275657 0.10249673 -1.7408228 0.79484584 -0.37150478 335
949 7.0110639 1.5893655 2.2986492 -1.7541744 0.77402762 -0.36507994 249
950 2.4274718 4.903074 1.4948016 -1.7658404 0.75264517 -0.35852331 165
951 9.8438796 0.21678251 0.690954 -1.7758095 0.73071407 -0.35183726 83
952 5.2602875 3.530491 2.8871064 -1.7840723 0.70825031 -0.3450242 3
953 0.67669535 6.8441995 2.0832588 -1.7906206 0.68527027 -0.33808659 425
954 8.0931032 2.157908 1.2794113 -1.7954484 0.6617907 -0.33102693 349
955 3.5095111 5.4716165 0.47556369 -1.7985508 0.63782872 -0.32384778 275
956 10.925919 0.78532501 2.6717161 -1.799925 0.61340178 -0.31655171 203
957 6.3423268 4.0990335 1.8678685 -1.7995696 0.5885277 -0.30914138 133
958 1.7587347 7.412742 1.064021 -1.7974849 0.56322461 -0.30161945 65
959 9.1751425 2.7264505 0.26017338 -1.793673 0.53751096 -0.29398864 499
960 4.5915504 6.040159 2.4563258 -1.7881375 0.51140548 -0.28625171 435
961 0.007958265 1.3538675 1.6524782 -1.7808837 0.48492721 -0.27841144 373
962 7.4243661 4.667576 0.84863065 -1.7719187 0.45809545 -0.27047066 313
963 2.840774 7.9812845 0.04478307 -1.761251 0.43092976 -0.26243225 255
964 10.257182 3.294993 2.2409355 -1.7488908 0.40344994 -0.25429911 199
965 5.6735897 6.6087015 1.4370879 -1.7348501 0.37567603 -0.24607416 145
966 1.0899976 1.92241 0.63324034 -1.7191424 0.34762826 -0.23776039 93
967 8.5064055 5.2361185 2.8293928 -1.7017826 0.31932709 -0.22936078 43
968 3.9228133 0.54982699 2.0255452 -1.6827876 0.29079314 -0.22087838 495
969 11.339221 3.8635355 1.2216976 -1.6621756 0.26204721 -0.21231624 449
970 6.7556291 7.177244 0.41785003 -1.6399663 0.23311027 -0.20367746 405
971 2.1720369 2.4909525 2.6140025 -1.6161812 0.2040034 -0.19496516 363
972 9.5884448 5.804661 1.8101549 -1.590843 0.17474782 -0.18618247 323
973 5.0048526 1.1183695 1.0063073 -1.5639762 0.14536485 -0.17733258 285
974 0.42126051 4.432078 0.20245972 -1.5356065 0.11587592 -0.16841867 249
975 7.8376684 7.7457865 2.3986121 -1.5057612 0.086302526 -0.15944396 215
976 3.2540762 3.059495 1.5947646 -1.474469 0.056666218 -0.1504117 183
977 10.670484 6.3732035 0.79091699 -1.4417599 0.026988603 -0.14132513 153
978 6.086892 1.686912 2.9870694 -1.4076654 -0.0027086862 -0.13218756 125
979 1.5032998 5.0006205 2.1832218 -1.3722183 -0.032404 -0.12300226 99
980 8.9197077 0.31432898 1.3793743 -1.3354525 -0.062075694 -0.11377256 75
981 4.3361156 3.6280375 0.57552668 -1.2974035 -0.091702136 -0.10450179 53
982 11.752523 6.941746 2.7716791 -1.2581078 -0.12126173 -0.095193294 33
983 7.1689313 2.2554545 1.9678315 -1.2176031 -0.15073293 -0.085850436 15
984 2.5853392 5.569163 1.1639839 -1.1759284 -0.18009426 -0.076476586 499
985 10.001747 0.88287148 0.36013637 -1.1331238 -0.2093243 -0.06707513 485
986 5.4181549 4.19658 2.5562888 -1.0892303 -0.23840176 -0.05764946 473
987 0.83456276 7.5102885 1.7524412 -1.0442901 -0.26730543 -0.048202979 463
988 8.2509706 2.823997 0.94859364 -0.99834642 -0.29601424 -0.038739098 455
989 3.6673785 6.1377055 0.14474606 -0.95144343 -0.32450728 -0.029261232 449
990 11.083786 1.451414 2.3408985 -0.90362618 -0.35276376 -0.019772804 445
991 6.5001942 4.7651225 1.5370509 -0.85494061 -0.3807631 -0.010277237 443
992 1.9166021 0.078830968 0.73320333 -0.8054335 -0.40848487 -0.00077796046 443
993 9.3330099 3.3925395 2.9293558 -0.75515244 -0.43590888 0.0087215969 445
994 4.7494178 6.706248 2.1255082 -0.70414574 -0.46301513 0.018218006 449
995 0.16582568 2.0199565 1.3216606 -0.6524624 -0.48978386 0.027707838 455
996 7.5822335 5.333665 0.51781302 -0.6001521 -0.51619557 0.037187668 463
997 2.9986414 0.64737346 2.7139654 -0.5472651 -0.54223098 0.046654074 473
998 10.415049 3.961082 1.9101179 -0.49385222 -0.56787114 0.056103639 485
999 5.8314571 7.2747905 1.1062703 -0.43996478 -0.59309734 0.06553295 499
1000 1.247865 2.588499 0.30242271 -0.38565457 -0.6178912 0.074938605 15
1001 8.6642729 5.9022075 2.4985751 -0.33097378 -0.64223465 0.084317208 33
1002 4.0806807 1.215916 1.6947276 -0.27597495 -0.66610993 0.093665373 53
1003 11.497089 4.5296245 0.89087998 -0.22071093 -0.68949965 0.10297973 75
1004 6.9134965 7.843333 0.087032401 -0.16523482 -0.71238676 0.1122569 99
1005 2.3299043 3.1570415 2.2831848 -0.10959993 -0.73475457 0.12149356 125
1006 9.7463122 6.47075 1.4793372 -0.053859724 -0.75658677 0.13068636 153
1007 5.1627201 1.7844585 0.67548967 0.001932235 -0.77786746 0.13983198 183
1008 0.57912792 5.098167 2.8716421 0.057722338 -0.79858111 0.14892712 215
1009 7.9955358 0.41187545 2.0677945 0.11345697 -0.81871264 0.1579685 249
1010 3.4119437 3.7255839 1.2639469 0.16908259 -0.83824735 0.16695286 285
1011 10.828352 7.0392924 0.46009936 0.22454572 -0.85717103 0.17587695 323
1012 6.2447594 2.3530009 2.6562518 0.27979309 -0.87546986 0.18473755 363
1013 1.6611672 5.6667094 1.8524042 0.3347716 -0.89313052 0.19353146 405
1014 9.0775751 0.98041795 1.0485566 0.38942841 -0.91014012 0.2022555 449
1015 4.493983 4.2941264 0.24470905 0.44371102 -0.92648627 0.21090654 495
1016 11.910391 7.6078349 2.4408615 0.49756725 -0.94215705 0.21948144 43
1017 7.3267987 2.9215434 1.6370139 0.55094536 -0.95714105 0.22797711 93
1018 2.7432066 6.2352519 0.83316632 0.60379406 -0.97142733 0.23639049 145
1019 10.159614 1.5489604 0.029318741 0.65606255 -0.98500548 0.24471852 199
1020 5.5760223 4.8626689 2.2254712 0.70770062 -0.99786561 0.25295822 255
1021 0.99243017 0.17637744 1.4216236 0.75865864 -1.0099983 0.26110661 313
1022 8.408838 3.4900859 0.61777601 0.80888765 -1.0213948 0.26916073 373
1023 3.8252459 6.8037944 2.8139284 0.85833938 -1.0320467 0.27711769 435
1024 11.241654 2.1175029 2.0100809 0.90696632 -1.0419464 0.28497462 499
1025 6.6580616 5.4312114 1.2062333 0.95472172 -1.0510864 0.29272867 65
1026 2.0744695 0.74491993 0.4023857 1.0015597 -1.0594603 0.30037705 133
1027 9.4908774 4.0586284 2.5985381 1.0474353 -1.0670619 0.307917 203
1028 4.9072852 7.3723369 1.7946905 1.0923044 -1.0738857 0.3153458 275
1029 0.32369309 2.6860454 0.99084297 1.1361238 -1.0799266 0.32266075 349
1030 7.740101 5.9997539 0.18699539 1.1788515 -1.0851803 0.32985923 425
1031 3.1565088 1.3134624 2.3831478 1.2204465 -1.089643 0.33693864 3
1032 10.572917 4.6271709 1.5793002 1.2608686 -1.0933113 0.34389641 83
1033 5.9893245 7.9408794 0.77545266 1.3000792 -1.0961827 0.35073004 165
1034 1.4057324 3.2545879 2.9716051 1.3380405 -1.098255 0.35743706 249
1035 8.8221403 6.5682964 2.1677575 1.3747161 -1.0995268 0.36401505 335
1036 4.2385481 1.8820049 1.3639099 1.4100706 -1.099997 0.37046164 423
1037 11.654956 5.1957134 0.56006235 1.4440702 -1.0996654 0.37677449 13
1038 7.0713639 0.50942192 2.7562148 1.4766822 -1.0985322 0.38295133 105
1039 2.4877717 3.8231304 1.9523672 1.5078751 -1.0965982 0.38898993 199
1040 9.9041796 7.1368389 1.1485196 1.5376191 -1.0938648 0.39488811 295
1041 5.3205875 2.4505474 0.34467204 1.5658856 -1.090334 0.40064373 393
1042 0.73699533 5.7642559 2.5408245 1.5926474 -1.0860085 0.40625473 493
1043 8.1534032 1.0779644 1.7369769 1.6178788 -1.0808913 0.41171908 95
1044 3.5698111 4.3916729 0.93312931 1.6415555 -1.0749861 0.4170348 199
1045 10.986219 7.7053814 0.12928173 1.6636548 -1.0682974 0.42219997 305
1046 6.4026268 3.0190899 2.3254342 1.6841555 -1.0608299 0.42721274 413
1047 1.8190347 6.3327984 1.5215866 1.7030378 -1.0525891 0.43207129 23
1048 9.2354425 1.6465069 0.717739 1.7202836 -1.043581 0.43677386 135
1049 4.6518504 4.9602154 2.9138914 1.7358764 -1.0338122 0.44131876 249
1050 0.06825825 0.27392391 2.1100438 1.7498011 -1.0232898 0.44570435 365
1051 7.4846661 3.5876324 1.3061963 1.7620444 -1.0120214 0.44992905 483
1052 2.901074 6.9013409 0.50234869 1.7725946 -1.0000154 0.45399133 103
1053 10.317482 2.2150494 2.6985011 1.7814413 -0.98728034 0.45788972 225
1054 5.7338897 5.5287579 1.8946535 1.7885763 -0.97382563 0.46162282 349
1055 1.1502976 0.8424664 1.090806 1.7939926 -0.95966104 0.46518927 475
1056 8.5667054 4.1561749 0.28695838 1.797685 -0.9447969 0.4685878 103
1057 3.9831133 7.4698834 2.4831108 1.7996499 -0.92924405 0.47181718 233
1058 11.399521 2.7835919 1.6792632 1.7998855 -0.91301382 0.47487623 365
1059 6.815929 6.0973004 0.87541565 1.7983916 -0.89611804 0.47776386 499
1060 2.2323369 1.4110089 0.071568073 1.7951696 -0.87856903 0.48047902 135
1061 9.6487448 4.7247174 2.2677205 1.7902225 -0.86037959 0.48302073 273
1062 5.0651526 0.038425896 1.4638729 1.7835552 -0.84156296 0.48538808 413
1063 0.4815605 3.3521344 0.66002534 1.775174 -0.82213287 0.4875802 55
1064 7.8979684 6.6658429 2.8561778 1.765087 -0.80210349 0.48959632 199
1065 3.3143762 1.9795514 2.0523302 1.7533039 -0.7814894 0.4914357 345
1066 10.730784 5.2932599 1.2484826 1.739836 -0.76030565 0.49309767 493
1067 6.147192 0.60696839 0.44463503 1.7246963 -0.73856767 0.49458164 143
1068 1.5635998 3.9206769 2.6407875 1.7078992 -0.7162913 0.49588708 295
1069 8.9800077 7.2343854 1.8369399 1.689461 -0.69349279 0.4970135 449
1070 4.3964156 2.5480939 1.0330923 1.6693994 -0.67018875 0.49796051 105
1071 11.812823 5.8618024 0.22924472 1.6477336 -0.64639618 0.49872775 263
1072 7.2292313 1.1755109 2.4253971 1.6244844 -0.62213241 0.49931497 423
1073 2.6456391 4.4892194 1.6215496 1.5996742 -0.59741513 0.49972193 85
1074 10.062047 7.8029279 0.81770199 1.5733269 -0.57226236 0.4999485 249
1075 5.4784549 3.1166364 0.013854413 1.5454677 -0.54669244 0.4999946 415
1076 0.89486274 6.4303449 2.2100068 1.5161235 -0.52072401 0.4998602 83
1077 8.3112706 1.7440534 1.4061593 1.4853224 -0.49437599 0.49954536 253
1078 3.7276785 5.0577619 0.60231168 1.453094 -0.4676676 0.49905019 425
1079 11.144086 0.37147038 2.7984641 1.4194693 -0.44061829 0.49837487 99
1080 6.5604942 3.6851789 1.9946165 1.3844805 -0.41324779 0.49751963 275
1081 1.9769021 6.9988874 1.1907689 1.3481614 -0.38557606 0.4964848 453
1082 9.3933099 2.3125959 0.38692137 1.3105469 -0.35762325 0.49527075 133
1083 4.8097178 5.6263044 2.5830738 1.271673 -0.32940976 0.4938779 315
1084 0.22612566 0.94001287 1.7792262 1.2315771 -0.30095613 0.49230678 499
1085 7.6425335 4.2537214 0.97537864 1.1902977 -0.27228313 0.49055793 185
1086 3.0589414 7.5674299 0.17153106 1.1478746 -0.24341164 0.488632 373
1087 10.475349 2.8811384 2.3676835 1.1043485 -0.21436272 0.48652968 63
1088 5.8917571 6.1948469 1.5638359 1.0597611 -0.18515754 0.48425172 255
1089 1.308165 1.5085554 0.75998833 1.0141554 -0.15581738 0.48179896 449
1090 8.7245729 4.8222639 2.9561408 0.96757523 -0.12636364 0.47917227 145
1091 4.1409807 0.13597237 2.1522932 0.92006525 -0.096817787 0.47637261 343
1092 11.557389 3.4496809 1.3484456 0.87167116 -0.067201358 0.47340098 43
1093 6.9737964 6.7633894 0.54459802 0.82243946 -0.037535942 0.47025846 245
1094 2.3902043 2.0770979 2.7407504 0.77241746 -0.0078431636 0.46694618 449
1095 9.8066122 5.3908064 1.9369029 0.72165323 0.021855332 0.46346533 155
1096 5.22302 0.70451486 1.1330553 0.67019555 0.051537896 0.45981718 363
1097 0.63942791 4.0182234 0.32920771 0.61809385 0.081182891 0.45600305 73
1098 8.0558358 7.3319319 2.5253601 0.56539822 0.11076871 0.4520243 285
1099 3.4722436 2.6456404 1.7215126 0.51215928 0.14027378 0.44788237 499
1100 10.888652 5.9593489 0.91766498 0.4584282 0.16967659 0.44357876 215
1101 6.3050594 1.2730574 0.1138174 0.4042566 0.19895573 0.43911503 433
1102 1.7214672 4.5867659 2.3099698 0.34969655 0.22808983 0.43449278 153
1103 9.1378751 7.9004744 1.5061222 0.29480046 0.25705766 0.42971369 375
1104 4.554283 3.2141829 0.70227467 0.23962109 0.28583811 0.42477947 99
1105 11.970691 6.5278914 2.8984271 0.18421146 0.3144102 0.41969191 325
1106 7.3870987 1.8415998 2.0945795 0.12862482 0.34275309 0.41445284 53
1107 2.8035066 5.1553083 1.2907319 0.072914585 0.37084613 0.40906417 283
1108 10.219914 0.46901685 0.48688436 0.017134282 0.39866885 0.40352782 15
1109 5.6363223 3.7827253 2.6830368 -0.038662485 0.42620095 0.39784581 249
1110 1.0527302 7.0964338 1.8791892 -0.094422102 0.45342237 0.39202018 485
1111 8.469138 2.4101423 1.0753416 -0.15009099 0.48031326 0.38605303 223
1112 3.8855459 5.7238508 0.27149405 -0.20561564 0.50685403 0.37994653 463
1113 11.301954 1.0375593 2.4676465 -0.26094272 0.53302532 0.37370286 205
1114 6.7183616 4.3512678 1.6637989 -0.31601905 0.55880807 0.3673243 449
1115 2.1347695 7.6649763 0.85995132 -0.37079171 0.58418346 0.36081313 195
1116 9.5511773 2.9786848 0.056103744 -0.42520807 0.60913301 0.35417171 443
1117 4.9675852 6.2923933 2.2522562 -0.47921584 0.63363853 0.34740244 193
1118 0.38399307 1.6061018 1.4484086 -0.53276311 0.65768216 0.34050777 445
1119 7.8004009 4.9198103 0.64456101 -0.58579845 0.68124636 0.33349017 199
1120 3.2168088 0.23351884 2.8407134 -0.63827087 0.70431397 0.32635219 455
1121 10.633217 3.5472273 2.0368659 -0.69012997 0.72686816 0.3190964 213
1122 6.0496245 6.8609358 1.2330183 -0.7413259 0.7488925 0.31172541 473
1123 1.4660324 2.1746443 0.4291707 -0.79180948 0.77037093 0.3042419 235
1124 8.8824403 5.4883528 2.6253231 -0.84153219 0.79128779 0.29664856 499
1125 4.2988481 0.80206133 1.8214755 -0.89044625 0.81162784 0.28894813 265
1126 11.715256 4.1157698 1.017628 -0.93850466 0.83137625 0.2811434 33
1127 7.1316639 7.4294783 0.21378039 -0.98566124 0.85051862 0.27323718 303
1128 2.5480717 2.7431868 2.4099328 -1.0318707 0.869041 0.26523232 75
1129 9.9644796 6.0568953 1.6060852 -1.0770886 0.88692989 0.25713171 349
1130 5.3808875 1.3706038 0.80223766 -1.1212715 0.90417224 0.24893828 125
1131 0.79729532 4.6843123 2.9983901 -1.1643769 0.9207555 0.24065499 403
1132 8.2137032 7.9980208 2.1945425 -1.2063634 0.93666756 0.23228483 183
1133 3.630111 3.3117293 1.3906949 -1.2471908 0.95189684 0.22383081 465
1134 11.046519 6.6254378 0.58684735 -1.2868197 0.96643222 0.21529599 249
1135 6.4629268 1.9391463 2.7829998 -1.325212 0.98026312 0.20668345 35
1136 1.8793346 5.2528548 1.9791522 -1.3623309 0.99337945 0.1979963 323
1137 9.2957425 0.56656332 1.1753046 -1.3981407 1.0057716 0.18923768 113
1138 4.7121504 3.8802718 0.37145704 -1.4326071 1.0174307 0.18041075 405
1139 0.12855824 7.1939803 2.5676095 -1.4656968 1.0283481 0.17151869 199
1140 7.5449661 2.5076888 1.7637619 -1.497378 1.0385158 0.16256471 495
1141 2.961374 5.8213973 0.95991431 -1.5276204 1.0479265 0.15355205 293
1142 10.377782 1.1351058 0.15606673 -1.5563949 1.0565734 0.14448395 93
1143 5.7941897 4.4488143 2.3522192 -1.5836738 1.06445 0.1353637 395
1144 1.2105976 7.7625228 1.5483716 -1.6094309 1.0715507 0.12619459 199
1145 8.6270054 3.0762313 0.744524 -1.6336415 1.0778703 0.11697992 5
1146 4.0434133 6.3899398 2.9406764 -1.6562823 1.0834042 0.10772302 313
1147 11.459821 1.7036483 2.1368288 -1.6773315 1.0881483 0.098427236 123
1148 6.876229 5.0173568 1.3329813 -1.6967689 1.0920992 0.08909592 435
1149 2.2926369 0.33106531 0.52913369 -1.7145759 1.095254 0.079732441 249
1150 9.7090448 3.6447738 2.7252861 -1.7307353 1.0976104 0.07034018 65
1151 5.1254526 6.9584823 1.9214385 -1.7452315 1.0991667 0.060922527 383
1152 0.54186048 2.2721908 1.117591 -1.7580508 1.0999218 0.051482881 203
1153 7.9582683 5.5858993 0.31374338 -1.7691807 1.099875 0.042024651 25
1154 3.3746762 0.8996078 2.5098958 -1.7786105 1.0990265 0.03255125 349
1155 10.791084 4.2133163 1.7060482 -1.7863313 1.0973769 0.023066098 175
1156 6.2074919 7.5270248 0.90220065 -1.7923355 1.0949273 0.01357262 3
1157 1.6238998 2.8407333 0.098353075 -1.7966174 1.0916796 0.0040742425 333
1158 9.0403077 6.1544418 2.2945055 -1.7991729 1.0876361 -0.005425606 165
1159 4.4567155 1.4681503 1.4906579 -1.7999996 1.0827998 -0.014923496 499
1160 11.873123 4.7818588 0.68681034 -1.7990966 1.0771741 -0.024415998 335
1161 7.2895313 0.095567293 2.8829628 -1.7964647 1.0707632 -0.033899687 173
1162 2.7059391 3.4092758 2.0791152 -1.7921067 1.0635718 -0.043371138 13
1163 10.122347 6.7229843 1.2752676 -1.7860265 1.0556051 -0.052826933 355
1164 5.5387549 2.0366928 0.47142003 -1.7782301 1.0468689 -0.062263658 199
1165 0.95516273 5.3504013 2.6675725 -1.768725 1.0373696 -0.071677906 45
1166 8.3715706 0.66410979 1.8637249 -1.7575203 1.0271141 -0.08106628 393
1167 3.7879785 3.9778183 1.0598773 -1.7446267 1.0161098 -0.090425389 243
1168 11.204386 7.2915268 0.25602973 -1.7300567 1.0043649 -0.099751856 95
1169 6.6207942 2.6052353 2.4521821 -1.7138242 0.99188781 -0.10904231 449
1170 2.0372021 5.9189438 1.6483346 -1.6959448 0.97868769 -0.11829341 305
1171 9.4536099 1.2326523 0.84448699 -1.6764358 0.96477415 -0.1275018 163
1172 4.8700178 4.5463608 0.040639416 -1.6553159 0.95015734 -0.13666416 23
1173 0.28642565 7.8600693 2.2367918 -1.6326053 0.9348479 -0.14577719 385
1174 7.7028335 3.1737778 1.4329443 -1.608326 0.918857 -0.1548376 249
1175 3.1192414 6.4874863 0.62909668 -1.5825011 0.90219629 -0.16384211 115
1176 10.535649 1.8011948 2.8252491 -1.5551556 0.88487793 -0.17278748 483
1177 5.9520571 5.1149033 2.0214015 -1.5263157 0.86691452 -0.18167047 353
1178 1.368465 0.42861177 1.217554 -1.4960091 0.84831918 -0.19048788 225
1179 8.7848728 3.7423203 0.41370638 -1.464265 0.82910544 -0.19923653 99
1180 4.2012807 7.0560288 2.6098588 -1.4311138 0.80928733 -0.20791326 475
1181 11.617689 2.3697373 1.8060112 -1.3965875 0.78887928 -0.21651493 353
1182 7.0340964 5.6834458 1.0021636 -1.3607191 0.76789617 -0.22503844 233
1183 2.4505043 0.99715427 0.19831607 -1.3235432 0.7463533 -0.23348071 115
1184 9.8669122 4.3108628 2.3944685 -1.2850955 0.72426637 -0.2418387 499
1185 5.28332 7.6245713 1.5906209 -1.2454128 0.70165149 -0.25010939 385
1186 0.69972789 2.9382798 0.78677333 -1.2045335 0.67852513 -0.2582898 273
1187 8.1161358 6.2519883 2.9829258 -1.1624967 0.65490415 -0.26637696 163
1188 3.5325436 1.5656968 2.1790782 -1.1193428 0.63080578 -0.27436796 55
1189 10.948951 4.8794053 1.3752306 -1.0751133 0.60624758 -0.28225992 449
1190 6.3653594 0.19311376 0.57138302 -1.0298507 0.58124746 -0.29004999 345
1191 1.7817672 3.5068223 2.7675354 -0.98359846 0.55582363 -0.29773535 243
1192 9.1981751 6.8205308 1.9636879 -0.93640109 0.52999462 -0.30531323 143
1193 4.6145829 2.1342393 1.1598403 -0.88830391 0.50377928 -0.3127809 45
1194 0.03099081 5.4479478 0.35599272 -0.83935314 0.4771967 -0.32013566 449
1195 7.4473987 0.76165626 2.5521451 -0.78959582 0.45026627 -0.32737485 355
1196 2.8638065 4.0753648 1.7482976 -0.73907975 0.42300761 -0.33449586 263
1197 10.280214 7.3890733 0.94444998 -0.68785349 0.3954406 -0.34149613 173
1198 5.6966223 2.7027818 0.14060241 -0.63596625 0.36758534 -0.34837312 85
1199 1.1130301 6.0164903 2.3367548 -0.5834679 0.33946211 -0.35512435 499
1200 8.529438 1.3301988 1.5329073 -0.53040888 0.31109144 -0.36174738 415
200 1200 297500
1 9.0964079 5.0737085 2.4961524 0.75200321 0.89077043 0.0094994284 46
2 4.5128157 0.387417 1.6923048 0.80233078 0.87302236 0.018995428 66
3 11.929224 3.7011255 0.88845727 0.85188738 0.85463789 0.02848457 88
4 7.3456315 7.014834 0.084609691 0.90062537 0.83563043 0.037963429 112
5 2.7620393 2.3285425 2.2807621 0.94849794 0.81601383 0.047428584 138
6 10.178447 5.642251 1.4769145 0.99545907 0.79580239 0.056876618 166
7 5.5948551 0.95595949 0.67306696 1.0414636 0.77501085 0.06630412 196
8 1.0112629 4.269668 2.8692194 1.0864675 0.75365436 0.075707687 228
9 8.4276708 7.5833765 2.0653718 1.1304272 0.73174849 0.085083925 262
10 3.8440787 2.897085 1.2615242 1.1733008 0.7093092 0.094429447 298
11 11.260487 6.2107935 0.45767665 1.2150469 0.68635286 0.10374088 336
12 6.6768944 1.524502 2.6538291 1.2556254 0.6628962 0.11301487 376
13 2.0933022 4.8382105 1.8499815 1.2949974 0.63895632 0.12224806 418
14 9.5097101 0.15191899 1.0461339 1.3331249 0.61455067 0.13143711 462
15 4.926118 3.4656275 0.24228634 1.3699715 0.58969704 0.14057873 8
16 0.34252584 6.779336 2.4384388 1.4055016 0.56441354 0.14966959 56
17 7.7589337 2.0930445 1.6345912 1.4396811 0.53871861 0.15870642 106
18 3.1753416 5.406753 0.83074361 1.4724772 0.51263098 0.16768597 158
19 10.591749 0.72046148 0.026896031 1.5038584 0.48616967 0.17660498 212
20 6.0081573 4.03417 2.2230485 1.5337944 0.45935395 0.18546023 268
21 1.4245652 7.3478785 1.4192009 1.5622567 0.43220339 0.19424854 326
22 8.840973 2.661587 0.6153533 1.5892177 0.40473778 0.20296673 386
23 4.2573809 5.9752955 2.8115057 1.6146515 0.37697712 0.21161165 448
24 11.673789 1.289004 2.0076581 1.6385339 0.34894167 0.22018018 12
25 7.0901966 4.6027125 1.2038106 1.6608417 0.32065185 0.22866922 78
26 2.5066045 7.916421 0.39996299 1.6815536 0.2921283 0.23707572 146
27 9.9230124 3.2301295 2.5961154 1.7006496 0.26339179 0.24539664 216
28 5.3394202 6.543838 1.7922678 1.7181115 0.23446328 0.25362897 288
29 0.75582809 1.8575465 0.98842026 1.7339224 0.20536386 0.26176975 362
30 8.172236 5.171255 0.18457268 1.7480671 0.17611474 0.26981602 438
31 3.5886438 0.48496347 2.3807251 1.760532 0.14673724 0.2777649 16
32 11.005052 3.798672 1.5768775 1.7713053 0.11725278 0.28561351 96
33 6.4214595 7.1123805 0.77302995 1.7803764 0.087682838 0.29335901 178
34 1.8378674 2.426089 2.9691824 1.7877367 0.058048983 0.30099862 262
35 9.2542753 5.7397975 2.1653348 1.7933792 0.028372812 0.30852957 348
36 4.6706831 1.053506 1.3614872 1.7972983 -0.0013240402 0.31594914 436
37 0.087091005 4.3672145 0.55763964 1.7994904 -0.031019928 0.32325466 26
38 7.5034989 7.680923 2.7537921 1.7999533 -0.060693203 0.33044348 118
39 2.9199067 2.9946315 1.9499445 1.7986866 -0.090322236 0.33751302 212
40 10.336315 6.30834 1.1460969 1.7956915 -0.11988543 0.34446072 308
41 5.7527225 1.6220485 0.34224933 1.7909709 -0.14936123 0.35128408 406
42 1.1691303 4.935757 2.5384018 1.7845292 -0.17872815 0.35798062 6
43 8.5855382 0.24946546 1.7345542 1.7763728 -0.20796479 0.36454794 108
44 4.0019461 3.563174 0.9307066 1.7665095 -0.23704983 0.37098366 212
45 11.418354 6.8768825 0.12685902 1.7549486 -0.26596207 0.37728546 318
46 6.8347618 2.190591 2.3230114 1.7417014 -0.29468044 0.38345106 426
47 2.2511697 5.5042995 1.5191639 1.7267806 -0.323184 0.38947824 36
48 9.6675775 0.81800795 0.71531629 1.7102004 -0.35145197 0.39536483 148
49 5.0839854 4.1317164 2.9114687 1.6919769 -0.37946375 0.40110869 262
50 0.50039325 7.4454249 2.1076211 1.6721275 -0.40719891 0.40670775 378
51 7.9168011 2.7591334 1.3037736 1.6506713 -0.43463725 0.41216 496
52 3.333209 6.0728419 0.49992598 1.627629 -0.46175876 0.41746346 116
53 10.749617 1.3865504 2.6960784 1.6030226 -0.48854366 0.42261623 238
54 6.1660247 4.7002589 1.8922308 1.5768758 -0.51497244 0.42761643 362
55 1.5824326 0.013967443 1.0883832 1.5492138 -0.54102582 0.43246227 488
56 8.9988404 3.3276759 0.28453567 1.5200632 -0.56668482 0.43715199 116
57 4.4152483 6.6413844 2.4806881 1.4894518 -0.59193073 0.44168391 246
58 11.831656 1.9550929 1.6768405 1.4574092 -0.61674516 0.44605638 378
59 7.248064 5.2688014 0.87299294 1.4239662 -0.64111 0.45026784 12
60 2.6644719 0.58250994 0.069145363 1.3891548 -0.6650075 0.45431675 148
61 10.08088 3.8962184 2.2652978 1.3530085 -0.68842024 0.45820166 286
62 5.4972876 7.2099269 1.4614502 1.3155622 -0.71133115 0.46192116 426
63 0.9136955 2.5236354 0.65760263 1.2768516 -0.73372353 0.46547391 68
64 8.3301034 5.8373439 2.8537551 1.2369141 -0.75558106 0.46885863 212
65 3.7465112 1.1510524 2.0499075 1.1957881 -0.77688781 0.4720741 358
66 11.162919 4.4647609 1.2460599 1.1535129 -0.79762824 0.47511916 6
67 6.579327 7.7784694 0.44221232 1.1101294 -0.81778723 0.4779927 156
68 1.9957348 3.0921779 2.6383647 1.065679 -0.83735009 0.48069369 308
69 9.4121427 6.4058864 1.8345172 1.0202047 -0.85630257 0.48322116 462
70 4.8285506 1.7195949 1.0306696 0.97375 -0.87463083 0.48557419 118
71 0.24495842 5.0333034 0.22682201 0.92635961 -0.89232153 0.48775193 276
72 7.6613663 0.34701193 2.4229744 0.87807905 -0.90936176 0.4897536 436
73 3.0777741 3.6607204 1.6191269 0.82895474 -0.92573911 0.49157848 98
74 10.494182 6.9744289 0.81527928 0.77903386 -0.94144164 0.49322589 262
75 5.9105899 2.2881374 0.011431703 0.72836439 -0.9564579 0.49469526 428
76 1.3269977 5.6018459 2.2075841 0.67699501 -0.97077694 0.49598605 96
77 8.7434056 0.91555442 1.4037365 0.6249751 -0.98438833 0.4970978 266
78 4.1598135 4.2292629 0.59988897 0.57235464 -0.99728215 0.4980301 438
79 11.576221 7.5429714 2.7960414 0.51918418 -1.009449 0.49878261 112
80 6.9926292 2.8566799 1.9921938 0.46551483 -1.02088 0.49935507 288
81 2.4090371 6.1703884 1.1883462 0.41139815 -1.0315668 0.49974727 466
82 9.8254449 1.4840969 0.38449866 0.35688616 -1.0415017 0.49995906 146
83 5.2418528 4.7978054 2.5806511 0.30203122 -1.0506773 0.49999038 328
84 0.65826066 0.11151391 1.7768035 0.24688606 -1.059087 0.4998412 12
85 8.0746685 3.4252224 0.97295593 0.19150365 -1.0667248 0.49951159 198
86 3.4910764 6.7389309 0.16910835 0.13593723 -1.0735849 0.49900166 386
87 10.907484 2.0526394 2.3652608 0.080240177 -1.0796624 0.49831159 76
88 6.3238921 5.3663479 1.5614132 0.024466023 -1.0849529 0.49744164 268
89 1.7403 0.68005641 0.75756562 -0.031331641 -1.0894525 0.49639212 462
90 9.1567079 3.9937649 2.953718 -0.087099198 -1.093158 0.4951634 158
91 4.5731157 7.3074734 2.1498705 -0.14278306 -1.0960666 0.49375594 356
92 11.989524 2.6211819 1.3460229 -0.19832972 -1.0981762 0.49217024 56
93 7.4059314 5.9348904 0.54217531 -0.2536858 -1.0994853 0.49040686 258
94 2.8223393 1.2485989 2.7383277 -0.3087981 -1.0999929 0.48846646 462
95 10.238747 4.5623074 1.9344802 -0.36361368 -1.0996987 0.48634973 168
96 5.655155 7.8760159 1.1306326 -0.41807984 -1.0986028 0.48405742 376
97 1.0715629 3.1897244 0.326785 -0.47214427 -1.0967061 0.48159038 86
98 8.4879708 6.5034329 2.5229374 -0.525755 -1.09401 0.47894949 298
99 3.9043786 1.8171414 1.7190898 -0.57886053 -1.0905163 0.47613571 12
100 11.320787 5.1308499 0.91524227 -0.63140981 -1.0862277 0.47315004 228
101 6.7371944 0.44455839 0.11139469 -0.68335236 -1.0811474 0.46999358 446
102 2.1536022 3.7582669 2.3075471 -0.73463825 -1.0752789 0.46666745 166
103 9.5700101 7.0719754 1.5036995 -0.78521822 -1.0686265 0.46317286 388
104 4.986418 2.3856839 0.69985196 -0.83504365 -1.0611952 0.45951106 112
105 0.40282582 5.6993924 2.8960044 -0.88406667 -1.0529904 0.45568339 338
106 7.8192337 1.0131009 2.0921568 -0.93224017 -1.0440179 0.45169123 66
107 3.2356416 4.3268094 1.2883092 -0.97951786 -1.0342844 0.447536 296
108 10.652049 7.6405179 0.48446165 -1.0258543 -1.023797 0.44321922 28
109 6.0684573 2.9542264 2.6806141 -1.071205 -1.0125632 0.43874245 262
110 1.4848652 6.2679349 1.8767665 -1.1155263 -1.0005914 0.43410729 498
111 8.901273 1.5816434 1.0729189 -1.1587757 -0.98789013 0.42931543 236
112 4.3176809 4.8953519 0.26907134 -1.2009116 -0.97446876 0.42436858 476
113 11.734089 0.20906038 2.4652238 -1.2418935 -0.96033704 0.41926855 218
114 7.1504966 3.5227689 1.6613762 -1.2816821 -0.94550528 0.41401716 462
115 2.5669045 6.8364774 0.85752861 -1.3202391 -0.92998429 0.40861632 208
116 9.9833123 2.1501859 0.053681034 -1.3575274 -0.91378538 0.40306797 456
117 5.3997202 5.4638944 2.2498335 -1.3935112 -0.89692036 0.39737412 206
118 0.81612807 0.77760288 1.4459859 -1.428156 -0.87940152 0.39153682 458
119 8.2325359 4.0913114 0.6421383 -1.4614284 -0.86124164 0.38555818 212
120 3.6489438 7.4050199 2.8382907 -1.4932965 -0.84245396 0.37944035 468
121 11.065352 2.7187284 2.0344431 -1.5237297 -0.82305216 0.37318556 226
122 6.4817595 6.0324369 1.2305956 -1.5526987 -0.80305039 0.36679605 486
123 1.8981674 1.3461454 0.42674799 -1.5801756 -0.78246324 0.36027412 248
124 9.3145753 4.6598539 2.6229004 -1.6061341 -0.7613057 0.35362215 12
125 4.7309831 7.9735624 1.8190528 -1.6305493 -0.73959321 0.34684252 278
126 0.14739099 3.2872709 1.0152053 -1.6533976 -0.71734158 0.33993768 46
127 7.5637989 6.6009794 0.21135768 -1.6746571 -0.69456705 0.33291013 316
128 2.9802067 1.9146879 2.4075101 -1.6943075 -0.6712862 0.3257624 88
129 10.396615 5.2283964 1.6036625 -1.7123297 -0.64751602 0.31849708 362
130 5.8130225 0.54210486 0.79981495 -1.7287065 -0.62327383 0.31111678 138
131 1.2294303 3.8558134 2.9959674 -1.7434221 -0.5985773 0.30362417 416
132 8.6458382 7.1695219 2.1921198 -1.7564625 -0.57344443 0.29602196 196
133 4.062246 2.4832304 1.3882722 -1.767815 -0.54789355 0.28831288 478
134 11.478654 5.7969389 0.58442464 -1.7774688 -0.52194327 0.28049973 262
135 6.8950618 1.1106474 2.7805771 -1.7854146 -0.49561253 0.27258532 48
136 2.3114696 4.4243559 1.9767295 -1.7916447 -0.4689205 0.26457251 336
137 9.7278775 7.7380644 1.1728819 -1.7961532 -0.44188665 0.25646419 126
138 5.1442854 3.0517729 0.36903433 -1.7989358 -0.41453069 0.2482633 418
139 0.56069324 6.3654814 2.5651868 -1.7999897 -0.38687255 0.23997278 212
140 7.9771011 1.6791899 1.7613392 -1.7993139 -0.3589324 0.23159563 8
141 3.393509 4.9928984 0.9574916 -1.7969092 -0.3307306 0.22313488 306
142 10.809917 0.30660685 0.15364402 -1.7927777 -0.30228771 0.21459358 106
143 6.2263247 3.6203154 2.3497964 -1.7869235 -0.27362447 0.20597482 408
144 1.6427326 6.9340239 1.5459489 -1.7793523 -0.24476177 0.1972817 212
145 9.0591404 2.2477323 0.74210129 -1.7700712 -0.21572065 0.18851736 18
146 4.4755483 5.5614408 2.9382537 -1.7590892 -0.18652228 0.17968498 326
147 11.891956 0.87514935 2.1344061 -1.7464169 -0.15718794 0.17078772 136
148 7.308364 4.1888578 1.3305586 -1.7320664 -0.12773902 0.16182882 448
149 2.7247719 7.5025663 0.52671098 -1.7160515 -0.098196984 0.15281149 262
150 10.14118 2.8162748 2.7228634 -1.6983876 -0.068583366 0.14373901 78
151 5.5575876 6.1299833 1.9190158 -1.6790917 -0.038919754 0.13461463 396
152 0.97399548 1.4436918 1.1151683 -1.6581823 -0.0092277702 0.12544166 216
153 8.3904033 4.7574003 0.31132067 -1.6356796 0.02047094 0.11622341 38
154 3.8068112 0.07110884 2.5074731 -1.611605 0.050154727 0.1069632 362
155 11.223219 3.3848173 1.7036255 -1.5859819 0.079801954 0.097664379 188
156 6.6396269 6.6985258 0.89977794 -1.5588347 0.10939101 0.088330302 16
157 2.0560348 2.0122343 0.095930365 -1.5301896 0.13890032 0.078964339 346
158 9.4724427 5.3259428 2.2920828 -1.5000741 0.16830838 0.069569871 178
159 4.8888505 0.63965133 1.4882352 -1.4685172 0.19759376 0.060150289 12
160 0.3052584 3.9533598 0.68438763 -1.4355491 0.22673509 0.050708993 348
161 7.7216663 7.2670683 2.8805401 -1.4012016 0.25571115 0.041249392 186
162 3.1380741 2.5807768 2.0766925 -1.3655077 0.2845008 0.0317749 26
163 10.554482 5.8944853 1.2728449 -1.3285016 0.31308306 0.022288938 368
164 5.9708899 1.2081938 0.46899732 -1.2902189 0.34143711 0.01279493 212
165 1.3872977 4.5219023 2.6651497 -1.2506964 0.36954225 0.0032963029 58
166 8.8037056 7.8356108 1.8613022 -1.209972 0.39737802 -0.006203514 406
167 4.2201135 3.1493193 1.0574546 -1.168085 0.42492412 -0.015701092 256
168 11.636521 6.4630278 0.25360702 -1.1250756 0.45216047 -0.025193001 108
169 7.0529292 1.7767363 2.4497594 -1.080985 0.47906721 -0.034675816 462
170 2.4693371 5.0904448 1.6459119 -1.0358557 0.50562473 -0.044146114 318
171 9.8857449 0.40415332 0.84206428 -0.989731 0.53181368 -0.053600475 176
172 5.3021528 3.7178618 0.038216706 -0.94265526 0.55761495 -0.063035488 36
173 0.71856065 7.0315703 2.2343691 -0.8946737 0.58300975 -0.072447745 398
174 8.1349685 2.3452788 1.4305216 -0.84583242 0.60797956 -0.081833849 262
175 3.5513764 5.6589873 0.62667397 -0.79617837 0.63250618 -0.091190412 128
176 10.967784 0.97269582 2.8228264 -0.74575925 0.65657174 -0.10051406 496
177 6.3841921 4.2864043 2.0189788 -0.69462351 0.68015868 -0.10980142 366
178 1.8006 7.6001128 1.2151312 -0.6428203 0.70324981 -0.11904914 238
179 9.2170078 2.9138213 0.41128367 -0.59039938 0.72582831 -0.12825389 112
180 4.6334157 6.2275298 2.6074361 -0.53741114 0.74787771 -0.13741234 488
181 0.049823565 1.5412383 1.8035885 -0.48390648 0.76938194 -0.14652118 366
182 7.4662314 4.8549468 0.99974093 -0.42993683 0.79032532 -0.15557713 246
183 2.8826393 0.16865531 0.19589336 -0.37555404 0.8106926 -0.16457692 128
184 10.299047 3.4823638 2.3920458 -0.32081037 0.83046891 -0.1735173 12
185 5.715455 6.7960723 1.5881982 -0.26575843 0.84963985 -0.18239504 398
186 1.1318629 2.1097808 0.78435062 -0.21045111 0.86819144 -0.19120694 286
187 8.5482708 5.4234893 2.980503 -0.15494157 0.88611016 -0.19994982 176
188 3.9646786 0.7371978 2.1766555 -0.099283142 0.90338294 -0.20862052 68
189 11.381086 4.0509063 1.3728079 -0.043529309 0.91999719 -0.2172159 462
190 6.7974944 7.3646148 0.56896031 0.012266352 0.93594081 -0.22573288 358
191 2.2139022 2.6783233 2.7651127 0.068050226 0.95120217 -0.23416836 256
192 9.6303101 5.9920318 1.9612652 0.12376871 0.96577014 -0.24251932 156
193 5.0467179 1.3057403 1.1574176 0.17936826 0.97963411 -0.25078272 58
194 0.46312581 4.6194488 0.35357001 0.23479545 0.99278397 -0.2589556 462
195 7.8795337 7.9331573 2.5497224 0.28999702 1.0052101 -0.267035 368
196 3.2959415 3.2468658 1.7458749 0.34491993 1.0169035 -0.275018 276
197 10.712349 6.5605743 0.94202727 0.3995114 1.0278557 -0.28290172 186
198 6.1287573 1.8742828 0.1381797 0.45371896 1.0380586 -0.29068332 98
199 1.5451651 5.1879913 2.3343321 0.50749054 1.0475047 -0.29835999 12
200 8.961573 0.50169979 1.5304845 0.56077445 1.0561873 -0.30592895 428
201 4.3779809 3.8154083 0.72663696 0.61351951 1.0641 -0.31338747 346
202 11.794389 7.1291168 2.9227894 0.66567502 1.071237 -0.32073286 266
203 7.2107966 2.4428253 2.1189418 0.71719087 1.0775931 -0.32796247 188
204 2.6272045 5.7565338 1.3150942 0.76801755 1.0831637 -0.33507369 112
205 10.043612 1.0702423 0.51124666 0.81810623 1.0879447 -0.34206396 38
206 5.4600202 4.3839508 2.7073991 0.86740877 1.0919326 -0.34893074 466
207 0.87642806 7.6976593 1.9035515 0.9158778 1.0951246 -0.35567156 396
208 8.2928359 3.0113678 1.0997039 0.96346674 1.0975183 -0.36228399 328
209 3.7092438 6.3250763 0.29585635 1.0101299 1.0991119 -0.36876564 262
210 11.125652 1.6387848 2.4920088 1.0558223 1.0999044 -0.37511416 198
211 6.5420595 4.9524933 1.6881612 1.1005002 1.099895 -0.38132728 136
212 1.9584674 0.26620178 0.88431361 1.1441206 1.0990839 -0.38740274 76
213 9.3748752 3.5799103 0.080466037 1.1866416 1.0974716 -0.39333835 18
214 4.7912831 6.8936188 2.2766185 1.2280223 1.0950593 -0.39913197 462
215 0.20769098 2.2073273 1.4727709 1.268223 1.0918487 -0.40478151 408
216 7.6240988 5.5210358 0.66892331 1.3072051 1.0878423 -0.41028493 356
217 3.0405067 0.83474427 2.8650757 1.344931 1.0830428 -0.41564024 306
218 10.456915 4.1484528 2.0612282 1.3813645 1.0774539 -0.4208455 258
219 5.8733224 7.4621613 1.2573806 1.4164706 1.0710795 -0.42589885 212
220 1.2897303 2.7758698 0.453533 1.4502156 1.0639244 -0.43079845 168
221 8.7061382 6.0895783 2.6496854 1.4825671 1.0559937 -0.43554254 126
222 4.122546 1.4032868 1.8458378 1.5134939 1.0472932 -0.4401294 86
223 11.538954 4.7169953 1.0419903 1.5429664 1.0378293 -0.44455738 48
224 6.9553618 0.030703767 0.23814269 1.5709563 1.0276089 -0.44882488 12
225 2.3717696 3.3444123 2.4342951 1.5974365 1.0166394 -0.45293036 478
226 9.7881775 6.6581208 1.6304475 1.6223817 1.0049288 -0.45687233 446
227 5.2045854 1.9718293 0.82659996 1.645768 0.99248564 -0.46064938 416
228 0.62099322 5.2855378 0.022752378 1.6675728 0.97931902 -0.46426014 388
229 8.0374011 0.59924626 2.2189048 1.6877752 0.96543853 -0.46770331 362
230 3.453809 3.9129548 1.4150572 1.7063557 0.95085427 -0.47097764 338
231 10.870217 7.2266633 0.61120965 1.7232966 0.93557688 -0.47408195 316
232 6.2866247 2.5403718 2.8073621 1.7385816 0.91961749 -0.47701513 296
233 1.7030325 5.8540803 2.0035145 1.7521958 0.90298775 -0.47977611 278
234 9.1194404 1.1677888 1.1996669 1.7641264 0.88569976 -0.48236389 262
235 4.5358483 4.4814973 0.39581934 1.7743618 0.86776614 -0.48477755 248
236 11.952256 7.7952058 2.5919718 1.7828921 0.84919996 -0.4870162 236
237 7.368664 3.1089143 1.7881242 1.7897093 0.83001475 -0.48907905 226
238 2.7850719 6.4226228 0.9842766 1.7948066 0.81022449 -0.49096535 218
239 10.20148 1.7363313 0.18042903 1.7981793 0.78984362 -0.49267441 212
240 5.6178876 5.0500398 2.3765815 1.7998241 0.76888699 -0.49420563 208
241 1.0342955 0.36374825 1.5727339 1.7997393 0.74736987 -0.49555844 206
242 8.4507033 3.6774567 0.7688863 1.7979252 0.72530795 -0.49673236 206
243 3.8671112 6.9911652 2.9650387 1.7943834 0.70271731 -0.49772696 208
244 11.283519 2.3048737 2.1611911 1.7891173 0.67961443 -0.49854189 212
245 6.6999269 5.6185822 1.3573436 1.7821321 0.65601614 -0.49917685 218
246 2.1163348 0.93229074 0.55349599 1.7734343 0.63193963 -0.49963162 226
247 9.5327427 4.2459992 2.7496484 1.7630324 0.60740248 -0.49990602 236
248 4.9491505 7.5597077 1.9458008 1.7509364 0.58242255 -0.49999996 248
249 0.36555838 2.8734162 1.1419533 1.7371578 0.55701806 -0.49991341 262
250 7.7819662 6.1871247 0.33810568 1.72171 0.53120754 -0.49964639 278
251 3.1983741 1.5008332 2.5342581 1.7046078 0.50500978 -0.49919901 296
252 10.614782 4.8145417 1.7304105 1.6858675 0.4784439 -0.49857142 316
253 6.0311898 0.12825024 0.92656295 1.6655073 0.45152925 -0.49776386 338
254 1.4475977 3.4419587 0.12271537 1.6435466 0.42428545 -0.4967766 362
255 8.8640056 6.7556672 2.3188678 1.6200066 0.39673237 -0.49561002 388
256 4.2804134 2.0693757 1.5150202 1.5949099 0.36889009 -0.49426452 416
257 11.696821 5.3830842 0.71117264 1.5682807 0.34077891 -0.4927406 446
258 7.1132292 0.69679273 2.9073251 1.5401444 0.31241931 -0.49103881 478
259 2.529637 4.0105012 2.1034775 1.5105282 0.28383198 -0.48915976 12
260 9.9460449 7.3242097 1.2996299 1.4794604 0.25503774 -0.48710412 48
261 5.3624528 2.6379182 0.49578233 1.4469711 0.22605759 -0.48487265 86
262 0.77886063 5.9516267 2.6919348 1.4130912 0.19691265 -0.48246614 126
263 8.1952685 1.2653352 1.8880872 1.3778536 0.16762418 -0.47988547 168
264 3.6116764 4.5790437 1.0842396 1.3412919 0.13821351 -0.47713157 212
265 11.028084 7.8927522 0.28039202 1.3034413 0.1087021 -0.47420542 258
266 6.4444921 3.2064607 2.4765444 1.2643382 0.079111439 -0.47110809 306
267 1.8609 6.5201692 1.6726969 1.2240202 0.049463113 -0.4678407 356
268 9.2773078 1.8338777 0.86884929 1.182526 0.019778731 -0.46440442 408
269 4.6937157 5.1475862 0.065001709 1.1398955 -0.0099200682 -0.4608005 462
270 0.11012355 0.46129472 2.2611541 1.0961697 -0.039611636 -0.45703023 18
271 7.5265314 3.7750032 1.4573066 1.0513905 -0.06927433 -0.45309498 76
272 2.9429393 7.0887117 0.65345898 1.0056009 -0.098886525 -0.44899617 136
273 10.359347 2.4024202 2.8496114 0.95884514 -0.12842664 -0.44473528 198
274 5.775755 5.7161287 2.0457638 0.91116795 -0.15787313 -0.44031384 262
275 1.1921629 1.0298372 1.2419162 0.8626152 -0.18720454 -0.43573345 328
276 8.6085707 4.3435457 0.43806867 0.81323355 -0.21639949 -0.43099576 396
277 4.0249786 7.6572542 2.6342211 0.76307044 -0.24543669 -0.4261025 466
278 11.441386 2.9709627 1.8303735 0.71217408 -0.27429498 -0.42105541 38
279 6.8577943 6.2846712 1.0265259 0.66059337 -0.30295332 -0.41585633 112
280 2.2742022 1.5983797 0.22267836 0.60837788 -0.33139082 -0.41050712 188
281 9.6906101 4.9120882 2.4188308 0.55557779 -0.35958676 -0.40500973 266
282 5.1070179 0.22579671 1.6149832 0.50224384 -0.38752056 -0.39936614 346
283 0.52342579 3.5395052 0.81113563 0.44842726 -0.41517189 -0.39357837 428
284 7.9398337 6.8532137 0.0072880496 0.39417978 -0.44252057 -0.38764854 12
285 3.3562415 2.1669222 2.2034405 0.33955352 -0.46954667 -0.38157876 98
286 10.772649 5.4806307 1.3995929 0.28460098 -0.4962305 -0.37537124 186
287 6.1890573 0.7943392 0.59574532 0.22937496 -0.52255259 -0.36902821 276
288 1.6054651 4.1080477 2.7918977 0.17392853 -0.54849377 -0.36255197 368
289 9.021873 7.4217562 1.9880502 0.11831497 -0.57403512 -0.35594485 462
290 4.4382808 2.7354647 1.1842026 0.062587711 -0.59915802 -0.34920923 58
291 11.854689 6.0491732 0.38035501 0.0068003132 -0.62384417 -0.34234756 156
292 7.2710966 1.3628817 2.5765074 -0.048993619 -0.64807556 -0.33536231 256
293 2.6875044 4.6765902 1.7726599 -0.10474047 -0.67183453 -0.32825599 358
294 10.103912 7.9902987 0.96881228 -0.16038668 -0.69510376 -0.32103117 462
295 5.5203202 3.3040072 0.1649647 -0.21587876 -0.7178663 -0.31369047 68
296 0.93672804 6.6177157 2.3611171 -0.27116341 -0.74010554 -0.30623652 176
297 8.3531359 1.9314242 1.5572695 -0.32618748 -0.76180527 -0.29867203 286
298 3.7695438 5.2451327 0.75342197 -0.38089812 -0.78294969 -0.29099972 398
299 11.185952 0.55884119 2.9495744 -0.43524274 -0.80352336 -0.28322237 12
300 6.6023595 3.8725497 2.1457268 -0.48916913 -0.82351131 -0.27534277 128
301 2.0187674 7.1862582 1.3418792 -0.54262546 -0.84289895 -0.26736378 246
302 9.4351752 2.4999667 0.53803166 -0.59556037 -0.86167216 -0.25928827 366
303 4.8515831 5.8136752 2.7341841 -0.647923 -0.87981724 -0.25111916 488
304 0.26799096 1.1273837 1.9303365 -0.69966302 -0.89732098 -0.2428594 112
305 7.6843988 4.4410922 1.1264889 -0.75073071 -0.91417061 -0.23451198 238
306 3.1008067 7.7548007 0.32264135 -0.80107702 -0.93035385 -0.22607989 366
307 10.517215 3.0685092 2.5187938 -0.85065355 -0.94585891 -0.21756619 496
308 5.9336224 6.3822177 1.7149462 -0.89941266 -0.96067447 -0.20897396 128
309 1.3500303 1.6959262 0.91109862 -0.94730751 -0.97478975 -0.20030628 262
310 8.7664382 5.0096347 0.10725104 -0.99429207 -0.98819444 -0.1915663 398
311 4.182846 0.32334318 2.3034035 -1.0403212 -1.0008788 -0.18275716 36
312 11.599254 3.6370517 1.4995559 -1.0853507 -1.0128335 -0.17388206 176
313 7.0156617 6.9507602 0.69570831 -1.1293372 -1.02405 -0.16494418 318
314 2.4320696 2.2644687 2.8918607 -1.1722385 -1.0345199 -0.15594676 462
315 9.8484775 5.5781772 2.0880132 -1.2140134 -1.0442358 -0.14689304 108
316 5.2648853 0.89188567 1.2841656 -1.2546217 -1.0531904 -0.1377863 256
317 0.68129321 4.2055942 0.480318 -1.2940244 -1.0613773 -0.12862981 406
318 8.0977011 7.5193027 2.6764704 -1.3321836 -1.0687905 -0.1194269 58
319 3.5141089 2.8330112 1.8726228 -1.3690628 -1.0754246 -0.11018087 212
320 10.930517 6.1467197 1.0687753 -1.4046263 -1.0812748 -0.10089507 368
321 6.3469247 1.4604282 0.26492769 -1.4388401 -1.0863367 -0.091572841 26
322 1.7633325 4.7741367 2.4610801 -1.4716713 -1.0906068 -0.082217559 186
323 9.1797404 0.087845164 1.6572325 -1.5030884 -1.0940819 -0.072832598 348
324 4.5961483 3.4015537 0.85338496 -1.5330611 -1.0967594 -0.063421345 12
325 0.012556125 6.7152622 0.049537381 -1.5615606 -1.0986375 -0.053987198 178
326 7.428964 2.0289707 2.2456898 -1.5885596 -1.0997147 -0.044533562 346
327 2.8453719 5.3426792 1.4418422 -1.6140322 -1.0999902 -0.03506385 16
328 10.26178 0.65638766 0.63799465 -1.6379537 -1.0994639 -0.02558148 188
329 5.6781876 3.9700962 2.8341471 -1.6603013 -1.0981361 -0.016089875 362
330 1.0945955 7.2838047 2.0302995 -1.6810535 -1.0960079 -0.0065924626 38
331 8.5110033 2.5975132 1.2264519 -1.7001903 -1.0930807 0.00290733 216
332 3.9274112 5.9112217 0.42260434 -1.7176934 -1.0893567 0.012406073 396
333 11.343819 1.2249302 2.6187568 -1.7335459 -1.0848386 0.021900338 78
334 6.7602269 4.5386387 1.8149092 -1.7477326 -1.0795297 0.031386697 262
335 2.1766348 7.8523472 1.0110616 -1.7602399 -1.0734339 0.040861725 448
336 9.5930426 3.1660557 0.20721403 -1.7710557 -1.0665556 0.050322003 136
337 5.0094505 6.4797641 2.4033665 -1.7801696 -1.0588998 0.059764115 326
338 0.42585837 1.7934726 1.5995189 -1.787573 -1.0504721 0.069184653 18
339 7.8422662 5.1071811 0.7956713 -1.7932586 -1.0412787 0.078580217 212
340 3.2586741 0.42088965 2.9918237 -1.7972211 -1.0313262 0.087947413 408
341 10.675082 3.7345981 2.1879761 -1.7994565 -1.020622 0.097282862 106
342 6.0914898 7.0483066 1.3841286 -1.7999628 -1.0091737 0.10658319 306
343 1.5078977 2.3620151 0.58028099 -1.7987395 -0.99698982 0.11584505 8
344 8.9243056 5.6757236 2.7764334 -1.7957878 -0.98407917 0.12506508 212
345 4.3407134 0.98943214 1.9725858 -1.7911104 -0.97045117 0.13423997 418
346 11.757121 4.3031406 1.1687383 -1.7847119 -0.95611576 0.1433664 126
347 7.1735292 7.6168491 0.36489068 -1.7765984 -0.94108337 0.15244108 336
348 2.589937 2.9305576 2.5610431 -1.7667778 -0.92536498 0.16146073 48
349 10.006345 6.2442661 1.7571955 -1.7552594 -0.90897204 0.17042209 262
350 5.4227527 1.5579746 0.95334795 -1.7420544 -0.8919165 0.17932193 478
351 0.83916061 4.8716831 0.14950037 -1.7271754 -0.8742108 0.18815703 196
352 8.2555685 0.18539163 2.3456528 -1.7106367 -0.85586783 0.19692422 416
353 3.6719763 3.4991001 1.5418052 -1.6924542 -0.83690097 0.20562032 138
354 11.088384 6.8128086 0.73795764 -1.6726454 -0.81732404 0.21424219 362
355 6.5047921 2.1265171 2.9341101 -1.6512293 -0.79715133 0.22278672 88
356 1.9211999 5.4402256 2.1302625 -1.6282265 -0.77639752 0.23125083 316
357 9.3376078 0.75393413 1.3264149 -1.6036591 -0.75507776 0.23963145 46
358 4.7540157 4.0676426 0.52256733 -1.5775507 -0.73320758 0.24792558 278
359 0.17042353 7.3813511 2.7187198 -1.5499264 -0.71080292 0.2561302 12
360 7.5868314 2.6950596 1.9148722 -1.5208127 -0.68788012 0.26424237 248
361 3.0032393 6.0087681 1.1110246 -1.4902377 -0.66445588 0.27225915 486
362 10.419647 1.3224766 0.30717702 -1.4582306 -0.64054729 0.28017764 226
363 5.836055 4.6361851 2.5033294 -1.4248223 -0.61617177 0.28799499 468
364 1.2524629 7.9498936 1.6994819 -1.3900449 -0.59134708 0.29570839 212
365 8.6688707 3.2636021 0.89563429 -1.3539317 -0.56609133 0.30331503 458
366 4.0852786 6.5773106 0.091786712 -1.3165175 -0.54042292 0.31081218 206
367 11.501686 1.8910191 2.2879391 -1.2778383 -0.51436057 0.31819713 456
368 6.9180943 5.2047276 1.4840916 -1.2379311 -0.48792327 0.32546721 208
369 2.3345022 0.51843612 0.68024398 -1.1968344 -0.46113029 0.3326198 462
370 9.75091 3.8321446 2.8763964 -1.1545876 -0.43400118 0.33965233 218
371 5.1673179 7.1458531 2.0725488 -1.1112313 -0.40655569 0.34656224 476
372 0.58372578 2.4595616 1.2687012 -1.0668073 -0.37881385 0.35334704 236
373 8.0001336 5.7732701 0.46485367 -1.0213581 -0.35079586 0.36000429 498
374 3.4165415 1.0869786 2.6610061 -0.97492744 -0.32252216 0.36653159 262
375 10.832949 4.4006871 1.8571585 -0.92755997 -0.29401336 0.37292657 28
376 6.2493572 7.7143956 1.0533109 -0.8793012 -0.26529024 0.37918692 296
377 1.6657651 3.0281041 0.24946336 -0.83019748 -0.23637373 0.3853104 66
378 9.082173 6.3418126 2.4456158 -0.78029601 -0.20728491 0.39129478 338
379 4.4985808 1.6555211 1.6417682 -0.72964473 -0.17804499 0.39713791 112
380 11.914989 4.9692296 0.83792063 -0.67829232 -0.14867529 0.40283768 388
381 7.3313966 0.2829381 0.034073053 -0.62628812 -0.1191972 0.40839202 166
382 2.7478044 3.5966466 2.2302255 -0.57368211 -0.089632232 0.41379894 446
383 10.164212 6.9103551 1.4263779 -0.52052484 -0.060001921 0.41905649 228
384 5.5806202 2.2240636 0.62253032 -0.46686738 -0.030327873 0.42416276 12
385 0.99702803 5.5377721 2.8186827 -0.41276129 -0.00063171629 0.42911591 298
386 8.4134359 0.8514806 2.0148352 -0.35825858 0.029064901 0.43391415 86
387 3.8298438 4.1651891 1.2109876 -0.3034116 0.058740331 0.43855576 376
388 11.246252 7.4788976 0.40714001 -0.24827308 0.088372941 0.44303905 168
389 6.6626595 2.7926061 2.6032924 -0.19289597 0.11794113 0.44736241 462
390 2.0790674 6.1063146 1.7994449 -0.13733352 0.14742335 0.45152428 258
391 9.4954752 1.4200231 0.99559728 -0.08163909 0.1767981 0.45552315 56
392 4.9118831 4.7337316 0.1917497 -0.025866216 0.20604397 0.45935759 356
393 0.32829095 0.047440091 2.3879021 0.029931515 0.23513965 0.4630262 158
394 7.7446988 3.3611486 1.5840545 0.085700483 0.26406392 0.46652766 462
395 3.1611067 6.6748571 0.78020697 0.1413871 0.2927957 0.46986071 268
396 10.577515 1.9885656 2.9763594 0.19693785 0.32131405 0.47302415 76
397 5.9939224 5.3022741 2.1725118 0.25229937 0.34959817 0.47601683 386
398 1.4103303 0.61598259 1.3686642 0.30741844 0.37762745 0.47883767 198
399 8.8267381 3.9296911 0.56481666 0.36224211 0.40538145 0.48148566 12
400 4.243146 7.2433996 2.7609691 0.41671769 0.43283995 0.48395984 328
401 11.659554 2.5571081 1.9571215 0.47079283 0.45998293 0.48625931 146
402 7.0759617 5.8708166 1.1532739 0.52441558 0.4867906 0.48838325 466
403 2.4923696 1.1845251 0.34942635 0.57753441 0.51324343 0.49033088 288
404 9.9087775 4.4982336 2.5455788 0.63009827 0.53932212 0.49210152 112
405 5.3251853 7.8119421 1.7417312 0.68205666 0.56500767 0.49369451 438
406 0.74159319 3.1256506 0.93788362 0.73335964 0.59028135 0.49510928 266
407 8.1580011 6.4393591 0.13403604 0.78395792 0.61512475 0.49634532 96
408 3.5744089 1.7530676 2.3301885 0.83380287 0.63951974 0.49740219 428
409 10.990817 5.0667761 1.5263409 0.88284661 0.66344856 0.4982795 262
410 6.4072247 0.38048457 0.72249331 0.931042 0.68689375 0.49897694 98
411 1.8236325 3.6941931 2.9186457 0.97834273 0.70983822 0.49949425 436
412 9.2400404 7.0079016 2.1147982 1.0247033 0.73226526 0.49983125 276
413 4.6564482 2.3216101 1.3109506 1.0700793 0.7541585 0.49998781 118
414 0.07285611 5.6353186 0.507103 1.114427 0.775502 0.49996389 462
415 7.489264 0.94902707 2.7032554 1.1577038 0.79628019 0.49975948 308
416 2.9056718 4.2627356 1.8994078 1.1998682 0.81647793 0.49937467 156
417 10.32208 7.5764441 1.0955603 1.2408795 0.83608049 0.49880959 6
418 5.7384876 2.8901526 0.29171269 1.2806985 0.85507359 0.49806444 358
419 1.1548954 6.2038611 2.4878651 1.3192868 0.87344337 0.4971395 212
420 8.5713033 1.5175696 1.6840175 1.3566074 0.89117646 0.49603509 68
421 3.9877112 4.8312781 0.88016996 1.3926244 0.90825991 0.49475163 426
422 11.404119 0.14498656 0.076322384 1.4273032 0.92468129 0.49328956 286
423 6.8205269 3.4586951 2.2724748 1.4606105 0.94042861 0.49164942 148
424 2.2369348 6.7724036 1.4686272 1.4925142 0.9554904 0.4898318 12
425 9.6533426 2.0861121 0.66477965 1.5229837 0.96985568 0.48783735 378
426 5.0697505 5.3998206 2.8609321 1.5519898 0.98351398 0.4856668 246
427 0.48615836 0.71352906 2.0570845 1.5795045 0.99645534 0.48332094 116
428 7.9025662 4.0272376 1.2532369 1.6055015 1.0086703 0.48080059 488
429 3.3189741 7.3409461 0.44938934 1.6299556 1.02015 0.47810669 362
430 10.735382 2.6546546 2.6455418 1.6528436 1.0308861 0.47524019 238
431 6.1517898 5.9683631 1.8416942 1.6741432 1.0408707 0.47220214 116
432 1.5681977 1.2820716 1.0378466 1.6938342 1.0500966 0.46899362 496
433 8.9846055 4.59578 0.23399903 1.7118975 1.0585569 0.46561581 378
434 4.4010134 7.9094885 2.4301515 1.7283158 1.0662457 0.46206991 262
435 11.817421 3.223197 1.6263039 1.7430733 1.0731572 0.45835721 148
436 7.2338291 6.5369055 0.8224563 1.7561558 1.0792864 0.45447905 36
437 2.650237 1.850614 0.018608724 1.7675508 1.0846288 0.45043682 426
438 10.066645 5.1643225 2.2147611 1.7772474 1.0891806 0.446232 318
439 5.4830527 0.47803104 1.4109136 1.7852361 1.0929385 0.44186608 212
440 0.8994606 3.7917395 0.60706599 1.7915094 1.0958996 0.43734066 108
441 8.3158685 7.105448 2.8032184 1.7960612 1.0980619 0.43265737 6
442 3.7322763 2.4191565 1.9993708 1.7988871 1.0994237 0.42781789 406
443 11.148684 5.732865 1.1955233 1.7999844 1.0999841 0.42282397 308
444 6.5650921 1.0465735 0.39167568 1.799352 1.0997427 0.41767742 212
445 1.9814999 4.360282 2.5878281 1.7969906 1.0986996 0.41238009 118
446 9.3979078 7.6739905 1.7839805 1.7929025 1.0968556 0.40693389 26
447 4.8143157 2.987699 0.98013295 1.7870915 1.094212 0.4013408 436
448 0.23072352 6.3014075 0.17628537 1.7795632 1.0907709 0.39560283 348
449 7.6471314 1.615116 2.3724378 1.770325 1.0865345 0.38972205 262
450 3.0635393 4.9288245 1.5685902 1.7593855 1.0815062 0.38370058 178
451 10.479947 0.24253303 0.76474264 1.7467555 1.0756895 0.3775406 96
452 5.896355 3.5562415 2.9608951 1.7324469 1.0690886 0.37124433 16
453 1.3127628 6.86995 2.1570475 1.7164736 1.0617085 0.36481405 438
454 8.7291707 2.1836585 1.3531999 1.6988509 1.0535543 0.35825208 362
455 4.1455786 5.497367 0.54935233 1.6795958 1.0446322 0.35156078 288
456 11.561986 0.81107553 2.7455048 1.6587266 1.0349487 0.34474257 216
457 6.9783943 4.124784 1.9416572 1.6362636 1.0245106 0.33779991 146
458 2.3948022 7.4384925 1.1378096 1.6122282 1.0133258 0.33073531 78
459 9.81121 2.752201 0.33396202 1.5866436 1.0014023 0.32355131 12
460 5.2276179 6.0659095 2.5301144 1.5595344 0.98874877 0.31625052 448
461 0.64402576 1.379618 1.7262669 1.5309266 0.97537452 0.30883557 386
462 8.0604336 4.6933265 0.92241929 1.5008477 0.96128927 0.30130913 326
463 3.4768415 0.0070350185 0.11857171 1.4693265 0.94650328 0.29367392 268
464 10.893249 3.3207435 2.3147241 1.4363935 0.93102733 0.2859327 212
465 6.3096572 6.634452 1.5108766 1.4020802 0.9148727 0.27808825 158
466 1.7260651 1.9481605 0.70702898 1.3664196 0.89805117 0.27014343 106
467 9.142473 5.261869 2.9031814 1.329446 0.880575 0.26210108 56
468 4.5588808 0.57557751 2.0993338 1.2911949 0.86245693 0.25396412 8
469 11.975289 3.889286 1.2954863 1.2517031 0.84371017 0.24573547 462
470 7.3916966 7.2029945 0.49163867 1.2110084 0.82434838 0.23741813 418
471 2.8081044 2.516703 2.6877911 1.1691501 0.80438568 0.22901507 376
472 10.224512 5.8304115 1.8839435 1.1261683 0.78383662 0.22052935 336
473 5.6409201 1.14412 1.0800959 1.0821044 0.76271617 0.21196401 298
474 1.057328 4.4578285 0.27624836 1.0370006 0.74103974 0.20332216 262
475 8.4737359 7.771537 2.4724008 0.99090034 0.71882312 0.19460691 228
476 3.8901437 3.0852455 1.6685532 0.94384792 0.69608251 0.18582141 196
477 11.306552 6.398954 0.86470563 0.89588853 0.67283449 0.17696883 166
478 6.7229595 1.7126625 0.060858055 0.84706826 0.649096 0.16805237 138
479 2.1393673 5.026371 2.2570105 0.79743402 0.62488435 0.15907524 112
480 9.5557752 0.3400795 1.4531629 0.74703351 0.60021719 0.15004069 88
481 4.9721831 3.653788 0.64931532 0.69591516 0.5751125 0.14095197 66
482 0.38859093 6.9674965 2.8454677 0.64412809 0.54958857 0.13181237 46
483 7.8049988 2.281205 2.0416202 0.59172206 0.52366402 0.12262519 28
484 3.2214067 5.5949135 1.2377726 0.53874743 0.49735774 0.11339375 12
485 10.637815 0.908622 0.43392501 0.48525511 0.47068891 0.10412137 498
486 6.0542224 4.2223305 2.6300774 0.43129649 0.44367696 0.094811399 486
487 1.4706303 7.536039 1.8262299 0.37692344 0.4163416 0.085467206 476
488 8.8870381 2.8497475 1.0223823 0.32218818 0.38870274 0.07609216 468
489 4.303446 6.163456 0.21853471 0.26714333 0.36078054 0.066689645 462
490 11.719854 1.4771645 2.4146871 0.21184178 0.33259534 0.057263056 458
491 7.1362617 4.790873 1.6108396 0.15633666 0.30416769 0.047815796 456
492 2.5526696 0.10458149 0.80699197 0.10068131 0.27551832 0.038351275 456
493 9.9690774 3.41829 0.003144396 0.044929216 0.24666811 0.02887291 458
494 5.3854853 6.7319985 2.1992968 -0.010866052 0.21763809 0.019384121 462
495 0.80189317 2.045707 1.3954492 -0.066650878 0.18844942 0.0098883357 468
496 8.218301 5.3594155 0.59160166 -0.12237166 0.15912338 0.00038898035 476
497 3.6347089 0.67312398 2.7877541 -0.17797485 0.12968134 -0.0091105154 486
498 11.051117 3.9868325 1.9839065 -0.23340702 0.10014478 -0.018606722 498
499 6.4675246 7.300541 1.1800589 -0.2886149 0.070535208 -0.028096213 12
500 1.8839325 2.6142495 0.37621136 -0.34354545 0.040874223 -0.03757556 28
501 9.3003404 5.927958 2.5723638 -0.39814587 0.011183443 -0.047041344 46
502 4.7167482 1.2416665 1.7685162 -0.45236371 -0.01851549 -0.056490146 66
503 0.13315609 4.555375 0.96466862 -0.50614686 -0.048200926 -0.065918555 88
504 7.549564 7.8690835 0.16082105 -0.55944365 -0.077851226 -0.075323169 112
505 2.9659718 3.182792 2.3569735 -0.61220285 -0.10744478 -0.084700592 138
506 10.38238 6.4965005 1.5531259 -0.66437377 -0.13696 -0.094047439 166
507 5.7987876 1.810209 0.74927831 -0.71590628 -0.16637539 -0.10336034 196
508 1.2151954 5.1239175 2.9454307 -0.76675086 -0.1956695 -0.11263592 228
509 8.6316033 0.43762597 2.1415832 -0.81685865 -0.22482098 -0.12187084 262
510 4.0480112 3.7513345 1.3377356 -0.8661815 -0.25380857 -0.13106178 298
511 11.464419 7.065043 0.533888 -0.91467202 -0.28261114 -0.14020539 336
512 6.8808269 2.3787515 2.7300404 -0.9622836 -0.3112077 -0.1492984 376
513 2.2972347 5.69246 1.9261929 -1.0089705 -0.33957741 -0.15833751 418
514 9.7136426 1.0061685 1.1223453 -1.0546879 -0.36769958 -0.16731946 462
515 5.1300505 4.319877 0.3184977 -1.0993918 -0.39555371 -0.17624102 8
516 0.54645834 7.6335855 2.5146501 -1.1430392 -0.42311951 -0.18509895 56
517 7.9628662 2.947294 1.7108025 -1.1855883 -0.45037686 -0.19389006 106
518 3.3792741 6.2610025 0.90695496 -1.2269981 -0.47730592 -0.20261118 158
519 10.795682 1.574711 0.10310739 -1.2672289 -0.50388703 -0.21125916 212
520 6.2120898 4.8884195 2.2992598 -1.306242 -0.53010084 -0.21983088 268
521 1.6284977 0.20212796 1.4954122 -1.3439999 -0.55592823 -0.22832324 326
522 9.0449055 3.5158365 0.69156465 -1.3804663 -0.58135036 -0.23673318 386
523 4.4613134 6.829545 2.8877171 -1.4156061 -0.60634872 -0.24505766 448
524 11.877721 2.1432535 2.0838695 -1.4493857 -0.63090508 -0.25329367 12
525 7.2941291 5.456962 1.2800219 -1.4817725 -0.65500154 -0.26143825 78
526 2.710537 0.77067045 0.47617435 -1.5127355 -0.67862053 -0.26948846 146
527 10.126945 4.084379 2.6723268 -1.5422448 -0.70174484 -0.27744138 216
528 5.5433527 7.3980875 1.8684792 -1.5702722 -0.7243576 -0.28529415 288
529 0.95976059 2.7117959 1.0646316 -1.5967906 -0.74644234 -0.29304393 362
530 8.3761685 6.0255044 0.26078404 -1.6217747 -0.76798296 -0.30068793 438
531 3.7925763 1.3392129 2.4569365 -1.6452004 -0.78896375 -0.30822338 16
532 11.208984 4.6529214 1.6530889 -1.6670451 -0.80936942 -0.31564756 96
533 6.625392 7.9666299 0.8492413 -1.6872879 -0.8291851 -0.3229578 178
534 2.0417999 3.2803384 0.045393727 -1.7059094 -0.84839634 -0.33015146 262
535 9.4582078 6.5940469 2.2415461 -1.7228917 -0.86698913 -0.33722593 348
536 4.8746156 1.9077554 1.4376986 -1.7382184 -0.88494993 -0.34417867 436
537 0.29102351 5.2214639 0.633851 -1.7518747 -0.90226564 -0.35100717 26
538 7.7074314 0.53517244 2.8300034 -1.7638477 -0.91892363 -0.35770895 118
539 3.1238392 3.8488809 2.0261558 -1.7741257 -0.93491177 -0.36428161 212
540 10.540247 7.1625894 1.2223083 -1.782699 -0.95021841 -0.37072276 308
541 5.956655 2.4762979 0.41846069 -1.7895592 -0.96483237 -0.37703009 406
542 1.3730628 5.7900064 2.6146131 -1.7946998 -0.97874302 -0.38320131 6
543 8.7894707 1.1037149 1.8107655 -1.7981158 -0.9919402 -0.3892342 108
544 4.2058786 4.4174234 1.006918 -1.7998039 -1.0044143 -0.39512659 212
545 11.622286 7.7311319 0.20307038 -1.7997626 -1.0161562 -0.40087633 318
546 7.0386943 3.0448404 2.3992228 -1.7979919 -1.0271574 -0.40648137 426
547 2.4551022 6.3585489 1.5953752 -1.7944934 -1.0374099 -0.41193966 36
548 9.87151 1.6722574 0.79152765 -1.7892706 -1.0469061 -0.41724926 148
549 5.2879179 4.9859659 2.9876801 -1.7823284 -1.0556392 -0.42240823 262
550 0.70432575 0.29967443 2.1838325 -1.7736735 -1.0636027 -0.42741471 378
551 8.1207336 3.6133829 1.3799849 -1.7633142 -1.070791 -0.43226691 496
552 3.5371415 6.9270914 0.57613734 -1.7512606 -1.0771987 -0.43696306 116
553 10.953549 2.2407999 2.7722898 -1.7375241 -1.0828211 -0.44150147 238
554 6.3699572 5.5545084 1.9684422 -1.722118 -1.0876542 -0.4458805 362
555 1.7863651 0.86821692 1.1645946 -1.7050571 -1.0916945 -0.45009858 488
556 9.2027729 4.1819254 0.36074703 -1.6863577 -1.094939 -0.45415417 116
557 4.6191808 7.4956339 2.5568994 -1.6660379 -1.0973853 -0.45804583 246
558 0.03558867 2.8093424 1.7530519 -1.6441171 -1.0990316 -0.46177213 378
559 7.4519965 6.1230509 0.94920429 -1.6206165 -1.0998769 -0.46533173 12
560 2.8684044 1.4367594 0.14535672 -1.5955586 -1.0999203 -0.46872336 148
561 10.284812 4.7504679 2.3415091 -1.5689675 -1.099162 -0.47194578 286
562 5.7012201 0.064176416 1.5376616 -1.5408687 -1.0976024 -0.47499784 426
563 1.117628 3.3778849 0.73381399 -1.5112893 -1.0952427 -0.47787842 68
564 8.5340359 6.6915934 2.9299664 -1.4802576 -1.0920847 -0.4805865 212
565 3.9504437 2.0053019 2.1261188 -1.4478035 -1.0881305 -0.48312109 358
566 11.366852 5.3190104 1.3222713 -1.4139582 -1.0833832 -0.48548128 6
567 6.7832595 0.63271891 0.51842368 -1.3787542 -1.0778461 -0.48766622 156
568 2.1996673 3.9464274 2.7145761 -1.3422253 -1.0715233 -0.48967511 308
569 9.6160752 7.2601359 1.9107285 -1.3044067 -1.0644194 -0.49150723 462
570 5.032483 2.5738444 1.1068809 -1.2653346 -1.0565396 -0.49316193 118
571 0.44889092 5.8875529 0.30303337 -1.2250466 -1.0478897 -0.4946386 276
572 7.8652988 1.2012614 2.4991858 -1.1835814 -1.0384759 -0.49593672 436
573 3.2817066 4.5149699 1.6953382 -1.1409789 -1.028305 -0.4970558 98
574 10.698115 7.8286784 0.89149064 -1.09728 -1.0173846 -0.49799545 262
575 6.1145224 3.1423869 0.087643058 -1.0525268 -1.0057226 -0.49875533 428
576 1.5309302 6.4560954 2.2837955 -1.0067621 -0.99332738 -0.49933517 96
577 8.9473381 1.7698039 1.4799479 -0.96002996 -0.98020812 -0.49973475 266
578 4.363746 5.0835124 0.67610033 -0.91237534 -0.96637432 -0.49995394 438
579 11.780154 0.3972209 2.8722527 -0.863844 -0.95183608 -0.49999264 112
580 7.1965617 3.7109294 2.0684052 -0.81448257 -0.936604 -0.49985085 288
581 2.6129696 7.0246379 1.2645576 -0.76433848 -0.92068917 -0.49952863 466
582 10.029377 2.3383464 0.46071002 -0.71345992 -0.9041032 -0.49902607 146
583 5.4457853 5.6520549 2.6568624 -0.66189579 -0.88685818 -0.49834338 328
584 0.86219316 0.96576339 1.8530149 -0.60969562 -0.86896668 -0.49748079 12
585 8.278601 4.2794719 1.0491673 -0.55690958 -0.85044174 -0.49643861 198
586 3.6950089 7.5931804 0.24531971 -0.5035884 -0.83129687 -0.49521723 386
587 11.111417 2.9068889 2.4414721 -0.4497833 -0.81154602 -0.49381707 76
588 6.5278246 6.2205974 1.6376246 -0.395546 -0.79120358 -0.49223866 268
589 1.9442325 1.5343059 0.83377698 -0.34092861 -0.7702844 -0.49048255 462
590 9.3606403 4.8480144 0.029929399 -0.28598361 -0.74880371 -0.48854938 158
591 4.7770482 0.16172289 2.2260818 -0.23076381 -0.72677718 -0.48643985 356
592 0.19345608 3.4754314 1.4222342 -0.17532225 -0.70422085 -0.48415472 56
593 7.6098639 6.7891399 0.61838667 -0.11971223 -0.68115119 -0.48169482 258
594 3.0262718 2.1028484 2.8145391 -0.063987174 -0.65758499 -0.47906103 462
595 10.44268 5.4165569 2.0106915 -0.0082006304 -0.63353944 -0.4762543 168
596 5.8590875 0.73026538 1.2068439 0.047593794 -0.60903207 -0.47327565 376
597 1.2754954 4.0439739 0.40299636 0.10334248 -0.58408075 -0.47012616 86
598 8.6919033 7.3576824 2.5991488 0.15899187 -0.55870365 -0.46680695 298
599 4.1083111 2.6713909 1.7953012 0.21448848 -0.53291929 -0.46331923 12
600 11.524719 5.9850994 0.99145363 0.26977898 -0.50674645 -0.45966426 228
601 6.9411269 1.2988079 0.18760605 0.32481024 -0.48020421 -0.45584336 446
602 2.3575347 4.6125164 2.3837585 0.37952939 -0.45331193 -0.4518579 166
603 9.7739426 7.9262249 1.5799109 0.43388383 -0.4260892 -0.44770932 388
604 5.1903505 3.2399334 0.77606332 0.48782135 -0.39855587 -0.44339913 112
605 0.60675833 6.5536419 2.9722157 0.54129011 -0.37073201 -0.43892887 338
606 8.0231662 1.8673504 2.1683682 0.59423873 -0.34263791 -0.43430017 66
607 3.4395741 5.1810589 1.3645206 0.64661634 -0.31429403 -0.42951469 296
608 10.855982 0.49476737 0.56067301 0.69837259 -0.28572106 -0.42457415 28
609 6.2723898 3.8084759 2.7568254 0.74945776 -0.2569398 -0.41948035 262
610 1.6887977 7.1221844 1.9529779 0.79982277 -0.22797124 -0.41423513 498
611 9.1052055 2.4358929 1.1491303 0.8494192 -0.19883651 -0.40884037 236
612 4.5216134 5.7496014 0.3452827 0.89819941 -0.16955683 -0.40329802 476
613 11.938021 1.0633099 2.5414351 0.94611651 -0.14015355 -0.39761008 218
614 7.3544291 4.3770184 1.7375875 0.99312447 -0.11064811 -0.39177862 462
615 2.770837 7.6907269 0.93373997 1.0391781 -0.081062005 -0.38580572 208
616 10.187245 3.0044354 0.12989239 1.0842332 -0.051416813 -0.37969355 456
617 5.6036527 6.3181439 2.3260448 1.1282464 -0.02173414 -0.37344432 206
618 1.0200606 1.6318524 1.5221972 1.1711755 0.0079643762 -0.36706028 458
619 8.4364684 4.9455609 0.71834966 1.2129791 0.037657087 -0.36054374 212
620 3.8528763 0.25926936 2.9145021 1.2536172 0.067322347 -0.35389704 468
621 11.269284 3.5729779 2.1106545 1.2930506 0.096938532 -0.34712259 226
622 6.685692 6.8866864 1.3068069 1.3312415 0.12648405 -0.34022283 486
623 2.1020999 2.2003949 0.50295935 1.3681532 0.15593737 -0.33320025 248
624 9.5185078 5.5141034 2.6991118 1.4037502 0.18527702 -0.32605739 12
625 4.9349156 0.82781185 1.8952642 1.4379983 0.21448161 -0.31879683 278
626 0.35132349 4.1415203 1.0914166 1.4708646 0.24352985 -0.31142119 46
627 7.7677314 7.4552288 0.28756904 1.5023175 0.27240057 -0.30393313 316
628 3.1841392 2.7689373 2.4837215 1.5323268 0.30107272 -0.29633535 88
629 10.600547 6.0826458 1.6798739 1.5608637 0.32952541 -0.2886306 362
630 6.016955 1.3963543 0.87602631 1.5879006 0.35773788 -0.28082165 138
631 1.4333628 4.7100628 0.07217873 1.6134118 0.38568958 -0.27291133 416
632 8.8497707 0.023771343 2.2683312 1.6373725 0.41336013 -0.26490249 196
633 4.2661785 3.3374798 1.4644836 1.6597599 0.44072935 -0.25679803 478
634 11.682586 6.6511883 0.660636 1.6805524 0.46777731 -0.24860086 262
635 7.0989943 1.9648968 2.8567884 1.69973 0.49448427 -0.24031396 48
636 2.5154021 5.2786053 2.0529408 1.7172743 0.52083078 -0.2319403 336
637 9.93181 0.59231384 1.2490933 1.7331684 0.54679763 -0.22348291 126
638 5.3482179 3.9060223 0.44524569 1.7473971 0.57236588 -0.21494485 418
639 0.76462573 7.2197308 2.6413981 1.7599466 0.59751691 -0.2063292 212
640 8.1810336 2.5334393 1.8375505 1.770805 0.62223237 -0.19763906 8
641 3.5974415 5.8471478 1.033703 1.7799618 0.64649425 -0.18887758 306
642 11.013849 1.1608563 0.22985538 1.7874082 0.67028487 -0.18004792 106
643 6.4302572 4.4745648 2.4260078 1.793137 0.69358687 -0.17115326 408
644 1.8466651 7.7882733 1.6221602 1.7971427 0.71638329 -0.16219681 212
645 9.2630729 3.1019818 0.81831265 1.7994216 0.73865749 -0.15318182 18
646 4.6794808 6.4156903 0.014465071 1.7999713 0.76039325 -0.14411152 326
647 0.095888655 1.7293988 2.2106175 1.7987914 0.78157471 -0.13498921 136
648 7.5122965 5.0431073 1.4067699 1.795883 0.80218643 -0.12581816 448
649 2.9287044 0.35681583 0.60292234 1.7912489 0.8222134 -0.1166017 262
650 10.345112 3.6705243 2.7990748 1.7848935 0.84164101 -0.10734314 78
651 5.7615201 6.9842328 1.9952272 1.776823 0.86045511 -0.098045837 396
652 1.177928 2.2979413 1.1913796 1.7670451 0.87864197 -0.088713138 216
653 8.5943358 5.6116498 0.38753203 1.7555692 0.89618833 -0.079348414 38
654 4.0107437 0.92535832 2.5836845 1.7424063 0.91308142 -0.069955047 362
655 11.427152 4.2390668 1.7798369 1.7275691 0.92930891 -0.060536426 188
656 6.8435594 7.5527753 0.9759893 1.7110719 0.94485898 -0.051095953 16
657 2.2599673 2.8664838 0.17214172 1.6929304 0.95972028 -0.041637034 346
658 9.6763752 6.1801923 2.3682941 1.6731622 0.97388199 -0.032163085 178
659 5.092783 1.4939008 1.5644466 1.6517862 0.98733379 -0.022677525 12
660 0.5091909 4.8076093 0.76059899 1.628823 1.0000659 -0.013183779 348
661 7.9255988 0.12131781 2.9567514 1.6042945 1.0120689 -0.0036852738 186
662 3.3420066 3.4350263 2.1529038 1.5782245 1.0233342 0.0058145618 26
663 10.758414 6.7487348 1.3490563 1.5506379 1.0338536 0.015312298 368
664 6.1748224 2.0624433 0.54520868 1.5215613 1.0436193 0.024804507 212
665 1.5912302 5.3761518 2.7413611 1.4910226 1.0526243 0.034287762 58
666 9.0076381 0.68986031 1.9375135 1.4590511 1.0608619 0.04375864 406
667 4.424046 4.0035688 1.1336659 1.4256776 1.0683262 0.05321372 256
668 11.840454 7.3172773 0.32981837 1.3909341 1.0750118 0.062649592 108
669 7.2568617 2.6309858 2.5259708 1.354854 1.0809137 0.072062847 462
670 2.6732696 5.9446943 1.7221232 1.3174721 1.0860277 0.081450089 318
671 10.089677 1.2584028 0.91827564 1.2788241 1.0903501 0.090807928 176
672 5.5060853 4.5721113 0.11442806 1.2389473 1.0938776 0.10013299 36
673 0.92249314 7.8858198 2.3105805 1.1978799 1.0966077 0.1094219 398
674 8.338901 3.1995283 1.5067329 1.1556615 1.0985384 0.11867131 262
675 3.7553089 6.5132368 0.70288533 1.1123326 1.0996684 0.12787788 128
676 11.171717 1.8269453 2.8990378 1.0679348 1.0999967 0.13703829 496
677 6.5881246 5.1406538 2.0951902 1.0225108 1.0995232 0.14614923 366
678 2.0045325 0.45436229 1.2913426 0.97610428 1.0982482 0.15520741 238
679 9.4209403 3.7680708 0.48749502 0.92875978 1.0961726 0.16420957 112
680 4.8373482 7.0817793 2.6836474 0.88052281 1.093298 0.17315244 488
681 0.25375606 2.3954878 1.8797999 0.83143972 1.0896264 0.18203281 366
682 7.6701639 5.7091963 1.0759523 0.78155768 1.0851605 0.19084747 246
683 3.0865718 1.0229048 0.27210471 0.73092463 1.0799035 0.19959324 128
684 10.50298 4.3366133 2.4682571 0.67958922 1.0738594 0.20826695 12
685 5.9193875 7.6503218 1.6644096 0.62760077 1.0670325 0.21686548 398
686 1.3357954 2.9640303 0.86056198 0.57500924 1.0594277 0.22538573 286
687 8.7522033 6.2777388 0.056714402 0.52186518 1.0510507 0.23382461 176
688 4.1686111 1.5914473 2.2528668 0.46821964 1.0419075 0.24217908 68
689 11.585019 4.9051558 1.4490192 0.41412418 1.0320048 0.25044613 462
690 7.0014269 0.21886428 0.64517167 0.35963078 1.0213498 0.25862278 358
691 2.4178347 3.5325728 2.8413241 0.30479181 1.0099503 0.26670606 256
692 9.8342426 6.8462813 2.0374765 0.24965995 0.99781459 0.27469306 156
693 5.2506504 2.1599898 1.2336289 0.19428818 0.98495151 0.28258091 58
694 0.66705831 5.4736983 0.42978136 0.13872972 0.97137045 0.29036674 462
695 8.0834662 0.78740678 2.6259338 0.083037954 0.9570813 0.29804776 368
696 3.499874 4.1011153 1.8220862 0.027266392 0.94209449 0.30562118 276
697 10.916282 7.4148238 1.0182386 -0.02853137 0.92642092 0.31308428 186
698 6.3326898 2.7285323 0.21439105 -0.084301716 0.91007204 0.32043436 98
699 1.7490976 6.0422408 2.4105435 -0.13999105 0.89305975 0.32766876 12
700 9.1655055 1.3559493 1.6066959 -0.19554587 0.87539647 0.33478488 428
701 4.5819134 4.6696578 0.80284832 -0.25091278 0.85709506 0.34178015 346
702 11.998321 7.9833663 2.9990007 -0.30603859 0.83816886 0.34865203 266
703 7.4147291 3.2970748 2.1951532 -0.36087032 0.81863167 0.35539806 188
704 2.831137 6.6107833 1.3913056 -0.41535527 0.79849774 0.36201579 112
705 10.247545 1.9244918 0.58745801 -0.46944111 0.77778174 0.36850284 38
706 5.6639527 5.2382003 2.7836104 -0.52307584 0.75649878 0.37485687 466
707 1.0803606 0.55190876 1.9797629 -0.57620794 0.73466435 0.38107557 396
708 8.4967684 3.8656173 1.1759153 -0.62878635 0.71229439 0.38715671 328
709 3.9131763 7.1793258 0.3720677 -0.68076054 0.6894052 0.39309809 262
710 11.329584 2.4930343 2.5682201 -0.73208058 0.66601347 0.39889757 198
711 6.745992 5.8067428 1.7643725 -0.78269714 0.64213623 0.40455304 136
712 2.1623999 1.1204513 0.96052497 -0.83256159 0.61779091 0.41006248 76
713 9.5788077 4.4341598 0.15667739 -0.88162601 0.59299525 0.41542389 18
714 4.9952156 7.7478683 2.3528298 -0.92984326 0.56776732 0.42063534 462
715 0.41162348 3.0615768 1.5489822 -0.977167 0.54212552 0.42569494 408
716 7.8280313 6.3752853 0.74513466 -1.0235518 0.51608852 0.43060088 356
717 3.2444392 1.6889938 2.9412871 -1.068953 0.48967532 0.43535137 306
718 10.660847 5.0027023 2.1374395 -1.113327 0.46290518 0.4399447 258
719 6.0772549 0.31641075 1.3335919 -1.1566312 0.43579759 0.44437921 212
720 1.4936628 3.6301193 0.52974435 -1.198824 0.40837232 0.44865332 168
721 8.9100707 6.9438278 2.7258968 -1.2398647 0.38064937 0.45276546 126
722 4.3264785 2.2575362 1.9220492 -1.2797141 0.35264895 0.45671416 86
723 11.742886 5.5712447 1.1182016 -1.3183338 0.32439146 0.46049799 48
724 7.1592943 0.88495325 0.31435404 -1.3556866 0.2958975 0.46411558 12
725 2.5757021 4.1986617 2.5105065 -1.3917368 0.26718784 0.46756563 478
726 9.99211 7.5123702 1.7066589 -1.4264496 0.23828342 0.4708469 446
727 5.4085179 2.8260787 0.90281131 -1.4597916 0.2092053 0.4739582 416
728 0.82492572 6.1397872 0.098963733 -1.491731 0.17997468 0.4768984 388
729 8.2413336 1.4534957 2.2951162 -1.5222369 0.15061286 0.47966645 362
730 3.6577415 4.7672042 1.4912686 -1.55128 0.12114125 0.48226135 338
731 11.074149 0.08091274 0.687421 -1.5788325 0.091581342 0.48468215 316
732 6.4905572 3.3946212 2.8835734 -1.6048678 0.061954671 0.48692799 296
733 1.906965 6.7083297 2.0797258 -1.629361 0.032282837 0.48899805 278
734 9.3233729 2.0220382 1.2758783 -1.6522885 0.0025874708 0.49089159 262
735 4.7397808 5.3357467 0.47203069 -1.6736283 -0.027109782 0.49260792 248
736 0.15618864 0.64945523 2.6681831 -1.6933598 -0.056787272 0.49414643 236
737 7.5725965 3.9631637 1.8643355 -1.7114642 -0.086423368 0.49550655 226
738 2.9890044 7.2768722 1.060488 -1.727924 -0.11599646 0.49668781 218
739 10.405412 2.5905807 0.25664038 -1.7427234 -0.145485 0.49768976 212
740 5.8218201 5.9042892 2.4527928 -1.7558481 -0.17486749 0.49851205 208
741 1.238228 1.2179977 1.6489452 -1.7672856 -0.20412251 0.49915439 206
742 8.6546358 4.5317062 0.84509765 -1.7770249 -0.23322873 0.49961654 206
743 4.0710437 7.8454147 0.041250074 -1.7850566 -0.26216494 0.49989833 208
744 11.487452 3.1591232 2.2374025 -1.791373 -0.29091004 0.49999966 212
745 6.9038594 6.4728317 1.4335549 -1.795968 -0.31944308 0.4999205 218
746 2.3202673 1.7865402 0.62970734 -1.7988373 -0.34774326 0.49966087 226
747 9.7366752 5.1002487 2.8258598 -1.799978 -0.37578995 0.49922087 236
748 5.153083 0.41395722 2.0220122 -1.7993891 -0.40356271 0.49860066 248
749 0.56949089 3.7276657 1.2181646 -1.797071 -0.43104129 0.49780045 262
750 7.9858987 7.0413742 0.41431703 -1.7930262 -0.45820565 0.49682055 278
751 3.4023066 2.3550827 2.6104695 -1.7872584 -0.48503601 0.4956613 296
752 10.818714 5.6687912 1.8066219 -1.7797731 -0.5115128 0.49432312 316
753 6.2351223 0.98249972 1.0027743 -1.7705777 -0.53761671 0.4928065 338
754 1.6515302 4.2962082 0.19892672 -1.7596808 -0.56332873 0.49111198 362
755 9.0679381 7.6099167 2.3950791 -1.747093 -0.58863011 0.48924017 388
756 4.4843459 2.9236252 1.5912316 -1.7328264 -0.6135024 0.48719175 416
757 11.900754 6.2373337 0.78738399 -1.7168947 -0.63792747 0.48496746 446
758 7.3171617 1.5510422 2.9835364 -1.6993132 -0.66188752 0.48256811 478
759 2.7335695 4.8647507 2.1796888 -1.6800988 -0.68536509 0.47999455 12
760 10.149977 0.17845921 1.3758413 -1.6592699 -0.70834306 0.47724772 48
761 5.5663853 3.4921677 0.57199368 -1.6368466 -0.73080467 0.4743286 86
762 0.98279313 6.8058762 2.7681461 -1.6128505 -0.75273356 0.47123826 126
763 8.399201 2.1195847 1.9642985 -1.5873045 -0.77411374 0.46797781 168
764 3.8156089 5.4332932 1.160451 -1.5602332 -0.79492963 0.46454842 212
765 11.232017 0.7470017 0.35660337 -1.5316626 -0.81516605 0.46095134 258
766 6.6484246 4.0607102 2.5527558 -1.5016203 -0.83480825 0.45718786 306
767 2.0648325 7.3744187 1.7489082 -1.470135 -0.85384191 0.45325933 356
768 9.4812403 2.6881272 0.94506064 -1.437237 -0.87225315 0.44916719 408
769 4.8976482 6.0018357 0.14121306 -1.4029579 -0.89002857 0.4449129 462
770 0.31405605 1.3155442 2.3373655 -1.3673307 -0.90715519 0.440498 18
771 7.7304639 4.6292527 1.5335179 -1.3303897 -0.92362054 0.43592409 76
772 3.1468718 7.9429612 0.72967033 -1.2921702 -0.9394126 0.43119282 136
773 10.56328 3.2566697 2.9258228 -1.252709 -0.95451988 0.42630588 198
774 5.9796875 6.5703782 2.1219752 -1.2120441 -0.96893136 0.42126506 262
775 1.3960954 1.8840867 1.3181276 -1.1702145 -0.98263652 0.41607216 328
776 8.8125032 5.1977952 0.51428002 -1.1272604 -0.99562539 0.41072907 396
777 4.2289111 0.51150369 2.7104324 -1.0832231 -1.0078885 0.40523771 466
778 11.645319 3.8252122 1.9065849 -1.0381449 -1.0194169 0.39960006 38
779 7.0617268 7.1389207 1.1027373 -0.99206909 -1.0302022 0.39381816 112
780 2.4781347 2.4526292 0.29888971 -0.94504001 -1.0402365 0.3878941 188
781 9.8945426 5.7663377 2.4950421 -0.89710282 -1.0495125 0.38183001 266
782 5.3109504 1.0800462 1.6911946 -0.84830358 -1.0580235 0.37562808 346
783 0.7273583 4.3937547 0.88734698 -0.7986892 -1.0657632 0.36929056 428
784 8.1437662 7.7074632 0.083499405 -0.74830733 -1.0727261 0.36281972 12
785 3.560174 3.0211717 2.2796518 -0.69720639 -1.0789069 0.35621792 98
786 10.976582 6.3348802 1.4758043 -0.6454355 -1.0843013 0.34948752 186
787 6.3929898 1.6485887 0.67195667 -0.59304439 -1.0889053 0.34263096 276
788 1.8093976 4.9622972 2.8681091 -0.54008341 -1.0927155 0.33565071 368
789 9.2258055 0.27600568 2.0642615 -0.48660345 -1.0957292 0.3285493 462
790 4.6422134 3.5897142 1.2604139 -0.4326559 -1.0979441 0.32132929 58
791 0.058621215 6.9034227 0.45656636 -0.37829261 -1.0993587 0.31399328 156
792 7.4750291 2.2171312 2.6527188 -0.3235658 -1.0999719 0.30654392 256
793 2.8914369 5.5308397 1.8488712 -0.26852807 -1.0997833 0.2989839 358
794 10.307845 0.84454817 1.0450236 -0.21323231 -1.0987929 0.29131595 462
795 5.7242527 4.1582567 0.24117605 -0.15773165 -1.0970016 0.28354284 68
796 1.1406605 7.4719652 2.4373285 -0.10207942 -1.0944107 0.27566737 176
797 8.5570684 2.7856737 1.6334809 -0.046329095 -1.0910219 0.2676924 286
798 3.9734763 6.0993822 0.82963332 0.0094657447 -1.0868379 0.25962078 398
799 11.389884 1.4130907 0.025785745 0.065251488 -1.0818616 0.25145545 12
800 6.806292 4.7267992 2.2219382 0.12097453 -1.0760967 0.24319934 128
801 2.2226999 0.040507667 1.4180906 0.17658133 -1.0695473 0.23485545 246
802 9.6391077 3.3542162 0.61424301 0.23201844 -1.0622183 0.22642677 366
803 5.0555156 6.6679247 2.8103954 0.2872326 -1.054115 0.21791635 488
804 0.47192346 1.9816332 2.0065479 0.34217075 -1.0452433 0.20932727 112
805 7.8883313 5.2953417 1.2027003 0.39678011 -1.0356096 0.20066262 238
806 3.3047392 0.60905016 0.3988527 0.45100819 -1.025221 0.19192554 366
807 10.721147 3.9227587 2.5950051 0.50480288 -1.0140851 0.18311917 496
808 6.1375549 7.2364672 1.7911575 0.5581125 -1.00221 0.1742467 128
809 1.5539628 2.5501757 0.98730997 0.61088581 -0.98960428 0.16531133 262
810 8.9703707 5.8638842 0.1834624 0.66307211 -0.9762772 0.15631629 398
811 4.3867785 1.1775927 2.3796148 0.71462125 -0.96223845 0.14726481 36
812 11.803186 4.4913012 1.5757672 0.7654837 -0.94749828 0.13816017 176
813 7.2195942 7.8050097 0.77191966 0.81561057 -0.93206742 0.12900566 318
814 2.6360021 3.1187182 2.9680721 0.8649537 -0.91595713 0.11980458 462
815 10.05241 6.4324267 2.1642245 0.91346568 -0.89917915 0.11056025 108
816 5.4688178 1.7461352 1.3603769 0.96109989 -0.8817457 0.10127601 256
817 0.88522571 5.0598437 0.55652935 1.0078106 -0.8636695 0.091955214 406
818 8.3016336 0.37355215 2.7526818 1.0535528 -0.84496372 0.08260122 58
819 3.7180414 3.6872606 1.9488342 1.0982826 -0.825642 0.073217408 212
820 11.134449 7.0009691 1.1449866 1.1419571 -0.80571843 0.063807165 368
821 6.5508572 2.3146776 0.34113904 1.1845343 -0.78520752 0.054373888 26
822 1.967265 5.6283861 2.5372915 1.2259732 -0.76412423 0.044920983 186
823 9.3836729 0.94209464 1.7334439 1.266234 -0.74248393 0.035451862 348
824 4.8000808 4.2558031 0.92959631 1.3052781 -0.72030239 0.025969943 12
825 0.21648863 7.5695116 0.12574874 1.343068 -0.69759578 0.016478649 178
826 7.6328965 2.8832201 2.3219012 1.3795672 -0.67438066 0.0069814071 346
827 3.0493044 6.1969286 1.5180536 1.4147408 -0.65067394 -0.0025183554 16
828 10.465712 1.5106371 0.714206 1.4485549 -0.62649291 -0.012017209 188
829 5.8821201 4.8243456 2.9103584 1.4809771 -0.60185519 -0.021511724 362
830 1.298528 0.13805414 2.1065108 1.5119761 -0.57677875 -0.030998474 38
831 8.7149358 3.4517626 1.3026633 1.5415223 -0.55128186 -0.040474034 216
832 4.1313437 6.7654711 0.49881569 1.5695872 -0.52538311 -0.049934983 396
833 11.547752 2.0791796 2.6949681 1.5961438 -0.49910138 -0.059377906 78
834 6.9641594 5.3928881 1.8911205 1.6211667 -0.47245583 -0.068799394 262
835 2.3805673 0.70659663 1.087273 1.6446317 -0.44546588 -0.078196046 448
836 9.7969751 4.0203051 0.28342539 1.6665164 -0.4181512 -0.087564471 136
837 5.213383 7.3340136 2.4795778 1.6867997 -0.39053171 -0.096901285 326
838 0.62979087 2.6477221 1.6757302 1.7054621 -0.36262754 -0.10620312 18
839 8.0461987 5.9614306 0.87188265 1.7224857 -0.33445903 -0.11546662 212
840 3.4626066 1.2751391 0.068035076 1.7378541 -0.30604671 -0.12468843 408
841 10.879014 4.5888476 2.2641875 1.7515526 -0.2774113 -0.13386523 106
842 6.2954223 7.9025561 1.4603399 1.7635679 -0.24857367 -0.14299371 306
843 1.7118302 3.2162646 0.65649234 1.7738886 -0.21955484 -0.15207057 8
844 9.1282381 6.5299731 2.8526448 1.7825048 -0.19037596 -0.16109254 212
845 4.5446459 1.8436816 2.0487972 1.789408 -0.16105831 -0.17005635 418
846 11.961054 5.1573901 1.2449496 1.7945918 -0.13162326 -0.17895877 126
847 7.3774617 0.47109862 0.44110204 1.7980512 -0.10209225 -0.18779659 336
848 2.7938695 3.7848071 2.6372545 1.7997827 -0.072486828 -0.19656662 48
849 10.210277 7.0985156 1.8334069 1.7997848 -0.042828564 -0.20526569 262
850 5.6266853 2.4122241 1.0295593 1.7980575 -0.01313908 -0.21389066 478
851 1.0430931 5.7259326 0.22571173 1.7946023 0.016559982 -0.22243842 196
852 8.459501 1.0396411 2.4218641 1.7894227 0.046246973 -0.23090588 416
853 3.8759088 4.3533496 1.6180166 1.7825236 0.075900251 -0.23928998 138
854 11.292317 7.6670581 0.81416899 1.7739116 0.1054982 -0.24758771 362
855 6.7087246 2.9807666 0.010321417 1.763595 0.13501925 -0.25579606 88
856 2.1251324 6.2944751 2.2064738 1.7515837 0.16444187 -0.26391207 316
857 9.5415403 1.6081836 1.4026263 1.7378893 0.19374463 -0.27193281 46
858 4.9579482 4.9218921 0.59877869 1.7225249 0.22290615 -0.27985538 278
859 0.37435603 0.23560061 2.7949311 1.7055053 0.25190518 -0.28767693 12
860 7.7907639 3.5493091 1.9910835 1.6868469 0.28072059 -0.29539464 248
861 3.2071718 6.8630176 1.187236 1.6665675 0.30933136 -0.3030057 486
862 10.62358 2.1767261 0.38338838 1.6446867 0.33771664 -0.31050739 226
863 6.0399875 5.4904346 2.5795408 1.6212254 0.36585575 -0.31789699 468
864 1.4563954 0.8041431 1.7756932 1.5962063 0.39372816 -0.32517182 212
865 8.8728032 4.1178516 0.97184564 1.5696534 0.42131356 -0.33232928 458
866 4.2892111 7.4315601 0.16799807 1.5415921 0.44859184 -0.33936677 206
867 11.705619 2.7452686 2.3641505 1.5120495 0.47554312 -0.34628175 456
868 7.1220268 6.0589771 1.5603029 1.4810539 0.50214774 -0.35307172 208
869 2.5384347 1.3726856 0.75645533 1.4486351 0.52838633 -0.35973425 462
870 9.9548426 4.6863941 2.9526078 1.4148244 0.55423974 -0.36626691 218
871 5.3712504 0.00010259416 2.1487602 1.379654 0.57968914 -0.37266735 476
872 0.78765828 3.3138111 1.3449126 1.343158 0.60471597 -0.37893326 236
873 8.2040661 6.6275196 0.54106503 1.3053712 0.62930199 -0.38506239 498
874 3.620474 1.9412281 2.7372174 1.2663301 0.65342927 -0.39105251 262
875 11.036882 5.2549366 1.9333699 1.2260722 0.67708024 -0.39690146 28
876 6.4532897 0.56864509 1.1295223 1.1846361 0.70023764 -0.40260714 296
877 1.8696976 3.8823536 0.32567472 1.1420616 0.7228846 -0.40816748 66
878 9.2861055 7.1960621 2.5218271 1.0983898 0.74500461 -0.41358047 338
879 4.7025133 2.5097706 1.7179796 1.0536624 0.76658155 -0.41884417 112
880 0.1189212 5.8234791 0.91413198 1.0079226 0.78759968 -0.42395667 388
881 7.5353291 1.1371876 0.11028441 0.9612142 0.80804369 -0.42891613 166
882 2.9517369 4.4508961 2.3064368 0.91358217 0.82789866 -0.43372075 446
883 10.368145 7.7646046 1.5025893 0.86507227 0.84715014 -0.4383688 228
884 5.7845527 3.0783131 0.69874168 0.81573109 0.86578408 -0.44285861 12
885 1.2009605 6.3920216 2.8948941 0.76560606 0.8837869 -0.44718855 298
886 8.6173684 1.7057301 2.0910465 0.71474534 0.90114548 -0.45135706 86
887 4.0337763 5.0194386 1.2871989 0.6631978 0.91784717 -0.45536264 376
888 11.450184 0.33314708 0.48335137 0.61101299 0.93387979 -0.45920383 168
889 6.866592 3.6468556 2.6795038 0.55824103 0.94923165 -0.46287926 462
890 2.2829999 6.9605641 1.8756562 0.50493265 0.96389156 -0.46638759 258
891 9.6994077 2.2742726 1.0718086 0.45113907 0.97784883 -0.46972756 56
892 5.1158156 5.5879811 0.26796106 0.39691198 0.9910933 -0.47289796 356
893 0.53222345 0.90168957 2.4641135 0.34230349 1.0036153 -0.47589766 158
894 7.9486313 4.2153981 1.6602659 0.28736607 1.0154057 -0.47872556 462
895 3.3650392 7.5291066 0.85641833 0.23215251 1.026456 -0.48138064 268
896 10.781447 2.8428151 0.052570748 0.17671587 1.0367579 -0.48386195 76
897 6.1978549 6.1565236 2.2487232 0.12110942 1.0463042 -0.4861686 386
898 1.6142628 1.4702321 1.4448756 0.065386599 1.0550877 -0.48829974 198
899 9.0306706 4.7839406 0.64102802 0.0096009426 1.0631021 -0.49025461 12
900 4.4470785 0.097649064 2.8371804 -0.04619394 1.0703416 -0.4920325 328
901 11.863486 3.4113576 2.0333329 -0.10194443 1.0768008 -0.49363278 146
902 7.2798942 6.7250661 1.2294853 -0.15759697 1.0824751 -0.49505486 466
903 2.6963021 2.0387746 0.42563771 -0.21309806 1.0873603 -0.49629823 288
904 10.11271 5.3524831 2.6217901 -0.26839438 1.0914529 -0.49736244 112
905 5.5291178 0.66619156 1.8179426 -0.3234328 1.0947498 -0.49824711 438
906 0.94552569 3.9799001 1.014095 -0.37816042 1.0972488 -0.49895192 266
907 8.3619336 7.2936086 0.2102474 -0.43252466 1.0989479 -0.49947661 96
908 3.7783414 2.6073171 2.4063998 -0.48647328 1.0998459 -0.49982099 428
909 11.194749 5.9210256 1.6025522 -0.53995443 1.0999421 -0.49998495 262
910 6.6111572 1.2347341 0.79870467 -0.59291673 1.0992366 -0.49996841 98
911 2.027565 4.5484426 2.9948571 -0.64530929 1.0977297 -0.4997714 436
912 9.4439729 7.8621511 2.1910095 -0.69708174 1.0954227 -0.49939397 276
913 4.8603807 3.1758596 1.3871619 -0.74818436 1.0923171 -0.49883626 118
914 0.27678861 6.489568 0.58331436 -0.79856803 1.0884153 -0.49809848 462
915 7.6931965 1.8032765 2.7794668 -0.84818434 1.0837201 -0.4971809 308
916 3.1096043 5.116985 1.9756192 -0.89698561 1.0782349 -0.49608383 156
917 10.526012 0.43069355 1.1717716 -0.94492494 1.0719637 -0.49480769 6
918 5.9424201 3.744402 0.36792405 -0.99195627 1.0649112 -0.49335292 358
919 1.3588279 7.0581105 2.5640765 -1.0380344 1.0570823 -0.49172006 212
920 8.7752358 2.371819 1.7602289 -1.0831151 1.0484828 -0.4899097 68
921 4.1916437 5.6855275 0.95638132 -1.127155 1.0391191 -0.48792248 426
922 11.608052 0.99923604 0.15253374 -1.1701117 1.0289979 -0.48575913 286
923 7.0244594 4.3129445 2.3486862 -1.2119441 1.0181266 -0.48342042 148
924 2.4408673 7.626653 1.5448386 -1.2526119 1.0065132 -0.4809072 12
925 9.8572751 2.9403615 0.74099101 -1.292076 0.99416598 -0.47822039 378
926 5.273683 6.25407 2.9371434 -1.3302986 0.98109411 -0.47536093 246
927 0.69009085 1.5677785 2.1332959 -1.3672428 0.96730706 -0.47232988 116
928 8.1064987 4.881487 1.3294483 -1.4028732 0.95281489 -0.46912833 488
929 3.5229066 0.19519553 0.5256007 -1.4371556 0.93762816 -0.46575742 362
930 10.939314 3.508904 2.7217531 -1.470057 0.92175794 -0.46221838 238
931 6.3557223 6.8226125 1.9179055 -1.5015457 0.9052158 -0.45851248 116
932 1.7721302 2.136321 1.114058 -1.5315916 0.8880138 -0.45464107 496
933 9.188538 5.4500295 0.31021039 -1.5601658 0.87016447 -0.45060554 378
934 4.6049459 0.76373803 2.5063628 -1.5872407 0.85168083 -0.44640734 262
935 0.021353775 4.0774465 1.7025152 -1.6127904 0.83257636 -0.44204799 148
936 7.4377616 7.391155 0.89866766 -1.6367904 0.81286497 -0.43752907 36
937 2.8541695 2.7048635 0.094820079 -1.6592175 0.79256104 -0.43285221 426
938 10.270577 6.018572 2.2909725 -1.6800503 0.77167937 -0.42801909 318
939 5.6869852 1.3322805 1.4871249 -1.6992686 0.75023518 -0.42303146 212
940 1.1033931 4.645989 0.68327735 -1.7168541 0.7282441 -0.41789112 108
941 8.519801 7.9596975 2.8794298 -1.7327898 0.70572217 -0.41259992 6
942 3.9362088 3.273406 2.0755822 -1.7470605 0.68268579 -0.40715979 406
943 11.352617 6.5871145 1.2717346 -1.7596523 0.65915177 -0.40157267 308
944 6.7690246 1.900823 0.46788704 -1.7705533 0.63513725 -0.39584059 212
945 2.1854324 5.2145315 2.6640395 -1.7797529 0.61065975 -0.38996561 118
946 9.6018403 0.52824002 1.8601919 -1.7872423 0.5857371 -0.38394986 26
947 5.0182482 3.8419485 1.0563443 -1.7930143 0.56038747 -0.37779551 436
948 0.43465602 7.155657 0.25249673 -1.7970633 0.53462935 -0.37150478 348
949 7.8510639 2.4693655 2.4486492 -1.7993855 0.50848151 -0.36507994 262
950 3.2674717 5.783074 1.6448016 -1.7999787 0.48196301 -0.35852331 178
951 10.68388 1.0967825 0.840954 -1.7988421 0.45509317 -0.35183726 96
952 6.1002875 4.410491 0.03710642 -1.7959771 0.4278916 -0.3450242 16
953 1.5166953 7.7241995 2.2332588 -1.7913862 0.40037811 -0.33808659 438
954 8.9331032 3.037908 1.4294113 -1.785074 0.37257276 -0.33102693 362
955 4.3495111 6.3516165 0.62556369 -1.7770464 0.34449582 -0.32384778 288
956 11.765919 1.665325 2.8217161 -1.7673113 0.31616776 -0.31655171 216
957 7.1823268 4.9790335 2.0178685 -1.7558779 0.28760923 -0.30914138 146
958 2.5987347 0.292742 1.214021 -1.7427572 0.25884105 -0.30161945 78
959 10.015143 3.6064505 0.41017338 -1.7279619 0.22988418 -0.29398864 12
960 5.4315504 6.920159 2.6063258 -1.7115061 0.20075973 -0.28625171 448
961 0.84795827 2.2338675 1.8024782 -1.6934057 0.17148894 -0.27841144 386
962 8.2643661 5.547576 0.99863065 -1.6736781 0.14209315 -0.27047066 326
963 3.680774 0.8612845 0.19478307 -1.6523422 0.11259377 -0.26243225 268
964 11.097182 4.174993 2.3909355 -1.6294185 0.083012315 -0.25429911 212
965 6.5135897 7.4887015 1.5870879 -1.6049291 0.053370349 -0.24607416 158
966 1.9299976 2.80241 0.78324034 -1.5788974 0.02368948 -0.23776039 106
967 9.3464055 6.1161185 2.9793928 -1.5513486 -0.0060086591 -0.22936078 56
968 4.7628133 1.429827 2.1755452 -1.522309 -0.035702418 -0.22087838 8
969 0.17922119 4.7435355 1.3716976 -1.4918066 -0.065370151 -0.21231624 462
970 7.595629 0.057243991 0.56785003 -1.4598707 -0.094990232 -0.20367746 418
971 3.0120369 3.3709525 2.7640025 -1.426532 -0.12454107 -0.19496516 376
972 10.428445 6.684661 1.9601549 -1.3918225 -0.15400112 -0.18618247 336
973 5.8448526 1.9983695 1.1563073 -1.3557756 -0.18334891 -0.17733258 298
974 1.2612605 5.312078 0.35245972 -1.3184258 -0.21256305 -0.16841867 262
975 8.6776684 0.62578649 2.5486121 -1.2798092 -0.24162224 -0.15944396 228
976 4.0940762 3.939495 1.7447646 -1.2399627 -0.2705053 -0.1504117 196
977 11.510484 7.2532035 0.94091699 -1.1989248 -0.29919117 -0.14132513 166
978 6.926892 2.566912 0.13706941 -1.1567348 -0.32765895 -0.13218756 138
979 2.3432998 5.8806205 2.3332218 -1.1134332 -0.35588787 -0.12300226 112
980 9.7597077 1.194329 1.5293743 -1.0690617 -0.38385737 -0.11377256 88
981 5.1761156 4.5080375 0.72552668 -1.023663 -0.41154706 -0.10450179 66
982 0.59252343 7.821746 2.9216791 -0.97728054 -0.43893674 -0.095193294 46
983 8.0089313 3.1354545 2.1178315 -0.92995902 -0.46600646 -0.085850436 28
984 3.4253392 6.449163 1.3139839 -0.88174388 -0.49273648 -0.076476586 12
985 10.841747 1.7628715 0.51013637 -0.83268146 -0.51910732 -0.06707513 498
986 6.2581549 5.07658 2.7062888 -0.78281889 -0.54509975 -0.05764946 486
987 1.6745628 0.39028847 1.9024412 -0.73220409 -0.57069483 -0.048202979 476
988 9.0909706 3.703997 1.0985936 -0.6808857 -0.5958739 -0.038739098 468
989 4.5073785 7.0177055 0.29474606 -0.62891303 -0.6206186 -0.029261232 462
990 11.923786 2.331414 2.4908985 -0.57633603 -0.6449109 -0.019772804 458
991 7.3401942 5.6451225 1.6870509 -0.52320521 -0.66873309 -0.010277237 456
992 2.7566021 0.95883097 0.88320333 -0.46957163 -0.6920678 -0.00077796046 456
993 10.17301 4.2725395 0.079355751 -0.41548682 -0.71489802 0.0087215969 458
994 5.5894178 7.586248 2.2755082 -0.36100277 -0.73720711 0.018218006 462
995 1.0058257 2.8999565 1.4716606 -0.30617182 -0.75897881 0.027707838 468
996 8.4222335 6.213665 0.66781302 -0.25104666 -0.78019726 0.037187668 476
997 3.8386414 1.5273735 2.8639654 -0.19568027 -0.80084697 0.046654074 486
998 11.255049 4.841082 2.0601179 -0.14012584 -0.8209129 0.056103639 498
999 6.6714571 0.15479046 1.2562703 -0.084436767 -0.84038042 0.06553295 12
1000 2.087865 3.468499 0.45242271 -0.028666553 -0.85923534 0.074938605 28
1001 9.5042729 6.7822075 2.6485751 0.027131208 -0.87746391 0.084317208 46
1002 4.9206807 2.095916 1.8447276 0.082902898 -0.89505286 0.093665373 66
1003 0.3370886 5.4096245 1.04088 0.13859492 -0.91198934 0.10297973 88
1004 7.7534965 0.72333296 0.2370324 0.19415377 -0.92826103 0.1122569 112
1005 3.1699043 4.0370415 2.4331848 0.24952605 -0.94385606 0.12149356 138
1006 10.586312 7.35075 1.6293372 0.30465856 -0.95876306 0.13068636 166
1007 6.0027201 2.6644585 0.82548967 0.35949831 -0.97297117 0.13983198 196
1008 1.4191279 5.978167 0.021642092 0.41399261 -0.98647002 0.14892712 228
1009 8.8355358 1.2918755 2.2177945 0.4680891 -0.99924977 0.1579685 262
1010 4.2519436 4.6055839 1.4139469 0.52173579 -1.0113011 0.16695286 298
1011 11.668352 7.9192924 0.61009936 0.57488113 -1.0226153 0.17587695 336
1012 7.0847594 3.2330009 2.8062518 0.62747405 -1.033184 0.18473755 376
1013 2.5011672 6.5467094 2.0024042 0.67946402 -1.0429996 0.19353146 418
1014 9.9175751 1.8604179 1.1985566 0.73080108 -1.0520548 0.2022555 462
1015 5.333983 5.1741264 0.39470905 0.78143589 -1.0603432 0.21090654 8
1016 0.75039084 0.48783494 2.5908615 0.83131981 -1.0678586 0.21948144 56
1017 8.1667987 3.8015434 1.7870139 0.88040489 -1.0745956 0.22797711 106
1018 3.5832066 7.1152519 0.98316632 0.92864396 -1.0805493 0.23639049 158
1019 10.999614 2.4289604 0.17931874 0.97599069 -1.0857153 0.24471852 212
1020 6.4160223 5.7426689 2.3754712 1.0223996 -1.0900898 0.25295822 268
1021 1.8324302 1.0563774 1.5716236 1.067826 -1.0936698 0.26110661 326
1022 9.248838 4.3700859 0.76777601 1.1122263 -1.0964525 0.26916073 386
1023 4.6652459 7.6837944 2.9639284 1.1555579 -1.0984359 0.27711769 448
1024 0.08165376 2.9975029 2.1600809 1.197779 -1.0996186 0.28497462 12
1025 7.4980616 6.3112114 1.3562333 1.2388492 -1.0999998 0.29272867 78
1026 2.9144695 1.6249199 0.5523857 1.278729 -1.099579 0.30037705 146
1027 10.330877 4.9386284 2.7485381 1.3173799 -1.0983568 0.307917 216
1028 5.7472852 0.25233693 1.9446905 1.354765 -1.0963339 0.3153458 288
1029 1.1636931 3.5660454 1.140843 1.3908483 -1.0935118 0.32266075 362
1030 8.580101 6.8797539 0.33699539 1.4255951 -1.0898926 0.32985923 438
1031 3.9965088 2.1934624 2.5331478 1.4589719 -1.0854789 0.33693864 16
1032 11.412917 5.5071709 1.7293002 1.4909468 -1.080274 0.34389641 96
1033 6.8293245 0.82087943 0.92545266 1.5214891 -1.0742815 0.35073004 178
1034 2.2457324 4.1345879 0.12160508 1.5505693 -1.067506 0.35743706 262
1035 9.6621403 7.4482964 2.3177575 1.5781595 -1.0599523 0.36401505 348
1036 5.0785481 2.7620049 1.5139099 1.6042332 -1.051626 0.37046164 436
1037 0.494956 6.0757134 0.71006235 1.6287654 -1.042533 0.37677449 26
1038 7.9113639 1.3894219 2.9062148 1.6517325 -1.0326801 0.38295133 118
1039 3.3277717 4.7031304 2.1023672 1.6731124 -1.0220744 0.38898993 212
1040 10.74418 0.016838918 1.2985196 1.6928845 -1.0107237 0.39488811 308
1041 6.1605875 3.3305474 0.49467204 1.7110299 -0.9986362 0.40064373 406
1042 1.5769953 6.6442559 2.6908245 1.7275312 -0.98582074 0.40625473 6
1043 8.9934032 1.9579644 1.8869769 1.7423724 -0.97228666 0.41171908 108
1044 4.4098111 5.2716729 1.0831293 1.7555393 -0.95804382 0.4170348 212
1045 11.826219 0.58538141 0.27928173 1.7670193 -0.94310262 0.42219997 318
1046 7.2426268 3.8990899 2.4754342 1.7768013 -0.92747393 0.42721274 426
1047 2.6590347 7.2127984 1.6715866 1.784876 -0.91116916 0.43207129 36
1048 10.075443 2.5265069 0.867739 1.7912355 -0.89420018 0.43677386 148
1049 5.4918504 5.8402154 0.063891423 1.7958738 -0.87657937 0.44131876 262
1050 0.90825825 1.1539239 2.2600438 1.7987864 -0.85831958 0.44570435 378
1051 8.3246661 4.4676324 1.4561963 1.7999705 -0.8394341 0.44992905 496
1052 3.741074 7.7813409 0.65234869 1.799425 -0.81993672 0.45399133 116
1053 11.157482 3.0950494 2.8485011 1.7971503 -0.79984164 0.45788972 238
1054 6.5738897 6.4087579 2.0446535 1.7931488 -0.77916351 0.46162282 362
1055 1.9902976 1.7224664 1.240806 1.7874241 -0.7579174 0.46518927 488
1056 9.4067054 5.0361749 0.43695838 1.7799819 -0.73611881 0.4685878 116
1057 4.8231133 0.3498834 2.6331108 1.7708293 -0.71378362 0.47181718 246
1058 0.23952117 3.6635919 1.8292632 1.759975 -0.69092811 0.47487623 378
1059 7.655929 6.9773004 1.0254156 1.7474295 -0.66756894 0.47776386 12
1060 3.0723369 2.2910089 0.22156807 1.7332049 -0.64372315 0.48047902 148
1061 10.488745 5.6047174 2.4177205 1.7173148 -0.61940811 0.48302073 286
1062 5.9051526 0.9184259 1.6138729 1.6997745 -0.59464155 0.48538808 426
1063 1.3215605 4.2321344 0.81002534 1.6806008 -0.56944152 0.4875802 68
1064 8.7379684 7.5458429 0.0061777634 1.6598122 -0.5438264 0.48959632 212
1065 4.1543762 2.8595514 2.2023302 1.6374287 -0.51781485 0.4914357 358
1066 11.570784 6.1732599 1.3984826 1.6134717 -0.49142584 0.49309767 6
1067 6.987192 1.4869684 0.59463503 1.5879643 -0.46467859 0.49458164 156
1068 2.4035998 4.8006769 2.7907875 1.560931 -0.43759262 0.49588708 308
1069 9.8200077 0.11438539 1.9869399 1.5323977 -0.41018766 0.4970135 462
1070 5.2364156 3.4280939 1.1830923 1.502392 -0.3824837 0.49796051 118
1071 0.65282342 6.7418024 0.37924472 1.4709425 -0.35450092 0.49872775 276
1072 8.0692313 2.0555109 2.5753971 1.4380796 -0.32625972 0.49931497 436
1073 3.4856391 5.3692194 1.7715496 1.4038348 -0.2977807 0.49972193 98
1074 10.902047 0.68292788 0.96770199 1.368241 -0.26908461 0.4999485 262
1075 6.3184549 3.9966364 0.16385441 1.3313325 -0.24019236 0.4999946 428
1076 1.7348627 7.3103449 2.3600068 1.2931446 -0.21112503 0.4998602 96
1077 9.1512706 2.6240534 1.5561593 1.2537142 -0.18190379 0.49954536 266
1078 4.5676785 5.9377619 0.75231168 1.213079 -0.15254996 0.49905019 438
1079 11.984086 1.2514704 2.9484641 1.1712781 -0.12308492 0.49837487 112
1080 7.4004942 4.5651789 2.1446165 1.1283517 -0.093530163 0.49751963 288
1081 2.8169021 7.8788874 1.3407689 1.0843411 -0.063907224 0.4964848 466
1082 10.23331 3.1925959 0.53692137 1.0392885 -0.034237699 0.49527075 146
1083 5.6497178 6.5063044 2.7330738 0.99323723 -0.0045432171 0.4938779 328
1084 1.0661257 1.8200129 1.9292262 0.94623153 0.025154577 0.49230678 12
1085 8.4825335 5.1337214 1.1253786 0.89831657 0.054834035 0.49055793 198
1086 3.8989414 0.44742987 0.32153106 0.8495384 0.084473521 0.488632 386
1087 11.315349 3.7611384 2.5176835 0.79994388 0.11405143 0.48652968 76
1088 6.7317571 7.0748469 1.7138359 0.74958069 0.1435462 0.48425172 268
1089 2.148165 2.3885554 0.90998833 0.6984972 0.17293633 0.48179896 462
1090 9.5645729 5.7022639 0.10614075 0.64674251 0.2022004 0.47917227 158
1091 4.9809807 1.0159724 2.3022932 0.59436635 0.23131707 0.47637261 356
1092 0.39738858 4.3296809 1.4984456 0.54141905 0.26026513 0.47340098 56
1093 7.8137964 7.6433894 0.69459802 0.48795149 0.28902346 0.47025846 258
1094 3.2302043 2.9570979 2.8907504 0.43401505 0.3175711 0.46694618 462
1095 10.646612 6.2708064 2.0869029 0.37966155 0.34588725 0.46346533 168
1096 6.06302 1.5845149 1.2830553 0.32494322 0.37395127 0.45981718 376
1097 1.4794279 4.8982234 0.47920771 0.26991265 0.40174269 0.45600305 86
1098 8.8958358 0.21193186 2.6753601 0.21462271 0.42924126 0.4520243 298
1099 4.3122436 3.5256404 1.8715126 0.15912654 0.45642693 0.44788237 12
1100 11.728652 6.8393489 1.067665 0.10347746 0.48327988 0.44357876 228
1101 7.1450594 2.1530574 0.2638174 0.047728946 0.50978055 0.43911503 446
1102 2.5614672 5.4667659 2.4599698 -0.0080654319 0.53590961 0.43449278 166
1103 9.9778751 0.78047435 1.6561222 -0.06385206 0.56164801 0.42971369 388
1104 5.394283 4.0941829 0.85227467 -0.11957733 0.586977 0.42477947 112
1105 0.81069082 7.4078914 0.048427095 -0.1751877 0.6118781 0.41969191 338
1106 8.2270987 2.7215998 2.2445795 -0.23062972 0.63633318 0.41445284 66
1107 3.6435066 6.0353083 1.4407319 -0.28585013 0.6603244 0.40906417 296
1108 11.059914 1.3490168 0.63688436 -0.34079586 0.68383426 0.40352782 28
1109 6.4763223 4.6627253 2.8330368 -0.3954141 0.70684565 0.39784581 262
1110 1.8927302 7.9764338 2.0291892 -0.44965239 0.72934177 0.39202018 498
1111 9.309138 3.2901423 1.2253416 -0.5034586 0.75130624 0.38605303 236
1112 4.7255459 6.6038508 0.42149405 -0.55678101 0.77272304 0.37994653 476
1113 0.14195375 1.9175593 2.6176465 -0.60956841 0.79357656 0.37370286 218
1114 7.5583616 5.2312678 1.8137989 -0.66177006 0.81385159 0.3673243 462
1115 2.9747695 0.54497634 1.0099513 -0.7133358 0.83353336 0.36081313 208
1116 10.391177 3.8586848 0.20610374 -0.76421607 0.85260753 0.35417171 456
1117 5.8075852 7.1723933 2.4022562 -0.814362 0.87106018 0.34740244 206
1118 1.2239931 2.4861018 1.5984086 -0.86372538 0.88887787 0.34050777 458
1119 8.6404009 5.7998103 0.79456101 -0.91225879 0.9060476 0.33349017 212
1120 4.0568088 1.1135188 2.9907134 -0.95991559 0.92255687 0.32635219 468
1121 11.473217 4.4272273 2.1868659 -1.00665 0.93839363 0.3190964 226
1122 6.8896245 7.7409358 1.3830183 -1.0524171 0.95354634 0.31172541 486
1123 2.3060324 3.0546443 0.5791707 -1.0971729 0.96800397 0.3042419 248
1124 9.7224403 6.3683528 2.7753231 -1.1408744 0.98175596 0.29664856 12
1125 5.1388481 1.6820613 1.9714755 -1.1834796 0.99479229 0.28894813 278
1126 0.55525599 4.9957698 1.167628 -1.2249475 1.0071035 0.2811434 46
1127 7.9716639 0.30947833 0.36378039 -1.2652384 1.0186805 0.27323718 316
1128 3.3880717 3.6231868 2.5599328 -1.3043135 1.029515 0.26523232 88
1129 10.80448 6.9368953 1.7560852 -1.3421352 1.039599 0.25713171 362
1130 6.2208875 2.2506038 0.95223766 -1.3786673 1.0489251 0.24893828 138
1131 1.6372953 5.5643123 0.14839009 -1.4138746 1.0574867 0.24065499 416
1132 9.0537032 0.87802082 2.3445425 -1.4477232 1.0652774 0.23228483 196
1133 4.470111 4.1917293 1.5406949 -1.4801807 1.0722915 0.22383081 478
1134 11.886519 7.5054378 0.73684735 -1.5112158 1.078524 0.21529599 262
1135 7.3029268 2.8191463 2.9329998 -1.5407988 1.0839703 0.20668345 48
1136 2.7193346 6.1328548 2.1291522 -1.5689012 1.0886265 0.1979963 336
1137 10.135743 1.4465633 1.3253046 -1.595496 1.0924891 0.18923768 126
1138 5.5521504 4.7602718 0.52145704 -1.6205577 1.0955553 0.18041075 418
1139 0.96855824 0.073980315 2.7176095 -1.6440621 1.0978229 0.17151869 212
1140 8.3849661 3.3876888 1.9137619 -1.6659867 1.0992902 0.16256471 8
1141 3.801374 6.7013973 1.1099143 -1.6863104 1.0999562 0.15355205 306
1142 11.217782 2.0151058 0.30606673 -1.7050137 1.0998203 0.14448395 106
1143 6.6341897 5.3288143 2.5022192 -1.7220787 1.0988828 0.1353637 408
1144 2.0505976 0.64252281 1.6983716 -1.7374888 1.0971442 0.12619459 212
1145 9.4670054 3.9562313 0.894524 -1.7512293 1.0946059 0.11697992 18
1146 4.8834133 7.2699398 0.090676426 -1.7632871 1.0912696 0.10772302 326
1147 0.29982116 2.5836483 2.2868288 -1.7736504 1.0871378 0.098427236 136
1148 7.716229 5.8973568 1.4829813 -1.7823095 1.0822136 0.08909592 448
1149 3.1326369 1.2110653 0.67913369 -1.7892558 1.0765005 0.079732441 262
1150 10.549045 4.5247738 2.8752861 -1.7944828 1.0700026 0.07034018 78
1151 5.9654526 7.8384823 2.0714385 -1.7979855 1.0627248 0.060922527 396
1152 1.3818605 3.1521908 1.267591 -1.7997604 1.0546723 0.051482881 216
1153 8.7982683 6.4658993 0.46374338 -1.7998059 1.045851 0.042024651 38
1154 4.2146762 1.7796078 2.6598958 -1.798122 1.0362673 0.03255125 362
1155 11.631084 5.0933163 1.8560482 -1.7947101 1.0259282 0.023066098 188
1156 7.0474919 0.4070248 1.0522007 -1.7895737 1.0148413 0.01357262 16
1157 2.4638998 3.7207333 0.24835308 -1.7827177 1.0030145 0.0040742425 346
1158 9.8803077 7.0344418 2.4445055 -1.7741486 0.99045666 -0.005425606 178
1159 5.2967155 2.3481503 1.6406579 -1.7638747 0.97717679 -0.014923496 12
1160 0.7131234 5.6618588 0.83681034 -1.7519058 0.9631846 -0.024415998 348
1161 8.1295313 0.97556729 0.032962766 -1.7382535 0.94849029 -0.033899687 186
1162 3.5459391 4.2892758 2.2291152 -1.7229308 0.93310458 -0.043371138 26
1163 10.962347 7.6029843 1.4252676 -1.7059526 0.91703867 -0.052826933 368
1164 6.3787549 2.9166928 0.62142003 -1.687335 0.90030428 -0.062263658 212
1165 1.7951627 6.2304013 2.8175725 -1.6670961 0.88291361 -0.071677906 58
1166 9.2115706 1.5441098 2.0137249 -1.6452552 0.86487934 -0.08106628 406
1167 4.6279785 4.8578183 1.2098773 -1.6218333 0.8462146 -0.090425389 256
1168 0.04438632 0.17152679 0.40602973 -1.596853 0.82693301 -0.099751856 108
1169 7.4607942 3.4852353 2.6021821 -1.5703383 0.80704863 -0.10904231 462
1170 2.8772021 6.7989438 1.7983346 -1.5423145 0.78657594 -0.11829341 318
1171 10.29361 2.1126523 0.99448699 -1.5128088 0.76552988 -0.1275018 176
1172 5.7100178 5.4263608 0.19063942 -1.4818493 0.74392577 -0.13666416 36
1173 1.1264256 0.74006928 2.3867918 -1.4494659 0.72177938 -0.14577719 398
1174 8.5428335 4.0537778 1.5829443 -1.4156896 0.69910684 -0.1548376 262
1175 3.9592414 7.3674863 0.77909668 -1.380553 0.67592469 -0.16384211 128
1176 11.375649 2.6811948 2.9752491 -1.3440898 0.65224981 -0.17278748 496
1177 6.7920571 5.9949033 2.1714015 -1.306335 0.62809948 -0.18167047 366
1178 2.208465 1.3086118 1.367554 -1.2673249 0.60349129 -0.19048788 238
1179 9.6248728 4.6223203 0.56370638 -1.2270971 0.57844317 -0.19923653 112
1180 5.0412807 7.9360288 2.7598588 -1.18569 0.5529734 -0.20791326 488
1181 0.45768857 3.2497373 1.9560112 -1.1431437 0.52710054 -0.21651493 366
1182 7.8740964 6.5634458 1.1521636 -1.0994988 0.50084344 -0.22503844 246
1183 3.2905043 1.8771543 0.34831607 -1.0547974 0.47422125 -0.23348071 128
1184 10.706912 5.1908628 2.5444685 -1.0090825 0.44725338 -0.2418387 12
1185 6.12332 0.50457127 1.7406209 -0.96239786 0.41995948 -0.25010939 398
1186 1.5397279 3.8182798 0.93677333 -0.91478846 0.39235944 -0.2582898 286
1187 8.9561358 7.1319883 0.13292576 -0.86630001 0.36447339 -0.26637696 176
1188 4.3725436 2.4456968 2.3290782 -0.81697912 0.33632166 -0.27436796 68
1189 11.788951 5.7594053 1.5252306 -0.76687317 0.30792476 -0.28225992 462
1190 7.2053594 1.0731138 0.72138302 -0.71603032 0.2793034 -0.29004999 358
1191 2.6217672 4.3868223 2.9175354 -0.66449942 0.25047844 -0.29773535 256
1192 10.038175 7.7005308 2.1136879 -0.61232999 0.2214709 -0.30531323 156
1193 5.4545829 3.0142393 1.3098403 -0.55957215 0.19230191 -0.3127809 58
1194 0.87099081 6.3279478 0.50599272 -0.50627661 0.16299274 -0.32013566 462
1195 8.2873987 1.6416563 2.7021451 -0.45249457 0.13356475 -0.32737485 368
1196 3.7038065 4.9553648 1.8982976 -0.39827772 0.10403941 -0.33449586 276
1197 11.120214 0.26907326 1.09445 -0.34367816 0.074438218 -0.34149613 186
1198 6.5366223 3.5827818 0.29060241 -0.28874835 0.044782769 -0.34837312 98
1199 1.9530301 6.8964903 2.4867548 -0.23354107 0.015094675 -0.35512435 12
1200 9.369438 2.2101988 1.6829073 -0.17810938 -0.014604422 -0.36174738 428
300 1200 303600
1 9.9364079 5.9537085 2.6461524 1.0619145 0.66025976 0.0094994284 59
2 5.3528157 1.267417 1.8423048 1.1064521 0.63626726 0.018995428 79
3 0.76922359 4.5811255 1.0384573 1.1499265 0.61181095 0.02848457 101
4 8.1856315 7.894834 0.23460969 1.1922959 0.58690865 0.037963429 125
5 3.6020393 3.2085425 2.4307621 1.2335196 0.56157853 0.047428584 151
6 11.018447 6.522251 1.6269145 1.273558 0.53583903 0.056876618 179
7 6.4348551 1.8359595 0.82306696 1.3123726 0.50970894 0.06630412 209
8 1.8512629 5.149668 0.019219382 1.3499261 0.48320729 0.075707687 241
9 9.2676708 0.46337649 2.2153718 1.3861824 0.4563534 0.085083925 275
10 4.6840787 3.777085 1.4115242 1.4211067 0.42916685 0.094429447 311
11 0.10048652 7.0907935 0.60767665 1.4546655 0.40166746 0.10374088 349
12 7.5168944 2.404502 2.8038291 1.4868264 0.37387527 0.11301487 389
13 2.9333022 5.7182105 1.9999815 1.5175586 0.34581054 0.12224806 431
14 10.34971 1.031919 1.1961339 1.5468325 0.31749373 0.13143711 475
15 5.766118 4.3456275 0.39228634 1.5746201 0.28894549 0.14057873 21
16 1.1825258 7.659336 2.5884388 1.6008945 0.26018661 0.14966959 69
17 8.5989337 2.9730445 1.7845912 1.6256307 0.23123807 0.15870642 119
18 4.0153416 6.286753 0.98074361 1.6488047 0.20212097 0.16768597 171
19 11.431749 1.6004615 0.17689603 1.6703943 0.17285652 0.17660498 225
20 6.8481573 4.91417 2.3730485 1.6903788 0.14346608 0.18546023 281
21 2.2645652 0.22787848 1.5692009 1.708739 0.11397105 0.19424854 339
22 9.680973 3.541587 0.7653533 1.7254573 0.084392949 0.20296673 399
23 5.0973809 6.8552955 2.9615057 1.7405175 0.054753325 0.21161165 461
24 0.51378876 2.169004 2.1576581 1.7539052 0.025073788 0.22018018 25
25 7.9301966 5.4827125 1.3538106 1.7656075 -0.0046240269 0.22866922 91
26 3.3466045 0.79642097 0.54996299 1.7756132 -0.034318471 0.23707572 159
27 10.763012 4.1101295 2.7461154 1.7839127 -0.063987898 0.24539664 229
28 6.1794202 7.423838 1.9422678 1.790498 -0.093610681 0.25362897 301
29 1.5958281 2.7375465 1.1384203 1.7953628 -0.12316523 0.26176975 375
30 9.012236 6.051255 0.33457268 1.7985023 -0.15262999 0.26981602 451
31 4.4286438 1.3649635 2.5307251 1.7999136 -0.18198349 0.2777649 29
32 11.845052 4.678672 1.7268775 1.7995954 -0.21120434 0.28561351 109
33 7.2614595 7.9923805 0.92302995 1.7975479 -0.24027122 0.29335901 191
34 2.6778674 3.306089 0.11918237 1.793773 -0.26916296 0.30099862 275
35 10.094275 6.6197975 2.3153348 1.7882745 -0.29785849 0.30852957 361
36 5.5106831 1.933506 1.5114872 1.7810576 -0.3263369 0.31594914 449
37 0.92709101 5.2472145 0.70763964 1.7721293 -0.35457742 0.32325466 39
38 8.3434989 0.56092296 2.9037921 1.761498 -0.38255946 0.33044348 131
39 3.7599067 3.8746315 2.0999445 1.7491741 -0.41026264 0.33751302 225
40 11.176315 7.18834 1.2960969 1.7351694 -0.43766676 0.34446072 321
41 6.5927225 2.5020485 0.49224933 1.7194973 -0.46475184 0.35128408 419
42 2.0091303 5.815757 2.6884018 1.7021729 -0.49149813 0.35798062 19
43 9.4255382 1.1294655 1.8845542 1.6832129 -0.51788614 0.36454794 121
44 4.8419461 4.443174 1.0807066 1.6626354 -0.54389664 0.37098366 225
45 0.25835393 7.7568825 0.27685902 1.6404602 -0.56951066 0.37728546 331
46 7.6747618 3.070591 2.4730114 1.6167087 -0.59470953 0.38345106 439
47 3.0911697 6.3842995 1.6691639 1.5914037 -0.61947489 0.38947824 49
48 10.507578 1.698008 0.86531629 1.5645694 -0.64378868 0.39536483 161
49 5.9239854 5.0117164 0.061468713 1.5362317 -0.66763317 0.40110869 275
50 1.3403933 0.32542495 2.2576211 1.5064178 -0.69099098 0.40670775 391
51 8.7568011 3.6391334 1.4537736 1.4751564 -0.7138451 0.41216 9
52 4.173209 6.9528419 0.64992598 1.4424774 -0.73617885 0.41746346 129
53 11.589617 2.2665504 2.8460784 1.4084124 -0.75797597 0.42261623 251
54 7.0060247 5.5802589 2.0422308 1.3729939 -0.77922055 0.42761643 375
55 2.4224326 0.89396744 1.2383832 1.3362561 -0.79989711 0.43246227 501
56 9.8388404 4.2076759 0.43453567 1.2982343 -0.81999059 0.43715199 129
57 5.2552483 7.5213844 2.6306881 1.258965 -0.83948632 0.44168391 259
58 0.67165617 2.8350929 1.8268405 1.2184859 -0.85837011 0.44605638 391
59 8.088064 6.1488014 1.0229929 1.1768359 -0.87662819 0.45026784 25
60 3.5044719 1.4625099 0.21914536 1.1340551 -0.89424724 0.45431675 161
61 10.92088 4.7762184 2.4152978 1.0901846 -0.91121443 0.45820166 299
62 6.3372876 0.089926936 1.6114502 1.0452664 -0.92751738 0.46192116 439
63 1.7536955 3.4036354 0.80760263 0.99934389 -0.94314421 0.46547391 81
64 9.1701034 6.7173439 0.0037550534 0.95246104 -0.95808353 0.46885863 225
65 4.5865112 2.0310524 2.1999075 0.90466295 -0.97232445 0.4720741 371
66 0.00291909 5.3447609 1.3960599 0.85599555 -0.98585659 0.47511916 19
67 7.419327 0.65846943 0.59221232 0.8065056 -0.99867008 0.4779927 169
68 2.8357348 3.9721779 2.7883647 0.75624067 -1.0107556 0.48069369 321
69 10.252143 7.2858864 1.9845172 0.70524904 -1.0221043 0.48322116 475
70 5.6685506 2.5995949 1.1806696 0.65357972 -1.0327079 0.48557419 131
71 1.0849584 5.9133034 0.37682201 0.60128237 -1.0425588 0.48775193 289
72 8.5013663 1.2270119 2.5729744 0.54840723 -1.0516497 0.4897536 449
73 3.9177741 4.5407204 1.7691269 0.49500511 -1.0599739 0.49157848 111
74 11.334182 7.8544289 0.96527928 0.44112733 -1.0675255 0.49322589 275
75 6.7505899 3.1681374 0.1614317 0.38682566 -1.0742989 0.49469526 441
76 2.1669977 6.4818459 2.3575841 0.33215228 -1.0802892 0.49598605 109
77 9.5834056 1.7955544 1.5537365 0.27715972 -1.085492 0.4970978 279
78 4.9998135 5.1092629 0.74988897 0.22190084 -1.0899035 0.4980301 451
79 0.41622134 0.42297142 2.9460414 0.16642873 -1.0935206 0.49878261 125
80 7.8326292 3.7366799 2.1421938 0.11079669 -1.0963405 0.49935507 301
81 3.2490371 7.0503884 1.3383462 0.055058187 -1.0983612 0.49974727 479
82 10.665445 2.3640969 0.53449866 -0.00073322352 -1.0995813 0.49995906 159
83 6.0818528 5.6778054 2.7306511 -0.05652393 -1.0999998 0.49999038 341
84 1.4982607 0.99151391 1.9268035 -0.11226032 -1.0996165 0.4998412 25
85 8.9146685 4.3052224 1.1229559 -0.16788884 -1.0984316 0.49951159 211
86 4.3310764 7.6189309 0.31910835 -0.22335603 -1.096446 0.49900166 399
87 11.747484 2.9326394 2.5152608 -0.27860859 -1.0936611 0.49831159 89
88 7.1638921 6.2463479 1.7114132 -0.33359343 -1.090079 0.49744164 281
89 2.5803 1.5600564 0.90756562 -0.38825771 -1.0857023 0.49639212 475
90 9.9967079 4.8737649 0.10371804 -0.44254891 -1.0805342 0.4951634 171
91 5.4131157 0.18747341 2.2998705 -0.49641485 -1.0745783 0.49375594 369
92 0.82952358 3.5011819 1.4960229 -0.54980377 -1.0678392 0.49217024 69
93 8.2459314 6.8148904 0.69217531 -0.60266438 -1.0603217 0.49040686 271
94 3.6623393 2.1285989 2.8883277 -0.65494587 -1.0520312 0.48846646 475
95 11.078747 5.4423074 2.0844802 -0.70659801 -1.0429739 0.48634973 181
96 6.495155 0.7560159 1.2806326 -0.75757116 -1.0331563 0.48405742 389
97 1.9115629 4.0697244 0.476785 -0.80781635 -1.0225855 0.48159038 99
98 9.3279708 7.3834329 2.6729374 -0.85728528 -1.0112693 0.47894949 311
99 4.7443786 2.6971414 1.8690898 -0.90593043 -0.99921598 0.47613571 25
100 0.1607865 6.0108499 1.0652423 -0.95370505 -0.98643426 0.47315004 241
101 7.5771944 1.3245584 0.26139469 -1.0005632 -0.97293346 0.46999358 459
102 2.9936022 4.6382669 2.4575471 -1.04646 -0.95872344 0.46666745 179
103 10.41001 7.9519754 1.6536995 -1.0913511 -0.94381456 0.46317286 401
104 5.826418 3.2656839 0.84985196 -1.1351936 -0.92821767 0.45951106 125
105 1.2428258 6.5793924 0.046004385 -1.1779452 -0.91194416 0.45568339 351
106 8.6592337 1.8931009 2.2421568 -1.2195649 -0.89500588 0.45169123 79
107 4.0756416 5.2068094 1.4383092 -1.2600127 -0.87741518 0.447536 309
108 11.492049 0.52051789 0.63446165 -1.2992497 -0.85918488 0.44321922 41
109 6.9084573 3.8342264 2.8306141 -1.3372382 -0.84032827 0.43874245 275
110 2.3248652 7.1479349 2.0267665 -1.3739418 -0.8208591 0.43410729 11
111 9.741273 2.4616434 1.2229189 -1.4093251 -0.80079157 0.42931543 249
112 5.1576809 5.7753519 0.41907134 -1.4433541 -0.78014029 0.42436858 489
113 0.57408875 1.0890604 2.6152238 -1.4759962 -0.75892032 0.41926855 231
114 7.9904966 4.4027689 1.8113762 -1.50722 -0.73714713 0.41401716 475
115 3.4069045 7.7164774 1.0075286 -1.5369954 -0.7148366 0.40861632 221
116 10.823312 3.0301859 0.20368103 -1.565294 -0.69200498 0.40306797 469
117 6.2397202 6.3438944 2.3998335 -1.5920884 -0.66866892 0.39737412 219
118 1.6561281 1.6576029 1.5959859 -1.6173529 -0.64484543 0.39153682 471
119 9.0725359 4.9713114 0.7921383 -1.6410633 -0.62055188 0.38555818 225
120 4.4889438 0.28501988 2.9882907 -1.6631967 -0.59580597 0.37944035 481
121 11.905352 3.5987284 2.1844431 -1.6837319 -0.57062575 0.37318556 239
122 7.3217595 6.9124369 1.3805956 -1.7026492 -0.54502956 0.36679605 499
123 2.7381674 2.2261454 0.57674799 -1.7199304 -0.51903607 0.36027412 261
124 10.154575 5.5398539 2.7729004 -1.7355588 -0.49266423 0.35362215 25
125 5.5709831 0.85356237 1.9690528 -1.7495196 -0.46593326 0.34684252 291
126 0.98739099 4.1672709 1.1652053 -1.7617991 -0.43886264 0.33993768 59
127 8.4037989 7.4809794 0.36135768 -1.7723857 -0.41147212 0.33291013 329
128 3.8202067 2.7946879 2.5575101 -1.7812692 -0.38378164 0.3257624 101
129 11.236615 6.1083964 1.7536625 -1.788441 -0.35581141 0.31849708 375
130 6.6530224 1.4221049 0.94981495 -1.7938943 -0.32758181 0.31111678 151
131 2.0694303 4.7358134 0.14596738 -1.7976238 -0.29911341 0.30362417 429
132 9.4858382 0.049521863 2.3421198 -1.7996259 -0.27042697 0.29602196 209
133 4.902246 3.3632304 1.5382722 -1.7998987 -0.24154341 0.28831288 491
134 0.31865391 6.6769389 0.73442464 -1.7984419 -0.21248377 0.28049973 275
135 7.7350618 1.9906474 2.9305771 -1.795257 -0.18326923 0.27258532 61
136 3.1514696 5.3043559 2.1267295 -1.7903469 -0.15392111 0.26457251 349
137 10.567878 0.61806436 1.3228819 -1.7837165 -0.12446078 0.25646419 139
138 5.9842854 3.9317729 0.51903433 -1.7753721 -0.094909723 0.2482633 431
139 1.4006932 7.2454814 2.7151868 -1.7653216 -0.065289483 0.23997278 225
140 8.8171011 2.5591899 1.9113392 -1.7535748 -0.03562165 0.23159563 21
141 4.233509 5.8728984 1.1074916 -1.740143 -0.0059278497 0.22313488 319
142 11.649917 1.1866069 0.30364402 -1.7250391 0.023770271 0.21459358 119
143 7.0663247 4.5003154 2.4997964 -1.7082775 0.053451065 0.20597482 421
144 2.4827326 7.8140239 1.6959489 -1.6898743 0.083092895 0.1972817 225
145 9.8991404 3.1277323 0.89210129 -1.6698474 0.11267415 0.18851736 31
146 5.3155483 6.4414408 0.088253716 -1.6482158 0.14217328 0.17968498 339
147 0.73195615 1.7551493 2.2844061 -1.6250005 0.17156876 0.17078772 149
148 8.148364 5.0688578 1.4805586 -1.6002236 0.20083919 0.16182882 461
149 3.5647719 0.38256635 0.67671098 -1.573909 0.2299632 0.15281149 275
150 10.98118 3.6962748 2.8728634 -1.5460821 0.25891959 0.14373901 91
151 6.3975876 7.0099833 2.0690158 -1.5167695 0.28768723 0.13461463 409
152 1.8139955 2.3236918 1.2651683 -1.4859993 0.31624516 0.12544166 229
153 9.2304033 5.6374003 0.46132067 -1.4538013 0.34457257 0.11622341 51
154 4.6468112 0.95110884 2.6574731 -1.4202062 0.37264879 0.1069632 375
155 0.063219075 4.2648173 1.8536255 -1.3852465 0.40045337 0.097664379 201
156 7.4796269 7.5785258 1.0497779 -1.3489556 0.42796604 0.088330302 29
157 2.8960348 2.8922343 0.24593037 -1.3113685 0.45516674 0.078964339 359
158 10.312443 6.2059428 2.4420828 -1.2725213 0.48203565 0.069569871 191
159 5.7288505 1.5196513 1.6382352 -1.2324512 0.50855317 0.060150289 25
160 1.1452584 4.8333598 0.83438763 -1.1911969 0.53469997 0.050708993 361
161 8.5616663 0.14706833 0.030540056 -1.1487979 0.56045701 0.041249392 199
162 3.9780741 3.4607768 2.2266925 -1.105295 0.5858055 0.0317749 39
163 11.394482 6.7744853 1.4228449 -1.0607301 0.61072696 0.022288938 381
164 6.8108899 2.0881938 0.61899732 -1.0151458 0.63520323 0.01279493 225
165 2.2272977 5.4019023 2.8151497 -0.96858606 0.65921646 0.0032963029 71
166 9.6437056 0.71561083 2.0113022 -0.92109559 0.68274915 -0.006203514 419
167 5.0601135 4.0293193 1.2074546 -0.87272001 0.70578415 -0.015701092 269
168 0.47652132 7.3430278 0.40360702 -0.82350582 0.72830467 -0.025193001 121
169 7.8929292 2.6567363 2.5997594 -0.7735003 0.75029428 -0.034675816 475
170 3.3093371 5.9704448 1.7959119 -0.7227515 0.77173696 -0.044146114 331
171 10.725745 1.2841533 0.99206428 -0.6713082 0.79261708 -0.053600475 189
172 6.1421528 4.5978618 0.18821671 -0.61921982 0.81291942 -0.063035488 49
173 1.5585606 7.9115703 2.3843691 -0.56653642 0.83262917 -0.072447745 411
174 8.9749685 3.2252788 1.5805216 -0.51330862 0.85173197 -0.081833849 275
175 4.3913764 6.5389873 0.77667397 -0.45958757 0.8702139 -0.091190412 141
176 11.807784 1.8526958 2.9728264 -0.40542489 0.88806149 -0.10051406 9
177 7.2241921 5.1664043 2.1689788 -0.35087263 0.90526171 -0.10980142 379
178 2.6406 0.48011281 1.3651312 -0.29598321 0.92180204 -0.11904914 251
179 10.057008 3.7938213 0.56128367 -0.24080938 0.93767041 -0.12825389 125
180 5.4734157 7.1075298 2.7574361 -0.18540414 0.95285527 -0.13741234 501
181 0.88982356 2.4212383 1.9535885 -0.12982074 0.96734554 -0.14652118 379
182 8.3062314 5.7349468 1.1497409 -0.074112597 0.98113065 -0.15557713 259
183 3.7226393 1.0486553 0.34589336 -0.018333236 0.99420056 -0.16457692 141
184 11.139047 4.3623638 2.5420458 0.037463742 1.0065457 -0.1735173 25
185 6.555455 7.6760723 1.7381982 0.09322472 1.0181572 -0.18239504 411
186 1.9718629 2.9897808 0.93435062 0.14889612 1.0290265 -0.19120694 299
187 9.3882708 6.3034893 0.13050305 0.20442443 1.0391456 -0.19994982 189
188 4.8046786 1.6171978 2.3266555 0.25975632 1.0485073 -0.20862052 81
189 0.22108648 4.9309063 1.5228079 0.31483859 1.0571046 -0.2172159 475
190 7.6374943 0.2446148 0.71896031 0.36961833 1.0649314 -0.22573288 371
191 3.0539022 3.5583233 2.9151127 0.4240429 1.0719819 -0.23416836 269
192 10.47031 6.8720318 2.1112652 0.47805999 1.0782509 -0.24251932 169
193 5.8867179 2.1857403 1.3074176 0.53161771 1.083734 -0.25078272 71
194 1.3031258 5.4994488 0.50357001 0.58466458 1.088427 -0.2589556 475
195 8.7195337 0.8131573 2.6997224 0.63714963 1.0923267 -0.267035 381
196 4.1359415 4.1268658 1.8958749 0.68902243 1.09543 -0.275018 289
197 11.552349 7.4405743 1.0920273 0.74023314 1.0977349 -0.28290172 199
198 6.9687573 2.7542828 0.2881797 0.79073253 1.0992396 -0.29068332 111
199 2.3851651 6.0679913 2.4843321 0.8404721 1.0999429 -0.29835999 25
200 9.801573 1.3816998 1.6804845 0.88940403 1.0998445 -0.30592895 441
201 5.2179809 4.6954083 0.87663696 0.93748132 1.0989443 -0.31338747 359
202 0.63438873 0.0091167899 0.072789387 0.98465776 1.0972431 -0.32073286 279
203 8.0507966 3.3228253 2.2689418 1.030888 1.094742 -0.32796247 201
204 3.4672045 6.6365338 1.4650942 1.0761277 1.0914428 -0.33507369 125
205 10.883612 1.9502423 0.66124666 1.1203332 1.0873481 -0.34206396 51
206 6.3000202 5.2639508 2.8573991 1.1634623 1.0824607 -0.34893074 479
207 1.7164281 0.57765928 2.0535515 1.2054733 1.0767843 -0.35567156 409
208 9.1328359 3.8913678 1.2497039 1.246326 1.0703229 -0.36228399 341
209 4.5492438 7.2050763 0.44585635 1.285981 1.0630814 -0.36876564 275
210 11.965652 2.5187848 2.6420088 1.3244003 1.0550648 -0.37511416 211
211 7.3820595 5.8324933 1.8381612 1.361547 1.0462792 -0.38132728 149
212 2.7984674 1.1462018 1.0343136 1.3973853 1.0367309 -0.38740274 89
213 10.214875 4.4599103 0.23046604 1.4318808 1.0264269 -0.39333835 31
214 5.6312831 7.7736188 2.4266185 1.4650004 1.0153746 -0.39913197 475
215 1.047691 3.0873273 1.6227709 1.4967123 1.0035822 -0.40478151 421
216 8.4640988 6.4010358 0.81892331 1.5269859 0.99105824 -0.41028493 369
217 3.8805067 1.7147443 0.015075728 1.5557922 0.97781182 -0.41564024 319
218 11.296915 5.0284528 2.2112282 1.5831036 0.96385262 -0.4208455 271
219 6.7133224 0.34216127 1.4073806 1.6088936 0.94919081 -0.42589885 225
220 2.1297303 3.6558698 0.603533 1.6331377 0.93383708 -0.43079845 181
221 9.5461382 6.9695783 2.7996854 1.6558124 0.91780263 -0.43554254 139
222 4.962546 2.2832868 1.9958378 1.6768961 0.90109914 -0.4401294 99
223 0.3789539 5.5969953 1.1919903 1.6963683 0.88373879 -0.44455738 61
224 7.7953618 0.91070377 0.38814269 1.7142105 0.86573423 -0.44882488 25
225 3.2117696 4.2244123 2.5842951 1.7304055 0.84709859 -0.45293036 491
226 10.628177 7.5381208 1.7804475 1.7449376 0.82784545 -0.45687233 459
227 6.0445854 2.8518293 0.97659996 1.7577931 0.80798885 -0.46064938 429
228 1.4609932 6.1655378 0.17275238 1.7689594 0.78754326 -0.46426014 401
229 8.8774011 1.4792463 2.3689048 1.7784259 0.76652359 -0.46770331 375
230 4.293809 4.7929548 1.5650572 1.7861834 0.74494516 -0.47097764 351
231 11.710217 0.10666326 0.76120965 1.7922246 0.72282369 -0.47408195 329
232 7.1266247 3.4203718 2.9573621 1.7965436 0.70017532 -0.47701513 309
233 2.5430325 6.7340803 2.1535145 1.7991362 0.67701655 -0.47977611 291
234 9.9594404 2.0477888 1.3496669 1.8 0.65336427 -0.48236389 275
235 5.3758483 5.3614973 0.54581934 1.7991341 0.62923571 -0.48477755 261
236 0.79225614 0.67520575 2.7419718 1.7965395 0.60464846 -0.4870162 249
237 8.208664 3.9889143 1.9381242 1.7922184 0.57962046 -0.48907905 239
238 3.6250719 7.3026228 1.1342766 1.7861752 0.55416994 -0.49096535 231
239 11.04148 2.6163313 0.33042903 1.7784157 0.52831545 -0.49267441 225
240 6.4578876 5.9300398 2.5265815 1.7689471 0.50207584 -0.49420563 221
241 1.8742955 1.2437482 1.7227339 1.7577788 0.47547025 -0.49555844 219
242 9.2907033 4.5574567 0.9188863 1.7449214 0.44851805 -0.49673236 219
243 4.7071112 7.8711652 0.11503872 1.7303873 0.42123891 -0.49772696 221
244 0.12351906 3.1848737 2.3111911 1.7141903 0.3936527 -0.49854189 225
245 7.5399269 6.4985822 1.5073436 1.6963462 0.36577954 -0.49917685 231
246 2.9563348 1.8122907 0.70349599 1.676872 0.33763973 -0.49963162 239
247 10.372743 5.1259992 2.8996484 1.6557865 0.30925381 -0.49990602 249
248 5.7891505 0.43970774 2.0958008 1.6331099 0.28064245 -0.49999996 261
249 1.2055584 3.7534162 1.2919533 1.608864 0.25182652 -0.49991341 275
250 8.6219663 7.0671247 0.48810568 1.5830721 0.22282701 -0.49964639 291
251 4.0383741 2.3808332 2.6842581 1.555759 0.19366508 -0.49919901 309
252 11.454782 5.6945417 1.8804105 1.5269509 0.16436197 -0.49857142 329
253 6.8711898 1.0082502 1.0765629 1.4966756 0.13493905 -0.49776386 351
254 2.2875977 4.3219587 0.27271537 1.464962 0.10541776 -0.4967766 375
255 9.7040056 7.6356672 2.4688678 1.4318408 0.075819633 -0.49561002 401
256 5.1204134 2.9493757 1.6650202 1.3973436 0.046166234 -0.49426452 429
257 0.53682131 6.2630842 0.86117264 1.3615037 0.016479181 -0.4927406 459
258 7.9532292 1.5767927 0.057325059 1.3243555 -0.013219884 -0.49103881 491
259 3.369637 4.8905012 2.2534775 1.2859347 -0.042909313 -0.48915976 25
260 10.786045 0.20420973 1.4496299 1.2462783 -0.072567463 -0.48710412 61
261 6.2024528 3.5179182 0.64578233 1.2054242 -0.10217271 -0.48487265 99
262 1.6188606 6.8316267 2.8419348 1.1634118 -0.13170349 -0.48246614 139
263 9.0352685 2.1453352 2.0380872 1.1202815 -0.16113825 -0.47988547 181
264 4.4516764 5.4590437 1.2342396 1.0760747 -0.19045555 -0.47713157 225
265 11.868084 0.77275222 0.43039202 1.0308338 -0.21963402 -0.47420542 271
266 7.2844921 4.0864607 2.6265444 0.98460241 -0.24865239 -0.47110809 319
267 2.7009 7.4001692 1.8226969 0.93742487 -0.2774895 -0.4678407 369
268 10.117308 2.7138777 1.0188493 0.88934655 -0.30612433 -0.46440442 421
269 5.5337157 6.0275862 0.21500171 0.84041363 -0.33453601 -0.4608005 475
270 0.95012355 1.3412947 2.4111541 0.79067314 -0.36270383 -0.45703023 31
271 8.3665314 4.6550032 1.6073066 0.74017287 -0.39060725 -0.45309498 89
272 3.7829393 7.9687117 0.80345898 0.68896135 -0.41822594 -0.44899617 149
273 11.199347 3.2824202 2.9996114 0.63708779 -0.44553976 -0.44473528 211
274 6.615755 6.5961287 2.1957638 0.58460205 -0.4725288 -0.44031384 275
275 2.0321629 1.9098372 1.3919162 0.53155454 -0.49917339 -0.43573345 341
276 9.4485707 5.2235457 0.58806867 0.47799625 -0.52545411 -0.43099576 409
277 4.8649786 0.53725421 2.7842211 0.42397864 -0.55135179 -0.4261025 479
278 0.28138647 3.8509627 1.9803735 0.36955362 -0.57684756 -0.42105541 51
279 7.6977943 7.1646712 1.1765259 0.31477349 -0.60192283 -0.41585633 125
280 3.1142022 2.4783797 0.37267836 0.25969089 -0.62655933 -0.41050712 201
281 10.53061 5.7920882 2.5688308 0.20435874 -0.65073909 -0.40500973 279
282 5.9470179 1.1057967 1.7649832 0.14883022 -0.6744445 -0.39936614 359
283 1.3634258 4.4195052 0.96113563 0.093158691 -0.69765826 -0.39357837 441
284 8.7798337 7.7332137 0.15728805 0.037397638 -0.72036346 -0.38764854 25
285 4.1962415 3.0469222 2.3534405 -0.01839935 -0.74254355 -0.38157876 111
286 11.612649 6.3606307 1.5495929 -0.074178658 -0.76418236 -0.37537124 199
287 7.0290573 1.6743392 0.74574532 -0.12988669 -0.78526411 -0.36902821 289
288 2.4454651 4.9880477 2.9418977 -0.1854699 -0.80577344 -0.36255197 381
289 9.861873 0.3017562 2.1380502 -0.2408749 -0.8256954 -0.35594485 475
290 5.2782809 3.6154647 1.3342026 -0.29604843 -0.84501546 -0.34920923 71
291 0.69468872 6.9291732 0.53035501 -0.35093748 -0.86371954 -0.34234756 169
292 8.1110966 2.2428817 2.7265074 -0.40548931 -0.88179401 -0.33536231 269
293 3.5275044 5.5565902 1.9226599 -0.4596515 -0.89922569 -0.32825599 371
294 10.943912 0.87029869 1.1188123 -0.51337199 -0.91600188 -0.32103117 475
295 6.3603202 4.1840072 0.3149647 -0.56659918 -0.93211034 -0.31369047 81
296 1.776728 7.4977157 2.5111171 -0.6192819 -0.94753933 -0.30623652 189
297 9.1931359 2.8114242 1.7072695 -0.67136955 -0.96227761 -0.29867203 299
298 4.6095438 6.1251327 0.90342197 -0.72281206 -0.97631443 -0.29099972 411
299 0.025951635 1.4388412 0.09957439 -0.77356 -0.98963956 -0.28322237 25
300 7.4423595 4.7525497 2.2957268 -0.82356461 -1.0022433 -0.27534277 141
301 2.8587674 0.066258187 1.4918792 -0.87277784 -1.0141164 -0.26736378 259
302 10.275175 3.3799667 0.68803166 -0.92115239 -1.0252503 -0.25928827 379
303 5.6915831 6.6936752 2.8841841 -0.96864179 -1.0356368 -0.25111916 501
304 1.107991 2.0073837 2.0803365 -1.0152004 -1.0452684 -0.2428594 125
305 8.5243988 5.3210922 1.2764889 -1.0607835 -1.0541381 -0.23451198 251
306 3.9408067 0.63480068 0.47264135 -1.1053472 -1.0622393 -0.22607989 379
307 11.357215 3.9485092 2.6687938 -1.1488488 -1.0695662 -0.21756619 9
308 6.7736224 7.2622177 1.8649462 -1.1912465 -1.0761134 -0.20897396 141
309 2.1900303 2.5759262 1.0610986 -1.2324994 -1.0818762 -0.20030628 275
310 9.6064382 5.8896347 0.25725104 -1.272568 -1.0868504 -0.1915663 411
311 5.022846 1.2033432 2.4534035 -1.3114138 -1.0910322 -0.18275716 49
312 0.43925388 4.5170517 1.6495559 -1.3489994 -1.0944188 -0.17388206 189
313 7.8556617 7.8307602 0.84570831 -1.3852887 -1.0970076 -0.16494418 331
314 3.2720696 3.1444687 0.041860731 -1.4202469 -1.0987967 -0.15594676 475
315 10.688477 6.4581772 2.2380132 -1.4538403 -1.0997849 -0.14689304 121
316 6.1048853 1.7718857 1.4341656 -1.4860366 -1.0999713 -0.1377863 269
317 1.5212932 5.0855942 0.630318 -1.5168051 -1.0993559 -0.12862981 419
318 8.9377011 0.39930267 2.8264704 -1.5461159 -1.0979392 -0.1194269 71
319 4.3541089 3.7130112 2.0226228 -1.5739411 -1.0957221 -0.11018087 225
320 11.770517 7.0267197 1.2187753 -1.6002539 -1.0927062 -0.10089507 381
321 7.1869247 2.3404282 0.41492769 -1.6250289 -1.0888938 -0.091572841 39
322 2.6033325 5.6541367 2.6110801 -1.6482424 -1.0842877 -0.082217559 199
323 10.01974 0.96784516 1.8072325 -1.6698721 -1.0788912 -0.072832598 361
324 5.4361483 4.2815537 1.003385 -1.6898971 -1.0727082 -0.063421345 25
325 0.85255613 7.5952622 0.19953738 -1.7082983 -1.0657432 -0.053987198 191
326 8.268964 2.9089707 2.3956898 -1.7250579 -1.0580014 -0.044533562 359
327 3.6853719 6.2226792 1.5918422 -1.7401599 -1.0494883 -0.03506385 29
328 11.10178 1.5363877 0.78799465 -1.7535898 -1.0402102 -0.02558148 201
329 6.5181876 4.8500962 2.9841471 -1.7653345 -1.0301738 -0.016089875 375
330 1.9345955 0.16380466 2.1802995 -1.775383 -1.0193865 -0.0065924626 51
331 9.3510033 3.4775132 1.3764519 -1.7837254 -1.0078561 0.00290733 229
332 4.7674112 6.7912217 0.57260434 -1.7903538 -0.99559103 0.012406073 409
333 0.18381905 2.1049302 2.7687568 -1.7952618 -0.9826002 0.021900338 91
334 7.6002269 5.4186387 1.9649092 -1.7984446 -0.9688931 0.031386697 275
335 3.0166348 0.73234715 1.1610616 -1.7998994 -0.95447971 0.040861725 461
336 10.433043 4.0460557 0.35721403 -1.7996245 -0.93937056 0.050322003 149
337 5.8494505 7.3597641 2.5533665 -1.7976204 -0.92357664 0.059764115 339
338 1.2658584 2.6734726 1.7495189 -1.7938889 -0.90710948 0.069184653 31
339 8.6822662 5.9871811 0.9456713 -1.7884336 -0.88998108 0.078580217 225
340 4.0986741 1.3008896 0.14182372 -1.7812597 -0.87220392 0.087947413 421
341 11.515082 4.6145981 2.3379761 -1.7723742 -0.85379096 0.097282862 119
342 6.9314898 7.9283066 1.5341286 -1.7617856 -0.83475562 0.10658319 319
343 2.3478977 3.2420151 0.73028099 -1.749504 -0.81511179 0.11584505 21
344 9.7643056 6.5557236 2.9264334 -1.7355413 -0.79487377 0.12506508 225
345 5.1807134 1.8694321 2.1225858 -1.7199109 -0.77405633 0.13423997 431
346 0.59712129 5.1831406 1.3187383 -1.7026278 -0.75267463 0.1433664 139
347 8.0135292 0.49684914 0.51489068 -1.6837085 -0.73074427 0.15244108 349
348 3.429937 3.8105576 2.7110431 -1.6631714 -0.70828123 0.16146073 61
349 10.846345 7.1242661 1.9071955 -1.6410361 -0.68530188 0.17042209 275
350 6.2627528 2.4379746 1.1033479 -1.6173239 -0.66182298 0.17932193 491
351 1.6791606 5.7516831 0.29950037 -1.5920575 -0.63786164 0.18815703 209
352 9.0955685 1.0653916 2.4956528 -1.5652613 -0.61343532 0.19692422 429
353 4.5119763 4.3791001 1.6918052 -1.536961 -0.58856184 0.20562032 151
354 11.928384 7.6928086 0.88795764 -1.5071838 -0.56325932 0.21424219 375
355 7.3447921 3.0065171 0.084110062 -1.4759584 -0.53754621 0.22278672 101
356 2.7611999 6.3202256 2.2802625 -1.4433146 -0.51144125 0.23125083 329
357 10.177608 1.6339341 1.4764149 -1.4092839 -0.48496348 0.23963145 59
358 5.5940157 4.9476426 0.67256733 -1.3738991 -0.45813219 0.24792558 291
359 1.0104235 0.26135113 2.8687198 -1.337194 -0.43096694 0.2561302 25
360 8.4268314 3.5750596 2.0648722 -1.2992039 -0.40348753 0.26424237 261
361 3.8432393 6.8887681 1.2610246 -1.2599654 -0.375714 0.27225915 499
362 11.259647 2.2024766 0.45717702 -1.2195162 -0.34766659 0.28017764 239
363 6.676055 5.5161851 2.6533294 -1.1778952 -0.31936575 0.28799499 481
364 2.0924629 0.82989362 1.8494819 -1.1351422 -0.29083211 0.29570839 225
365 9.5088707 4.1436021 1.0456343 -1.0912985 -0.26208646 0.30331503 471
366 4.9252786 7.4573106 0.24178671 -1.0464062 -0.23314976 0.31081218 219
367 0.34168646 2.7710191 2.4379391 -1.0005083 -0.2040431 0.31819713 469
368 7.7580943 6.0847276 1.6340916 -0.95364898 -0.17478771 0.32546721 221
369 3.1745022 1.3984361 0.83024398 -0.9058733 -0.1454049 0.3326198 475
370 10.59091 4.7121446 0.026396403 -0.85722714 -0.1159161 0.33965233 231
371 6.0073179 0.025853114 2.2225488 -0.80775726 -0.086342807 0.34656224 489
372 1.4237258 3.3395616 1.4187012 -0.75751118 -0.056706569 0.35334704 249
373 8.8401336 6.6532701 0.61485367 -0.7065372 -0.027028996 0.36000429 11
374 4.2565415 1.9669786 2.8110061 -0.65488428 0.0026682811 0.36653159 275
375 11.672949 5.2806871 2.0071585 -0.60260208 0.032363613 0.37292657 41
376 7.0893572 0.59439561 1.2033109 -0.54974082 0.062035353 0.37918692 309
377 2.5057651 3.9081041 0.39946336 -0.49635129 0.091661872 0.3853104 79
378 9.922173 7.2218126 2.5956158 -0.44248482 0.12122157 0.39129478 351
379 5.3385808 2.5355211 1.7917682 -0.38819315 0.15069291 0.39713791 125
380 0.7549887 5.8492296 0.98792063 -0.33352846 0.1800544 0.40283768 401
381 8.1713966 1.1629381 0.18407305 -0.27854327 0.20928463 0.40839202 179
382 3.5878044 4.4766466 2.3802255 -0.22329042 0.23836231 0.41379894 459
383 11.004212 7.7903551 1.5763779 -0.16782301 0.26726623 0.41905649 241
384 6.4206202 3.1040636 0.77253032 -0.11219433 0.29597533 0.42416276 25
385 1.837028 6.4177721 2.9686827 -0.056457845 0.32446867 0.42911591 311
386 9.2534359 1.7314806 2.1648352 -0.00066710583 0.35272549 0.43391415 99
387 4.6698438 5.0451891 1.3609876 0.055124274 0.38072519 0.43855576 389
388 0.08625162 0.3588976 0.55714001 0.11086268 0.40844736 0.44303905 181
389 7.5026595 3.6726061 2.7532924 0.16649456 0.43587178 0.44736241 475
390 2.9190674 6.9863146 1.9494449 0.22196645 0.46297848 0.45152428 271
391 10.335475 2.3000231 1.1455973 0.27722505 0.48974769 0.45552315 69
392 5.7518831 5.6137316 0.3417497 0.33221726 0.51615989 0.45935759 369
393 1.1682909 0.92744009 2.5379021 0.38689023 0.54219583 0.4630262 171
394 8.5846988 4.2411486 1.7340545 0.44119143 0.56783653 0.46652766 475
395 4.0011067 7.5548571 0.93020697 0.49506868 0.59306331 0.46986071 281
396 11.417515 2.8685656 0.12635939 0.5484702 0.61785777 0.47302415 89
397 6.8339224 6.1822741 2.3225118 0.60134469 0.64220185 0.47601683 399
398 2.2503303 1.4959826 1.5186642 0.65364133 0.66607778 0.47883767 211
399 9.6667381 4.8096911 0.71481666 0.70530987 0.68946817 0.48148566 25
400 5.083146 0.12339958 2.9109691 0.75630067 0.71235597 0.48395984 341
401 0.49955387 3.4371081 2.1071215 0.80656471 0.7347245 0.48625931 159
402 7.9159617 6.7508166 1.3032739 0.85605371 0.75655744 0.48838325 479
403 3.3323696 2.0645251 0.49942635 0.90472011 0.77783889 0.49033088 301
404 10.748777 5.3782336 2.6955788 0.95251715 0.79855332 0.49210152 125
405 6.1651853 0.69194208 1.8917312 0.99939888 0.81868565 0.49369451 451
406 1.5815932 4.0056506 1.0878836 1.0453203 0.83822119 0.49510928 279
407 8.9980011 7.3193591 0.28403604 1.0902372 0.85714571 0.49634532 109
408 4.4144089 2.6330676 2.4801885 1.1341065 0.8754454 0.49740219 441
409 11.830817 5.9467761 1.6763409 1.176886 0.89310693 0.4982795 275
410 7.2472247 1.2604846 0.87249331 1.2185346 0.91011743 0.49897694 111
411 2.6636325 4.5741931 0.068645734 1.2590123 0.92646449 0.49949425 449
412 10.08004 7.8879016 2.2647982 1.2982801 0.9421362 0.49983125 289
413 5.4964482 3.2016101 1.4609506 1.3363004 0.95712113 0.49998781 131
414 0.91285611 6.5153186 0.657103 1.3730367 0.97140837 0.49996389 475
415 8.329264 1.8290271 2.8532554 1.4084535 0.98498749 0.49975948 321
416 3.7456718 5.1427356 2.0494078 1.442517 0.9978486 0.49937467 169
417 11.16208 0.45644407 1.2455603 1.4751943 1.0099823 0.49880959 19
418 6.5784876 3.7701526 0.44171269 1.506454 1.0213798 0.49806444 371
419 1.9948954 7.0838611 2.6378651 1.5362662 1.0320328 0.4971395 225
420 9.4113033 2.3975696 1.8340175 1.5646021 1.0419334 0.49603509 81
421 4.8277112 5.7112781 1.03017 1.5914346 1.0510745 0.49475163 439
422 0.24411903 1.0249866 0.22632238 1.6167378 1.0594495 0.49328956 299
423 7.6605269 4.3386951 2.4224748 1.6404874 1.0670521 0.49164942 161
424 3.0769348 7.6524036 1.6186272 1.6626607 1.0738769 0.4898318 25
425 10.493343 2.9661121 0.81477965 1.6832363 1.0799189 0.48783735 391
426 5.9097505 6.2798206 0.010932074 1.7021944 1.0851737 0.4856668 259
427 1.3261584 1.5935291 2.2070845 1.7195169 1.0896374 0.48332094 129
428 8.7425662 4.9072376 1.4032369 1.735187 1.0933069 0.48080059 501
429 4.1589741 0.22094605 0.59938934 1.7491897 1.0961794 0.47810669 375
430 11.575382 3.5346546 2.7955418 1.7615116 1.0982528 0.47524019 251
431 6.9917898 6.8483631 1.9916942 1.7721409 1.0995256 0.47220214 129
432 2.4081977 2.1620716 1.1878466 1.7810672 1.0999969 0.46899362 9
433 9.8246055 5.47578 0.38399903 1.7882821 1.0996664 0.46561581 391
434 5.2410134 0.78948855 2.5801515 1.7937785 1.0985342 0.46206991 275
435 0.65742127 4.103197 1.7763039 1.7975513 1.0966013 0.45835721 161
436 8.0738291 7.4169055 0.9724563 1.7995968 1.093869 0.45447905 49
437 3.490237 2.730614 0.16860872 1.799913 1.0903394 0.45043682 439
438 10.906645 6.0443225 2.3647611 1.7984996 1.0860149 0.446232 331
439 6.3230527 1.358031 1.5609136 1.795358 1.0808987 0.44186608 225
440 1.7394606 4.6717395 0.75706599 1.7904912 1.0749947 0.43734066 121
441 9.1558685 7.985448 2.9532184 1.7839039 1.068307 0.43265737 19
442 4.5722763 3.2991565 2.1493708 1.7756024 1.0608406 0.42781789 419
443 11.988684 6.612865 1.3455233 1.7655946 1.0526008 0.42282397 321
444 7.4050921 1.9265735 0.54167568 1.7538903 1.0435938 0.41767742 225
445 2.8214999 5.240282 2.7378281 1.7405006 1.033826 0.41238009 131
446 10.237908 0.55399054 1.9339805 1.7254384 1.0233046 0.40693389 39
447 5.6543157 3.867699 1.130133 1.7087183 1.0120373 0.4013408 449
448 1.0707235 7.1814075 0.32628537 1.6903561 1.0000322 0.39560283 361
449 8.4871314 2.495116 2.5224378 1.6703697 0.98729816 0.38972205 275
450 3.9035393 5.8088245 1.7185902 1.6487781 0.97384442 0.38370058 191
451 11.319947 1.122533 0.91474264 1.6256023 0.95968079 0.3775406 109
452 6.736355 4.4362415 0.11089506 1.6008643 0.9448176 0.37124433 29
453 2.1527628 7.74995 2.3070475 1.574588 0.92926567 0.36481405 451
454 9.5691707 3.0636585 1.5031999 1.5467987 0.91303635 0.35825208 375
455 4.9855786 6.377367 0.69935233 1.517523 0.89614147 0.35156078 301
456 0.40198644 1.6910755 2.8955048 1.4867891 0.87859335 0.34474257 229
457 7.8183943 5.004784 2.0916572 1.4546265 0.86040476 0.33779991 159
458 3.2348022 0.31849252 1.2878096 1.4210662 0.84158898 0.33073531 91
459 10.65121 3.632201 0.48396202 1.3861402 0.82215972 0.32355131 25
460 6.0676179 6.9459095 2.6801144 1.3498824 0.80213114 0.31625052 461
461 1.4840258 2.259618 1.8762669 1.3123273 0.78151784 0.30883557 399
462 8.9004336 5.5733265 1.0724193 1.2735113 0.76033485 0.30130913 339
463 4.3168415 0.88703502 0.26857171 1.2334715 0.73859761 0.29367392 281
464 11.733249 4.2007435 2.4647241 1.1922464 0.71632196 0.2859327 225
465 7.1496572 7.514452 1.6608766 1.1498756 0.69352415 0.27808825 171
466 2.5660651 2.8281605 0.85702898 1.1063999 0.67022079 0.27014343 119
467 9.982473 6.141869 0.053181406 1.0618611 0.64642887 0.26210108 69
468 5.3988808 1.4555775 2.2493338 1.0163019 0.62216573 0.25396412 21
469 0.81528868 4.769286 1.4454863 0.96976608 0.59744906 0.24573547 475
470 8.2316966 0.082994511 0.64163867 0.92229841 0.57229687 0.23741813 431
471 3.6481044 3.396703 2.8377911 0.87394448 0.54672751 0.22901507 389
472 11.064512 6.7104115 2.0339435 0.82475075 0.5207596 0.22052935 349
473 6.4809201 2.02412 1.2300959 0.77476451 0.49441209 0.21196401 311
474 1.897328 5.3378285 0.42624836 0.72403377 0.46770417 0.20332216 275
475 9.3137359 0.65153701 2.6224008 0.67260729 0.44065531 0.19460691 241
476 4.7301437 3.9652455 1.8185532 0.62053449 0.41328524 0.18582141 209
477 0.1465516 7.278954 1.0147056 0.56786541 0.3856139 0.17696883 179
478 7.5629595 2.5926625 0.21085806 0.51465065 0.35766146 0.16805237 151
479 2.9793673 5.906371 2.4070105 0.46094135 0.32944831 0.15907524 125
480 10.395775 1.2200795 1.6031629 0.40678912 0.300995 0.15004069 101
481 5.8121831 4.533788 0.79931532 0.352246 0.27232228 0.14095197 79
482 1.2285909 7.8474965 2.9954677 0.29736439 0.24345105 0.13181237 59
483 8.6449988 3.161205 2.1916202 0.24219704 0.21440235 0.12262519 41
484 4.0614067 6.4749135 1.3877726 0.18679696 0.18519736 0.11339375 25
485 11.477815 1.788622 0.58392501 0.13121738 0.15585738 0.10412137 11
486 6.8942224 5.1023305 2.7800774 0.075511716 0.12640378 0.094811399 499
487 2.3106303 0.41603899 1.9762299 0.019733487 0.096858035 0.085467206 489
488 9.7270381 3.7297475 1.1723823 -0.036063704 0.067241687 0.07609216 481
489 5.143446 7.043456 0.36853471 -0.091826242 0.037576323 0.066689645 475
490 0.55985385 2.3571645 2.5646871 -0.14750054 0.0078835678 0.057263056 471
491 7.9762617 5.670873 1.7608396 -0.2030331 -0.021814935 0.047815796 469
492 3.3926696 0.98458149 0.95699197 -0.25837057 -0.051497535 0.038351275 469
493 10.809077 4.29829 0.1531444 -0.31345976 -0.081142595 0.02887291 471
494 6.2254853 7.6119985 2.3492968 -0.36824773 -0.11072851 0.019384121 475
495 1.6418932 2.925707 1.5454492 -0.42268185 -0.1402337 0.0098883357 481
496 9.058301 6.2394155 0.74160166 -0.47670981 -0.16963667 0.00038898035 489
497 4.4747089 1.553124 2.9377541 -0.53027968 -0.19891599 -0.0091105154 499
498 11.891117 4.8668325 2.1339065 -0.58334 -0.2280503 -0.018606722 11
499 7.3075246 0.18054098 1.3300589 -0.63583977 -0.25701837 -0.028096213 25
500 2.7239325 3.4942495 0.52621135 -0.68772855 -0.28579909 -0.03757556 41
501 10.14034 6.807958 2.7223638 -0.73895648 -0.31437148 -0.047041344 59
502 5.5567482 2.1216665 1.9185162 -0.78947432 -0.3427147 -0.056490146 79
503 0.97315609 5.435375 1.1146686 -0.83923354 -0.37080809 -0.065918555 101
504 8.389564 0.74908348 0.31082105 -0.88818632 -0.39863119 -0.075323169 125
505 3.8059718 4.062792 2.5069735 -0.93628562 -0.4261637 -0.084700592 151
506 11.22238 7.3765005 1.7031259 -0.98348523 -0.45338555 -0.094047439 179
507 6.6387876 2.690209 0.89927831 -1.0297398 -0.48027691 -0.10336034 209
508 2.0551954 6.0039175 0.095430737 -1.0750048 -0.50681817 -0.11263592 241
509 9.4716033 1.317626 2.2915832 -1.1192369 -0.53298998 -0.12187084 275
510 4.8880112 4.6313345 1.4877356 -1.1623934 -0.55877326 -0.13106178 311
511 0.30441901 7.945043 0.683888 -1.204433 -0.58414922 -0.14020539 349
512 7.7208269 3.2587515 2.8800404 -1.2453152 -0.60909937 -0.1492984 389
513 3.1372347 6.57246 2.0761929 -1.2850008 -0.6336055 -0.15833751 431
514 10.553643 1.8861685 1.2723453 -1.3234516 -0.65764977 -0.16731946 475
515 5.9700505 5.199877 0.4684977 -1.3606306 -0.68121464 -0.17624102 21
516 1.3864583 0.51358546 2.6646501 -1.3965022 -0.70428293 -0.18509895 69
517 8.8028662 3.827294 1.8608025 -1.4310318 -0.72683783 -0.19389006 119
518 4.2192741 7.1410025 1.056955 -1.4641864 -0.7488629 -0.20261118 171
519 11.635682 2.454711 0.25310739 -1.4959339 -0.77034209 -0.21125916 225
520 7.0520898 5.7684195 2.4492598 -1.526244 -0.79125972 -0.21983088 281
521 2.4684977 1.082128 1.6454122 -1.5550875 -0.81160057 -0.22832324 339
522 9.8849055 4.3958365 0.84156465 -1.5824367 -0.83134979 -0.23673318 399
523 5.3013134 7.709545 0.037717077 -1.6082652 -0.85049299 -0.24505766 461
524 0.71772126 3.0232535 2.2338695 -1.6325484 -0.86901623 -0.25329367 25
525 8.1341291 6.336962 1.4300219 -1.6552628 -0.88690599 -0.26143825 91
526 3.550537 1.6506705 0.62617435 -1.6763866 -0.90414923 -0.26948846 159
527 10.966945 4.964379 2.8223268 -1.6958995 -0.92073339 -0.27744138 229
528 6.3833527 0.27808745 2.0184792 -1.7137828 -0.93664638 -0.28529415 301
529 1.7997606 3.5917959 1.2146316 -1.7300193 -0.95187659 -0.29304393 375
530 9.2161684 6.9055044 0.41078404 -1.7445934 -0.96641292 -0.30068793 451
531 4.6325763 2.2192129 2.6069365 -1.7574911 -0.98024479 -0.30822338 29
532 0.04898418 5.5329214 1.8030889 -1.7686999 -0.99336209 -0.31564756 109
533 7.465392 0.84662995 0.9992413 -1.7782092 -1.0057553 -0.3229578 191
534 2.8817999 4.1603384 0.19539373 -1.7860097 -1.0174153 -0.33015146 275
535 10.298208 7.4740469 2.3915461 -1.792094 -1.0283337 -0.33722593 361
536 5.7146156 2.7877554 1.5876986 -1.7964563 -1.0385025 -0.34417867 449
537 1.1310235 6.1014639 0.783851 -1.7990923 -1.0479143 -0.35100717 39
538 8.5474314 1.4151724 2.9800034 -1.7999995 -1.0565621 -0.35770895 131
539 3.9638392 4.7288809 2.1761558 -1.799177 -1.0644398 -0.36428161 225
540 11.380247 0.042589438 1.3723083 -1.7966257 -1.0715416 -0.37072276 321
541 6.796655 3.3562979 0.56846069 -1.792348 -1.0778622 -0.37703009 419
542 2.2130628 6.6700064 2.7646131 -1.7863479 -1.0833972 -0.38320131 19
543 9.6294707 1.9837149 1.9607655 -1.7786313 -1.0881424 -0.3892342 121
544 5.0458786 5.2974234 1.156918 -1.7692056 -1.0920943 -0.39512659 225
545 0.46228643 0.61113193 0.35307038 -1.7580798 -1.0952502 -0.40087633 331
546 7.8786943 3.9248404 2.5492228 -1.7452646 -1.0976077 -0.40648137 439
547 3.2951022 7.2385489 1.7453752 -1.7307724 -1.0991651 -0.41193966 49
548 10.71151 2.5522574 0.94152765 -1.714617 -1.0999213 -0.41724926 161
549 6.1279179 5.8659659 0.13768007 -1.696814 -1.0998756 -0.42240823 275
550 1.5443257 1.1796744 2.3338325 -1.6773805 -1.0990282 -0.42741471 391
551 8.9607336 4.4933829 1.5299849 -1.6563352 -1.0973797 -0.43226691 9
552 4.3771415 7.8070914 0.72613734 -1.6336983 -1.0949312 -0.43696306 129
553 11.793549 3.1207999 2.9222898 -1.6094915 -1.0916846 -0.44150147 251
554 7.2099572 6.4345084 2.1184422 -1.5837381 -1.0876421 -0.4458805 375
555 2.6263651 1.7482169 1.3145946 -1.5564628 -1.0828069 -0.45009858 501
556 10.042773 5.0619254 0.51074703 -1.5276919 -1.0771823 -0.45415417 129
557 5.4591808 0.37563392 2.7068994 -1.4974531 -1.0707725 -0.45804583 259
558 0.87558867 3.6893424 1.9030519 -1.4657752 -1.0635821 -0.46177213 391
559 8.2919965 7.0030509 1.0992043 -1.4326889 -1.0556165 -0.46533173 25
560 3.7084044 2.3167594 0.29535672 -1.3982259 -1.0468813 -0.46872336 161
561 11.124812 5.6304679 2.4915091 -1.3624193 -1.037383 -0.47194578 299
562 6.5412201 0.94417642 1.6876616 -1.3253035 -1.0271285 -0.47499784 439
563 1.957628 4.2578849 0.88381399 -1.2869142 -1.0161253 -0.47787842 81
564 9.3740359 7.5715934 0.079966408 -1.2472883 -1.0043814 -0.4805865 225
565 4.7904437 2.8853019 2.2761188 -1.2064638 -0.99190527 -0.48312109 371
566 0.20685159 6.1990104 1.4722713 -1.16448 -0.97870613 -0.48548128 19
567 7.6232595 1.5127189 0.66842368 -1.1213772 -0.96479356 -0.48766622 169
568 3.0396673 4.8264274 2.8645761 -1.0771969 -0.95017769 -0.48967511 321
569 10.456075 0.14013591 2.0607285 -1.0319815 -0.93486919 -0.49150723 475
570 5.872483 3.4538444 1.2568809 -0.98577437 -0.91887921 -0.49316193 131
571 1.2888909 6.7675529 0.45303337 -0.93862003 -0.90221941 -0.4946386 289
572 8.7052988 2.0812614 2.6491858 -0.89056375 -0.88490193 -0.49593672 449
573 4.1217066 5.3949699 1.8453382 -0.8416517 -0.86693939 -0.4970558 111
574 11.538115 0.7086784 1.0414906 -0.7919309 -0.8483449 -0.49799545 275
575 6.9545224 4.0223869 0.23764306 -0.7414491 -0.82913199 -0.49875533 441
576 2.3709302 7.3360954 2.4337955 -0.69025484 -0.80931469 -0.49933517 109
577 9.7873381 2.6498039 1.6299479 -0.63839729 -0.78890744 -0.49973475 279
578 5.203746 5.9635124 0.82610033 -0.58592629 -0.7679251 -0.49995394 451
579 0.62015384 1.2772209 0.022252749 -0.53289226 -0.74638298 -0.49999264 125
580 8.0365617 4.5909294 2.2184052 -0.47934616 -0.72429678 -0.49985085 301
581 3.4529696 7.9046379 1.4145576 -0.42533944 -0.7016826 -0.49952863 479
582 10.869377 3.2183464 0.61071002 -0.37092401 -0.67855693 -0.49902607 159
583 6.2857853 6.5320549 2.8068624 -0.31615215 -0.65493662 -0.49834338 341
584 1.7021932 1.8457634 2.0030149 -0.26107649 -0.63083888 -0.49748079 25
585 9.118601 5.1594719 1.1991673 -0.20574996 -0.6062813 -0.49643861 211
586 4.5350089 0.47318039 0.39531971 -0.15022571 -0.58128176 -0.49521723 399
587 11.951417 3.7868889 2.5914721 -0.094557115 -0.55585849 -0.49381707 89
588 7.3678246 7.1005974 1.7876246 -0.038797654 -0.53003003 -0.49223866 281
589 2.7842325 2.4143059 0.98377698 0.016999089 -0.5038152 -0.49048255 475
590 10.20064 5.7280144 0.1799294 0.072779496 -0.47723311 -0.48854938 171
591 5.6170482 1.0417229 2.3760818 0.12848997 -0.45030314 -0.48643985 369
592 1.0334561 4.3554314 1.5722342 0.18407697 -0.42304491 -0.48415472 69
593 8.4498639 7.6691399 0.76838667 0.23948709 -0.39547831 -0.48169482 271
594 3.8662718 2.9828484 2.9645391 0.29466708 -0.36762342 -0.47906103 475
595 11.28268 6.2965569 2.1606915 0.34956392 -0.33950055 -0.4762543 181
596 6.6990875 1.6102654 1.3568439 0.40412485 -0.31113019 -0.47327565 389
597 2.1154954 4.9239739 0.55299636 0.45829746 -0.28253304 -0.47012616 99
598 9.5319033 0.23768238 2.7491488 0.51202967 -0.25372993 -0.46680695 311
599 4.9483111 3.5513909 1.9453012 0.56526986 -0.22474187 -0.46331923 25
600 0.364719 6.8650994 1.1414536 0.61796687 -0.19558998 -0.45966426 241
601 7.7811269 2.1788079 0.33760605 0.67007006 -0.16629551 -0.45584336 459
602 3.1975347 5.4925164 2.5337585 0.72152937 -0.13687982 -0.4518579 179
603 10.613943 0.80622487 1.7299109 0.77229534 -0.10736435 -0.44770932 401
604 6.0303505 4.1199334 0.92606332 0.8223192 -0.077770618 -0.44339913 125
605 1.4467583 7.4336419 0.12221574 0.87155287 -0.048120193 -0.43892887 351
606 8.8631662 2.7473504 2.3183682 0.91994905 -0.018434691 -0.43430017 79
607 4.2795741 6.0610589 1.5145206 0.96746122 0.011264249 -0.42951469 309
608 11.695982 1.3747674 0.71067301 1.0140437 0.040954978 -0.42457415 41
609 7.1123898 4.6884759 2.9068254 1.0596518 0.070615852 -0.41948035 275
610 2.5287977 0.0021843656 2.1029779 1.1042417 0.10022525 -0.41423513 11
611 9.9452055 3.3158929 1.2991303 1.1477705 0.12976159 -0.40884037 249
612 5.3616134 6.6296014 0.4952827 1.1901963 0.15920334 -0.40329802 489
613 0.77802124 1.9433099 2.6914351 1.2314785 0.18852904 -0.39761008 231
614 8.1944291 5.2570184 1.8875875 1.2715773 0.2177173 -0.39177862 475
615 3.610837 0.57072686 1.08374 1.3104542 0.24674686 -0.38580572 221
616 11.027245 3.8844354 0.27989239 1.3480719 0.27559656 -0.37969355 469
617 6.4436527 7.1981439 2.4760448 1.3843941 0.30424535 -0.37344432 219
618 1.8600606 2.5118524 1.6721972 1.4193861 0.33267237 -0.36706028 471
619 9.2764684 5.8255609 0.86834966 1.4530142 0.36085688 -0.36054374 225
620 4.6928763 1.1392694 0.06450208 1.485246 0.38877834 -0.35389704 481
621 0.10928416 4.4529779 2.2606545 1.5160506 0.4164164 -0.34712259 239
622 7.525692 7.7666864 1.4568069 1.5453984 0.44375091 -0.34022283 499
623 2.9420999 3.0803949 0.65295935 1.5732612 0.47076195 -0.33320025 261
624 10.358508 6.3941034 2.8491118 1.5996123 0.49742982 -0.32605739 25
625 5.7749156 1.7078118 2.0452642 1.6244262 0.52373508 -0.31879683 291
626 1.1913235 5.0215203 1.2414166 1.6476791 0.54965857 -0.31142119 59
627 8.6077314 0.33522885 0.43756904 1.6693488 0.57518138 -0.30393313 329
628 4.0241392 3.6489373 2.6337215 1.6894144 0.60028491 -0.29633535 101
629 11.440547 6.9626458 1.8298739 1.7078565 0.62495086 -0.2886306 375
630 6.856955 2.2763543 1.0260263 1.7246576 0.64916124 -0.28082165 151
631 2.2733628 5.5900628 0.22217873 1.7398013 0.67289842 -0.27291133 429
632 9.6897707 0.90377134 2.4183312 1.7532733 0.69614508 -0.26490249 209
633 5.1061785 4.2174798 1.6144836 1.7650605 0.71888429 -0.25679803 491
634 0.52258641 7.5311883 0.810636 1.7751516 0.74109946 -0.24860086 275
635 7.9389943 2.8448968 0.0067884208 1.7835369 0.7627744 -0.24031396 61
636 3.3554021 6.1586053 2.2029408 1.7902084 0.78389331 -0.2319403 349
637 10.77181 1.4723138 1.3990933 1.7951597 0.8044408 -0.22348291 139
638 6.1882179 4.7860223 0.59524569 1.7983859 0.82440189 -0.21494485 431
639 1.6046257 0.099730835 2.7913981 1.799884 0.84376202 -0.2063292 225
640 9.0210336 3.4134393 1.9875505 1.7996526 0.86250709 -0.19763906 21
641 4.4374415 6.7271478 1.183703 1.7976918 0.88062343 -0.18887758 319
642 11.853849 2.0408563 0.37985538 1.7940036 0.89809783 -0.18004792 119
643 7.2702572 5.3545648 2.5760078 1.7885915 0.91491757 -0.17115326 421
644 2.6866651 0.66827333 1.7721602 1.7814607 0.93107036 -0.16219681 225
645 10.103073 3.9819818 0.96831265 1.7726181 0.94654445 -0.15318182 31
646 5.5194808 7.2956903 0.16446507 1.7620721 0.96132855 -0.14411152 339
647 0.93588865 2.6093988 2.3606175 1.7498328 0.97541188 -0.13498921 149
648 8.3522965 5.9231073 1.5567699 1.7359122 0.98878418 -0.12581816 461
649 3.7687044 1.2368158 0.75292234 1.7203234 1.0014357 -0.1166017 275
650 11.185112 4.5505243 2.9490748 1.7030816 1.0133572 -0.10734314 91
651 6.6015201 7.8642328 2.1452272 1.6842032 1.02454 -0.098045837 409
652 2.017928 3.1779413 1.3413796 1.6637064 1.034976 -0.088713138 229
653 9.4343358 6.4916498 0.53753203 1.641611 1.0446576 -0.079348414 51
654 4.8507437 1.8053583 2.7336845 1.617938 1.0535776 -0.069955047 375
655 0.26715157 5.1190668 1.9298369 1.5927104 1.0617296 -0.060536426 201
656 7.6835594 0.43277532 1.1259893 1.5659523 1.0691076 -0.051095953 29
657 3.0999673 3.7464838 0.32214172 1.5376894 1.0757064 -0.041637034 359
658 10.516375 7.0601923 2.5182941 1.507949 1.0815209 -0.032163085 191
659 5.932783 2.3739008 1.7144466 1.4767595 1.0865471 -0.022677525 25
660 1.3491909 5.6876093 0.91059899 1.4441509 1.0907813 -0.013183779 361
661 8.7655988 1.0013178 0.10675141 1.4101547 1.0942203 -0.0036852738 199
662 4.1820066 4.3150263 2.3029038 1.3748033 1.0968617 0.0058145618 39
663 11.598414 7.6287348 1.4990563 1.338131 1.0987035 0.015312298 381
664 7.0148224 2.9424433 0.69520868 1.3001727 1.0997444 0.024804507 225
665 2.4312302 6.2561518 2.8913611 1.2609651 1.0999837 0.034287762 71
666 9.8476381 1.5698603 2.0875135 1.2205458 1.0994211 0.04375864 419
667 5.264046 4.8835688 1.2836659 1.1789537 1.0980571 0.05321372 269
668 0.68045382 0.19727731 0.47981837 1.1362287 1.0958926 0.062649592 121
669 8.0968617 3.5109858 2.6759708 1.0924118 1.0929293 0.072062847 475
670 3.5132696 6.8246943 1.8721232 1.0475452 1.0891693 0.081450089 331
671 10.929677 2.1384028 1.0682756 1.0016721 1.0846154 0.090807928 189
672 6.3460853 5.4521113 0.26442806 0.95483634 1.0792708 0.10013299 49
673 1.7624931 0.7658198 2.4605805 0.9070831 1.0731394 0.1094219 411
674 9.178901 4.0795283 1.6567329 0.85845822 1.0662258 0.11867131 275
675 4.5953089 7.3932368 0.85288533 0.80900843 1.058535 0.12787788 141
676 0.01171674 2.7069453 0.049037752 0.75878124 1.0500725 0.13703829 9
677 7.4281246 6.0206538 2.2451902 0.70782493 1.0408446 0.14614923 379
678 2.8445325 1.3343623 1.4413426 0.65618845 1.0308579 0.15520741 251
679 10.26094 4.6480708 0.63749502 0.60392142 1.0201198 0.16420957 125
680 5.6773482 7.9617793 2.8336474 0.55107407 1.0086381 0.17315244 501
681 1.0937561 3.2754878 2.0297999 0.49769718 0.99642111 0.18203281 379
682 8.5101639 6.5891963 1.2259523 0.44384204 0.98347779 0.19084747 259
683 3.9265718 1.9029048 0.42210471 0.38956041 0.96981755 0.19959324 141
684 11.34298 5.2166133 2.6182571 0.33490444 0.95545036 0.20826695 25
685 6.7593875 0.53032179 1.8144096 0.27992664 0.94038669 0.21686548 411
686 2.1757954 3.8440303 1.010562 0.22467987 0.92463751 0.22538573 299
687 9.5922033 7.1577388 0.2067144 0.16921719 0.90821432 0.23382461 189
688 5.0086111 2.4714473 2.4028668 0.1135919 0.89112908 0.24217908 81
689 0.42501899 5.7851558 1.5990192 0.057857468 0.87339425 0.25044613 475
690 7.8414269 1.0988643 0.79517167 0.0020674348 0.85502275 0.25862278 371
691 3.2578347 4.4125728 2.9913241 -0.053724585 0.83602798 0.26670606 269
692 10.674243 7.7262813 2.1874765 -0.10946498 0.81642378 0.27469306 169
693 6.0906504 3.0399898 1.3836289 -0.16510019 0.79622444 0.28258091 71
694 1.5070583 6.3536983 0.57978136 -0.22057674 0.77544469 0.29036674 475
695 8.9234662 1.6674068 2.7759338 -0.27584135 0.75409967 0.29804776 381
696 4.339874 4.9811153 1.9720862 -0.33084088 0.73220495 0.30562118 289
697 11.756282 0.29482378 1.1682386 -0.38552251 0.70977649 0.31308428 199
698 7.1726898 3.6085323 0.36439105 -0.43983368 0.68683063 0.32043436 111
699 2.5890976 6.9222408 2.5605435 -0.4937222 0.6633841 0.32766876 25
700 10.005506 2.2359493 1.7566959 -0.5471363 0.63945399 0.33478488 441
701 5.4219134 5.5496578 0.95284832 -0.60002463 0.61505775 0.34178015 359
702 0.83832123 0.86336627 0.14900074 -0.65233639 0.59021316 0.34865203 279
703 8.2547291 4.1770748 2.3451532 -0.70402131 0.56493833 0.35539806 201
704 3.671137 7.4907833 1.5413056 -0.75502971 0.53925169 0.36201579 125
705 11.087545 2.8044918 0.73745801 -0.80531259 0.51317195 0.36850284 51
706 6.5039527 6.1182003 2.9336104 -0.85482163 0.48671814 0.37485687 479
707 1.9203606 1.4319088 2.1297629 -0.90350925 0.45990953 0.38107557 409
708 9.3367684 4.7456173 1.3259153 -0.95132866 0.43276566 0.38715671 341
709 4.7531763 0.059325763 0.5220677 -0.99823392 0.40530633 0.39309809 275
710 0.16958415 3.3730343 2.7182201 -1.04418 0.37755155 0.39889757 211
711 7.585992 6.6867428 1.9143725 -1.0891226 0.34952155 0.40455304 149
712 3.0023999 2.0004513 1.110525 -1.1330187 0.32123676 0.41006248 89
713 10.418808 5.3141598 0.30667739 -1.1758261 0.29271781 0.41542389 31
714 5.8352156 0.62786826 2.5028298 -1.2175035 0.26398547 0.42063534 475
715 1.2516235 3.9415768 1.6989822 -1.2580111 0.23506071 0.42569494 421
716 8.6680313 7.2552853 0.89513466 -1.2973098 0.20596459 0.43060088 369
717 4.0844392 2.5689938 0.091287083 -1.3353619 0.17671834 0.43535137 319
718 11.500847 5.8827023 2.2874395 -1.3721308 0.14734327 0.4399447 271
719 6.9172549 1.1964108 1.4835919 -1.4075811 0.11786079 0.44437921 225
720 2.3336628 4.5101193 0.67974435 -1.441679 0.088292392 0.44865332 181
721 9.7500707 7.8238278 2.8758968 -1.4743914 0.058659635 0.45276546 139
722 5.1664785 3.1375362 2.0720492 -1.5056871 0.028984118 0.45671416 99
723 0.5828864 6.4512447 1.2682016 -1.535536 -0.00071252678 0.46049799 61
724 7.9992943 1.7649532 0.46435404 -1.5639093 -0.030408652 0.46411558 25
725 3.4157021 5.0786617 2.6605065 -1.5907798 -0.060082612 0.46756563 491
726 10.83211 0.39237024 1.8566589 -1.6161217 -0.089712773 0.4708469 459
727 6.2485179 3.7060787 1.0528113 -1.6399106 -0.11927754 0.4739582 429
728 1.6649257 7.0197872 0.24896373 -1.6621237 -0.14875535 0.4768984 401
729 9.0813336 2.3334957 2.4451162 -1.6827396 -0.17812474 0.47966645 375
730 4.4977414 5.6472042 1.6412686 -1.7017386 -0.20736427 0.48226135 351
731 11.914149 0.96091274 0.837421 -1.7191023 -0.23645265 0.48468215 329
732 7.3305572 4.2746212 0.033573424 -1.7348141 -0.26536866 0.48692799 309
733 2.746965 7.5883297 2.2297258 -1.7488588 -0.29409123 0.48899805 291
734 10.163373 2.9020382 1.4258783 -1.7612231 -0.32259942 0.49089159 275
735 5.5797808 6.2157467 0.62203069 -1.7718949 -0.35087245 0.49260792 261
736 0.99618864 1.5294552 2.8181831 -1.7808641 -0.37888971 0.49414643 249
737 8.4125965 4.8431637 2.0143355 -1.788122 -0.40663078 0.49550655 239
738 3.8290044 0.15687223 1.210488 -1.7936617 -0.43407543 0.49668781 231
739 11.245412 3.4705807 0.40664038 -1.7974777 -0.46120366 0.49768976 225
740 6.6618201 6.7842892 2.6027928 -1.7995666 -0.48799569 0.49851205 221
741 2.078228 2.0979977 1.7989452 -1.7999262 -0.514432 0.49915439 219
742 9.4946358 5.4117062 0.99509765 -1.7985562 -0.5404933 0.49961654 219
743 4.9110437 0.72541473 0.19125007 -1.795458 -0.56616061 0.49989833 221
744 0.32745156 4.0391232 2.3874025 -1.7906344 -0.59141522 0.49999966 225
745 7.7438594 7.3528317 1.5835549 -1.7840902 -0.61623871 0.4999205 231
746 3.1602673 2.6665402 0.77970734 -1.7758316 -0.64061298 0.49966087 239
747 10.576675 5.9802487 2.9758598 -1.7658666 -0.66452028 0.49922087 249
748 5.993083 1.2939572 2.1720122 -1.7542047 -0.68794318 0.49860066 261
749 1.4094909 4.6076657 1.3681646 -1.7408572 -0.71086459 0.49780045 275
750 8.8258987 7.9213742 0.56431703 -1.7258368 -0.73326782 0.49682055 291
751 4.2423066 3.2350827 2.7604695 -1.709158 -0.75513652 0.4956613 309
752 11.658714 6.5487912 1.9566219 -1.6908369 -0.77645477 0.49432312 329
753 7.0751223 1.8624997 1.1527743 -1.670891 -0.79720701 0.4928065 351
754 2.4915302 5.1762082 0.34892672 -1.6493395 -0.81737813 0.49111198 375
755 9.9079381 0.48991671 2.5450791 -1.6262031 -0.83695341 0.48924017 401
756 5.3243459 3.8036252 1.7412316 -1.601504 -0.85591859 0.48719175 429
757 0.74075381 7.1173337 0.93738399 -1.5752661 -0.87425984 0.48496746 459
758 8.1571617 2.4310422 0.13353641 -1.5475144 -0.8919638 0.48256811 491
759 3.5735695 5.7447507 2.3296888 -1.5182757 -0.90901755 0.47999455 25
760 10.989977 1.0584592 1.5258413 -1.487578 -0.92540867 0.47724772 61
761 6.4063853 4.3721677 0.72199368 -1.4554509 -0.94112521 0.4743286 99
762 1.8227931 7.6858762 2.9181461 -1.4219252 -0.95615571 0.47123826 139
763 9.239201 2.9995847 2.1142985 -1.3870332 -0.97048922 0.46797781 181
764 4.6556089 6.3132932 1.310451 -1.3508083 -0.98411528 0.46454842 225
765 0.072016725 1.6270017 0.50660337 -1.3132854 -0.99702396 0.46095134 271
766 7.4884246 4.9407102 2.7027558 -1.2745005 -1.0092059 0.45718786 319
767 2.9048325 0.2544187 1.8989082 -1.2344909 -1.0206521 0.45325933 369
768 10.32124 3.5681272 1.0950606 -1.1932951 -1.0313543 0.44916719 421
769 5.7376482 6.8818357 0.29121306 -1.1509526 -1.0413047 0.4449129 475
770 1.1540561 2.1955442 2.4873655 -1.1075042 -1.0504961 0.440498 31
771 8.5704639 5.5092527 1.6835179 -1.0629915 -1.0589217 0.43592409 89
772 3.9868718 0.8229612 0.87967033 -1.0174573 -1.0665753 0.43119282 149
773 11.40328 4.1366697 0.075822755 -0.97094551 -1.0734515 0.42630588 211
774 6.8196875 7.4503782 2.2719752 -0.92350067 -1.0795452 0.42126506 275
775 2.2360954 2.7640867 1.4681276 -0.87516841 -1.084852 0.41607216 341
776 9.6525032 6.0777952 0.66428002 -0.82599519 -1.0893679 0.41072907 409
777 5.0689111 1.3915037 2.8604324 -0.77602825 -1.0930897 0.40523771 479
778 0.48531897 4.7052122 2.0565849 -0.7253156 -1.0960148 0.39960006 51
779 7.9017268 0.01892069 1.2527373 -0.67390598 -1.0981408 0.39381816 125
780 3.3181347 3.3326292 0.44888971 -0.62184879 -1.0994664 0.3878941 201
781 10.734543 6.6463377 2.6450421 -0.56919405 -1.0999905 0.38183001 279
782 6.1509504 1.9600462 1.8411946 -0.51599236 -1.0997128 0.37562808 359
783 1.5673583 5.2737547 1.037347 -0.46229484 -1.0986334 0.36929056 441
784 8.9837662 0.58746318 0.2334994 -0.4081531 -1.0967532 0.36281972 25
785 4.400174 3.9011717 2.4296518 -0.35361914 -1.0940735 0.35621792 111
786 11.816582 7.2148802 1.6258043 -0.29874539 -1.0905963 0.34948752 199
787 7.2329898 2.5285887 0.82195667 -0.24358457 -1.086324 0.34263096 289
788 2.6493976 5.8422972 0.018109095 -0.18818967 -1.0812599 0.33565071 381
789 10.065805 1.1560057 2.2142615 -0.13261395 -1.0754076 0.3285493 475
790 5.4822134 4.4697142 1.4104139 -0.07691079 -1.0687714 0.32132929 71
791 0.89862122 7.7834227 0.60656636 -0.021133726 -1.0613561 0.31399328 169
792 8.3150291 3.0971312 2.8027188 0.034663645 -1.0531671 0.30654392 269
793 3.7314369 6.4108397 1.9988712 0.090427708 -1.0442104 0.2989839 371
794 11.147845 1.7245482 1.1950236 0.14610488 -1.0344925 0.29131595 475
795 6.5642527 5.0382567 0.39117605 0.20164165 -1.0240205 0.28354284 81
796 1.9806605 0.35196517 2.5873285 0.25698466 -1.012802 0.27566737 189
797 9.3970684 3.6656737 1.7834809 0.31208073 -1.0008453 0.2676924 299
798 4.8134763 6.9793822 0.97963332 0.36687691 -0.98815894 0.25962078 411
799 0.22988414 2.2930907 0.17578575 0.42132055 -0.9747523 0.25145545 25
800 7.646292 5.6067992 2.3719382 0.47535934 -0.9606351 0.24319934 141
801 3.0626999 0.92050767 1.5680906 0.52894134 -0.94581765 0.23485545 259
802 10.479108 4.2342162 0.76424301 0.58201507 -0.93031073 0.22642677 379
803 5.8955156 7.5479247 2.9603954 0.63452953 -0.91412566 0.21791635 501
804 1.3119235 2.8616332 2.1565479 0.68643425 -0.89727424 0.20932727 125
805 8.7283313 6.1753417 1.3527003 0.73767937 -0.87976874 0.20066262 251
806 4.1447392 1.4890502 0.5488527 0.78821563 -0.86162192 0.19192554 379
807 11.561147 4.8027587 2.7450051 0.83799447 -0.84284703 0.18311917 9
808 6.9775549 0.11646716 1.9411575 0.88696807 -0.82345773 0.1742467 141
809 2.3939628 3.4301757 1.13731 0.93508936 -0.80346817 0.16531133 275
810 9.8103707 6.7438842 0.3334624 0.9823121 -0.78289292 0.15631629 411
811 5.2267785 2.0575927 2.5296148 1.0285909 -0.76174698 0.14726481 49
812 0.64318638 5.3713012 1.7257672 1.0738813 -0.74004575 0.13816017 189
813 8.0595942 0.68500965 0.92191966 1.1181398 -0.71780506 0.12900566 331
814 3.4760021 3.9987182 0.11807209 1.1613239 -0.69504113 0.11980458 475
815 10.89241 7.3124267 2.3142245 1.203392 -0.67177054 0.11056025 121
816 6.3088178 2.6261352 1.5103769 1.2443037 -0.64801026 0.10127601 269
817 1.7252257 5.9398437 0.70652935 1.2840198 -0.62377761 0.091955214 419
818 9.1416336 1.2535521 2.9026818 1.322502 -0.59909025 0.08260122 71
819 4.5580414 4.5672606 2.0988342 1.3597134 -0.57396619 0.073217408 225
820 11.974449 7.8809691 1.2949866 1.3956182 -0.54842372 0.063807165 381
821 7.3908572 3.1946776 0.49113904 1.430182 -0.52248148 0.054373888 39
822 2.807265 6.5083861 2.6872915 1.4633714 -0.49615838 0.044920983 199
823 10.223673 1.8220946 1.8834439 1.4951547 -0.46947359 0.035451862 361
824 5.6400808 5.1358031 1.0795963 1.5255012 -0.44244659 0.025969943 25
825 1.0564886 0.44951164 0.27574874 1.5543818 -0.41509705 0.016478649 191
826 8.4728965 3.7632201 2.4719012 1.5817688 -0.38744493 0.0069814071 359
827 3.8893044 7.0769286 1.6680536 1.6076359 -0.35951038 -0.0025183554 29
828 11.305712 2.3906371 0.864206 1.6319581 -0.33131377 -0.012017209 201
829 6.7221201 5.7043456 0.060358427 1.6547121 -0.30287564 -0.021511724 375
830 2.138528 1.0180541 2.2565108 1.6758761 -0.27421672 -0.030998474 51
831 9.5549358 4.3317626 1.4526633 1.6954297 -0.24535792 -0.040474034 229
832 4.9713437 7.6454711 0.64881569 1.7133541 -0.21632026 -0.049934983 409
833 0.38775155 2.9591796 2.8449681 1.7296321 -0.18712491 -0.059377906 91
834 7.8041594 6.2728881 2.0411205 1.7442481 -0.15779316 -0.068799394 275
835 3.2205673 1.5865966 1.237273 1.757188 -0.12834638 -0.078196046 461
836 10.636975 4.9003051 0.43342539 1.7684394 -0.098806041 -0.087564471 149
837 6.053383 0.21401363 2.6295778 1.7779914 -0.069193679 -0.096901285 339
838 1.4697909 3.5277221 1.8257302 1.7858349 -0.039530878 -0.10620312 31
839 8.8861987 6.8414306 1.0218827 1.7919624 -0.0098392609 -0.11546662 225
840 4.3026066 2.1551391 0.21803508 1.7963679 0.019859529 -0.12468843 421
841 11.719014 5.4688476 2.4141875 1.7990473 0.049543842 -0.13386523 119
842 7.1354223 0.78255612 1.6103399 1.7999979 0.07919204 -0.14299371 319
843 2.5518302 4.0962646 0.80649234 1.7992188 0.10878251 -0.15207057 21
844 9.9682381 7.4099731 0.0026447672 1.7967109 0.13829368 -0.16109254 225
845 5.3846459 2.7236816 2.1987972 1.7924764 0.16770405 -0.17005635 431
846 0.80105379 6.0373901 1.3949496 1.7865195 0.19699216 -0.17895877 139
847 8.2174617 1.3510986 0.59110204 1.7788459 0.22613667 -0.18779659 349
848 3.6338695 4.6648071 2.7872545 1.769463 0.25511635 -0.19656662 61
849 11.050277 7.9785156 1.9834069 1.7583797 0.28391005 -0.20526569 275
850 6.4666853 3.2922241 1.1795593 1.7456068 0.31249679 -0.21389066 491
851 1.8830931 6.6059326 0.37571173 1.7311565 0.34085574 -0.22243842 209
852 9.299501 1.9196411 2.5718641 1.7150427 0.36896622 -0.23090588 429
853 4.7159088 5.2333496 1.7680166 1.6972808 0.39680774 -0.23928998 151
854 0.13231671 0.54705811 0.96416899 1.677888 0.42436001 -0.24758771 375
855 7.5487246 3.8607666 0.16032142 1.6568829 0.45160293 -0.25579606 101
856 2.9651324 7.1744751 2.3564738 1.6342857 0.47851666 -0.26391207 329
857 10.38154 2.4881836 1.5526263 1.610118 0.50508157 -0.27193281 59
858 5.7979482 5.8018921 0.74877869 1.5844031 0.5312783 -0.27985538 291
859 1.214356 1.1156006 2.9449311 1.5571657 0.55708775 -0.28767693 25
860 8.6307639 4.4293091 2.1410835 1.528432 0.5824911 -0.29539464 261
861 4.0471718 7.7430176 1.337236 1.4982296 0.60746985 -0.3030057 499
862 11.46358 3.0567261 0.53338838 1.4665876 0.63200578 -0.31050739 239
863 6.8799875 6.3704346 2.7295408 1.4335362 0.656081 -0.31789699 481
864 2.2963954 1.6841431 1.9256932 1.3991073 0.67967797 -0.32517182 225
865 9.7128032 4.9978516 1.1218456 1.363334 0.70277948 -0.33232928 471
866 5.1292111 0.3115601 0.31799807 1.3262507 0.7253687 -0.33936677 219
867 0.54561896 3.6252686 2.5141505 1.2878929 0.74742916 -0.34628175 469
868 7.9620268 6.9389771 1.7103029 1.2482975 0.76894478 -0.35307172 221
869 3.3784347 2.2526856 0.90645533 1.2075026 0.78989986 -0.35973425 475
870 10.794843 5.5663941 0.10260776 1.1655475 0.81027915 -0.36626691 231
871 6.2112504 0.88010259 2.2987602 1.1224723 0.83006778 -0.37266735 489
872 1.6276583 4.1938111 1.4949126 1.0783185 0.84925132 -0.37893326 249
873 9.0440661 7.5075196 0.69106503 1.0331285 0.8678158 -0.38506239 11
874 4.460474 2.8212281 2.8872174 0.98694574 0.88574768 -0.39105251 275
875 11.876882 6.1349366 2.0833699 0.93981462 0.90303389 -0.39690146 41
876 7.2932897 1.4486451 1.2795223 0.89178041 0.91966183 -0.40260714 309
877 2.7096976 4.7623536 0.47567472 0.84288927 0.93561937 -0.40816748 79
878 10.126105 0.076062087 2.6718271 0.79318817 0.95089489 -0.41358047 351
879 5.5425133 3.3897706 1.8679796 0.74272489 0.96547725 -0.41884417 125
880 0.9589212 6.7034791 1.064132 0.6915479 0.97935582 -0.42395667 401
881 8.3753291 2.0171876 0.26028441 0.63970639 0.99252048 -0.42891613 179
882 3.7917369 5.3308961 2.4564368 0.58725017 1.0049616 -0.43372075 459
883 11.208145 0.64460458 1.6525893 0.53422965 1.0166702 -0.4383688 241
884 6.6245527 3.9583131 0.84874168 0.48069577 1.0276377 -0.44285861 25
885 2.0409605 7.2720216 0.044894098 0.42669999 1.0378561 -0.44718855 311
886 9.4573684 2.5857301 2.2410465 0.37229417 1.0473179 -0.45135706 99
887 4.8737763 5.8994386 1.4371989 0.31753061 1.0560163 -0.45536264 389
888 0.29018412 1.2131471 0.63335137 0.26246193 1.0639449 -0.45920383 181
889 7.706592 4.5268556 2.8295038 0.20714105 1.0710979 -0.46287926 475
890 3.1229999 7.8405641 2.0256562 0.15162111 1.0774701 -0.46638759 271
891 10.539408 3.1542726 1.2218086 0.095955482 1.0830569 -0.46972756 69
892 5.9558156 6.4679811 0.41796106 0.040197646 1.0878542 -0.47289796 369
893 1.3722234 1.7816896 2.6141135 -0.015598817 1.0918586 -0.47589766 171
894 8.7886313 5.0953981 1.8102659 -0.07138029 1.0950669 -0.47872556 475
895 4.2050392 0.40910657 1.0064183 -0.12709317 1.0974771 -0.48138064 281
896 11.621447 3.7228151 0.20257075 -0.18268393 1.0990872 -0.48386195 89
897 7.0378549 7.0365236 2.3987232 -0.23809914 1.0998961 -0.4861686 399
898 2.4542628 2.3502321 1.5948756 -0.29328555 1.0999033 -0.48829974 211
899 9.8706706 5.6639406 0.79102802 -0.34819015 1.0991087 -0.49025461 25
900 5.2870785 0.97764906 2.9871804 -0.40276015 1.0975129 -0.4920325 341
901 0.70348637 4.2913576 2.1833329 -0.45694314 1.095117 -0.49363278 159
902 8.1198942 7.6050661 1.3794853 -0.51068704 1.0919229 -0.49505486 479
903 3.5363021 2.9187746 0.57563771 -0.5639402 1.0879328 -0.49629823 301
904 10.95271 6.2324831 2.7717901 -0.61665147 1.0831496 -0.49736244 125
905 6.3691178 1.5461916 1.9679426 -0.66877018 1.0775769 -0.49824711 451
906 1.7855257 4.8599001 1.164095 -0.72024625 1.0712186 -0.49895192 279
907 9.2019336 0.17360856 0.3602474 -0.77103022 1.0640795 -0.49947661 109
908 4.6183414 3.4873171 2.5563998 -0.82107329 1.0561647 -0.49982099 441
909 0.034749285 6.8010256 1.7525522 -0.87032737 1.0474801 -0.49998495 275
910 7.4511572 2.1147341 0.94870467 -0.91874514 1.0380318 -0.49996841 111
911 2.867565 5.4284426 0.14485709 -0.96628006 1.0278269 -0.4997714 449
912 10.283973 0.74215105 2.3410095 -1.0128865 1.0168727 -0.49939397 289
913 5.7003807 4.0558596 1.5371619 -1.0585196 1.0051773 -0.49883626 131
914 1.1167886 7.369568 0.73331436 -1.1031355 0.99274917 -0.49809848 475
915 8.5331965 2.6832765 2.9294668 -1.1466914 0.97959735 -0.4971809 321
916 3.9496043 5.996985 2.1256192 -1.1891454 0.96573145 -0.49608383 169
917 11.366012 1.3106935 1.3217716 -1.2304568 0.95116158 -0.49480769 19
918 6.7824201 4.624402 0.51792405 -1.2705858 0.93589835 -0.49335292 371
919 2.1988279 7.9381105 2.7140765 -1.3094938 0.91995289 -0.49172006 225
920 9.6152358 3.251819 1.9102289 -1.3471435 0.90333683 -0.4899097 81
921 5.0316437 6.5655275 1.1063813 -1.3834987 0.88606227 -0.48792248 439
922 0.44805153 1.879236 0.30253374 -1.4185245 0.86814182 -0.48575913 299
923 7.8644594 5.1929445 2.4986862 -1.4521872 0.84958852 -0.48342042 161
924 3.2808673 0.50665304 1.6948386 -1.4844545 0.83041592 -0.4809072 25
925 10.697275 3.8203615 0.89099101 -1.5152953 0.81063798 -0.47822039 391
926 6.113683 7.13407 0.087143429 -1.54468 0.79026911 -0.47536093 259
927 1.5300909 2.4477785 2.2832959 -1.5725804 0.76932418 -0.47232988 129
928 8.9464987 5.761487 1.4794483 -1.5989697 0.74781845 -0.46912833 501
929 4.3629066 1.0751955 0.6756007 -1.6238224 0.72576759 -0.46575742 375
930 11.779314 4.388904 2.8717531 -1.6471149 0.70318767 -0.46221838 251
931 7.1957223 7.7026125 2.0679055 -1.6688245 0.68009516 -0.45851248 129
932 2.6121302 3.016321 1.264058 -1.6889306 0.6565069 -0.45464107 9
933 10.028538 6.3300295 0.46021039 -1.7074137 0.63244007 -0.45060554 391
934 5.4449459 1.643738 2.6563628 -1.7242561 0.60791222 -0.44640734 275
935 0.86135378 4.9574465 1.8525152 -1.7394417 0.58294122 -0.44204799 161
936 8.2777616 0.27115503 1.0486677 -1.7529558 0.55754529 -0.43752907 49
937 3.6941695 3.5848635 0.24482008 -1.7647854 0.53174294 -0.43285221 439
938 11.110577 6.898572 2.4409725 -1.7749192 0.50555296 -0.42801909 331
939 6.5269852 2.2122805 1.6371249 -1.7833474 0.47899446 -0.42303146 225
940 1.9433931 5.525989 0.83327735 -1.790062 0.4520868 -0.41789112 121
941 9.359801 0.83969752 0.02942977 -1.7950565 0.42484958 -0.41259992 19
942 4.7762088 4.153406 2.2255822 -1.7983261 0.39730267 -0.40715979 419
943 0.1926167 7.4671145 1.4217346 -1.7998676 0.36946614 -0.40157267 321
944 7.6090246 2.780823 0.61788704 -1.7996795 0.34136029 -0.39584059 225
945 3.0254324 6.0945315 2.8140395 -1.7977622 0.3130056 -0.38996561 131
946 10.44184 1.40824 2.0101919 -1.7941173 0.28442274 -0.38394986 39
947 5.8582482 4.7219485 1.2063443 -1.7887484 0.25563255 -0.37779551 449
948 1.274656 0.035657014 0.40249673 -1.7816606 0.22665602 -0.37150478 361
949 8.6910639 3.3493655 2.5986492 -1.7728608 0.19751426 -0.36507994 275
950 4.1074718 6.663074 1.7948016 -1.7623575 0.16822852 -0.35852331 191
951 11.52388 1.9767825 0.990954 -1.7501606 0.13882016 -0.35183726 109
952 6.9402875 5.290491 0.18710642 -1.736282 0.1093106 -0.3450242 29
953 2.3566953 0.60419951 2.3832588 -1.7207349 0.079721357 -0.33808659 451
954 9.7731032 3.917908 1.5794113 -1.7035344 0.050074001 -0.33102693 375
955 5.1895111 7.2316165 0.77556369 -1.6846968 0.020390143 -0.32384778 301
956 0.60591894 2.545325 2.9717161 -1.6642404 -0.0093085778 -0.31655171 229
957 8.0223268 5.8590335 2.1678685 -1.6421849 -0.039000513 -0.30914138 159
958 3.4387347 1.172742 1.364021 -1.6185512 -0.068664019 -0.30161945 91
959 10.855143 4.4864505 0.56017338 -1.5933623 -0.098277472 -0.29398864 25
960 6.2715504 7.800159 2.7563258 -1.5666423 -0.12781928 -0.28625171 461
961 1.6879583 3.1138675 1.9524782 -1.5384169 -0.15726792 -0.27841144 399
962 9.1043661 6.427576 1.1486306 -1.5087132 -0.18660192 -0.27047066 339
963 4.520774 1.7412845 0.34478307 -1.4775597 -0.21579989 -0.26243225 281
964 11.937182 5.054993 2.5409355 -1.4449864 -0.24484056 -0.25429911 225
965 7.3535897 0.3687015 1.7370879 -1.4110245 -0.27370274 -0.24607416 171
966 2.7699976 3.68241 0.93324034 -1.3757068 -0.30236541 -0.23776039 119
967 10.186405 6.9961185 0.12939276 -1.3390671 -0.33080767 -0.22936078 69
968 5.6028133 2.309827 2.3255452 -1.3011407 -0.35900878 -0.22087838 21
969 1.0192212 5.6235355 1.5216976 -1.261964 -0.38694819 -0.21231624 475
970 8.4356291 0.93724399 0.71785003 -1.2215747 -0.41460554 -0.20367746 431
971 3.8520369 4.2509525 2.9140025 -1.1800115 -0.44196065 -0.19496516 389
972 11.268445 7.564661 2.1101549 -1.1373144 -0.4689936 -0.18618247 349
973 6.6848526 2.8783695 1.3063073 -1.0935244 -0.49568467 -0.17733258 311
974 2.1012605 6.192078 0.50245972 -1.0486837 -0.52201441 -0.16841867 275
975 9.5176684 1.5057865 2.6986121 -1.0028352 -0.54796362 -0.15944396 241
976 4.9340762 4.819495 1.8947646 -0.95602312 -0.57351339 -0.1504117 209
977 0.35048411 0.13320348 1.090917 -0.90829234 -0.59864509 -0.14132513 179
978 7.766892 3.446912 0.28706941 -0.85968877 -0.62334041 -0.13218756 151
979 3.1832998 6.7606205 2.4832218 -0.81025911 -0.64758134 -0.12300226 125
980 10.599708 2.074329 1.6793743 -0.76005084 -0.67135022 -0.11377256 101
981 6.0161156 5.3880375 0.87552668 -0.70911223 -0.69462971 -0.10450179 79
982 1.4325234 0.70174598 0.071679101 -0.65749221 -0.71740284 -0.095193294 59
983 8.8489313 4.0154545 2.2678315 -0.6052404 -0.73965302 -0.085850436 41
984 4.2653392 7.329163 1.4639839 -0.55240699 -0.76136403 -0.076476586 25
985 11.681747 2.6428715 0.66013637 -0.49904277 -0.78252003 -0.06707513 11
986 7.0981549 5.95658 2.8562888 -0.445199 -0.80310561 -0.05764946 499
987 2.5145628 1.2702885 2.0524412 -0.39092743 -0.82310577 -0.048202979 489
988 9.9309706 4.583997 1.2485936 -0.33628021 -0.84250591 -0.038739098 481
989 5.3473785 7.8977055 0.44474606 -0.28130985 -0.86129191 -0.029261232 475
990 0.76378635 3.211414 2.6408985 -0.22606918 -0.87945006 -0.019772804 471
991 8.1801942 6.5251225 1.8370509 -0.17061126 -0.89696714 -0.010277237 469
992 3.5966021 1.838831 1.0332033 -0.11498941 -0.91383036 -0.00077796046 469
993 11.01301 5.1525395 0.22935575 -0.059257056 -0.93002744 0.0087215969 471
994 6.4294178 0.46624797 2.4255082 -0.0034677625 -0.94554658 0.018218006 475
995 1.8458257 3.7799565 1.6216606 0.052324863 -0.96037645 0.027707838 481
996 9.2622335 7.093665 0.81781302 0.10806721 -0.97450625 0.037187668 489
997 4.6786414 2.4073735 0.013965442 0.16370571 -0.98792567 0.046654074 499
998 0.09504927 5.721082 2.2101179 0.2191869 -1.0006249 0.056103639 11
999 7.5114571 1.0347905 1.4062703 0.27445747 -1.0125948 0.06553295 25
1000 2.927865 4.348499 0.60242271 0.32946431 -1.0238265 0.074938605 41
1001 10.344273 7.6622075 2.7985751 0.38415456 -1.0343119 0.084317208 59
1002 5.7606807 2.975916 1.9947276 0.43847567 -1.0440434 0.093665373 79
1003 1.1770886 6.2896245 1.19088 0.49237543 -1.0530137 0.10297973 101
1004 8.5934965 1.603333 0.3870324 0.54580206 -1.0612165 0.1122569 125
1005 4.0099043 4.9170415 2.5831848 0.59870422 -1.0686457 0.12149356 151
1006 11.426312 0.23074995 1.7793372 0.65103106 -1.0752959 0.13068636 179
1007 6.8427201 3.5444585 0.97548967 0.70273232 -1.0811623 0.13983198 209
1008 2.2591279 6.858167 0.17164209 0.7537583 -1.0862405 0.14892712 241
1009 9.6755358 2.1718755 2.3677945 0.80405998 -1.0905269 0.1579685 275
1010 5.0919437 5.4855839 1.5639469 0.85358902 -1.0940184 0.16695286 311
1011 0.50835152 0.79929245 0.76009936 0.90229783 -1.0967123 0.17587695 349
1012 7.9247594 4.1130009 2.9562518 0.9501396 -1.0986069 0.18473755 389
1013 3.3411672 7.4267094 2.1524042 0.99706836 -1.0997006 0.19353146 431
1014 10.757575 2.7404179 1.3485566 1.043039 -1.0999926 0.2022555 475
1015 6.173983 6.0541264 0.54470905 1.0880074 -1.0994828 0.21090654 21
1016 1.5903908 1.3678349 2.7408615 1.1319303 -1.0981715 0.21948144 69
1017 9.0067987 4.6815434 1.9370139 1.1747654 -1.0960598 0.22797711 119
1018 4.4232066 7.9952519 1.1331663 1.2164718 -1.093149 0.23639049 171
1019 11.839614 3.3089604 0.32931874 1.2570092 -1.0894414 0.24471852 225
1020 7.2560223 6.6226689 2.5254712 1.2963387 -1.0849396 0.25295822 281
1021 2.6724302 1.9363774 1.7216236 1.3344225 -1.0796469 0.26110661 339
1022 10.088838 5.2500859 0.91777601 1.371224 -1.0735673 0.26916073 399
1023 5.5052459 0.56379444 0.11392843 1.4067079 -1.066705 0.27711769 461
1024 0.92165376 3.8775029 2.3100809 1.4408401 -1.0590652 0.28497462 25
1025 8.3380616 7.1912114 1.5062333 1.4735877 -1.0506534 0.29272867 91
1026 3.7544695 2.5049199 0.7023857 1.5049193 -1.0414756 0.30037705 159
1027 11.170877 5.8186284 2.8985381 1.5348048 -1.0315387 0.307917 229
1028 6.5872852 1.1323369 2.0946905 1.5632155 -1.0208499 0.3153458 301
1029 2.0036931 4.4460454 1.290843 1.590124 -1.0094169 0.32266075 375
1030 9.420101 7.7597539 0.48699539 1.6155046 -0.99724805 0.32985923 451
1031 4.8365088 3.0734624 2.6831478 1.6393328 -0.98435227 0.33693864 29
1032 0.25291668 6.3871709 1.8793002 1.6615857 -0.97073894 0.34389641 109
1033 7.6693245 1.7008794 1.0754527 1.682242 -0.95641798 0.35073004 191
1034 3.0857324 5.0145879 0.27160508 1.7012817 -0.94139984 0.35743706 275
1035 10.50214 0.32829642 2.4677575 1.7186867 -0.92569546 0.36401505 361
1036 5.9185481 3.6420049 1.6639099 1.7344401 -0.90931629 0.37046164 449
1037 1.334956 6.9557134 0.86006235 1.7485269 -0.89227427 0.37677449 39
1038 8.7513639 2.2694219 0.056214773 1.7609334 -0.87458182 0.38295133 131
1039 4.1677717 5.5831304 2.2523672 1.7716479 -0.85625184 0.38898993 225
1040 11.58418 0.89683892 1.4485196 1.7806599 -0.83729769 0.39488811 321
1041 7.0005875 4.2105474 0.64467204 1.7879608 -0.81773318 0.40064373 419
1042 2.4169953 7.5242559 2.8408245 1.7935437 -0.79757259 0.40625473 19
1043 9.8334032 2.8379644 2.0369769 1.7974031 -0.7768306 0.41171908 121
1044 5.2498111 6.1516729 1.2331293 1.7995353 -0.75552233 0.4170348 225
1045 0.66621893 1.4653814 0.42928173 1.7999383 -0.73366332 0.42219997 331
1046 8.0826268 4.7790899 2.6254342 1.7986118 -0.71126951 0.42721274 439
1047 3.4990347 0.092798411 1.8215866 1.7955568 -0.68835721 0.43207129 49
1048 10.915443 3.4065069 1.017739 1.7907765 -0.66494313 0.43677386 161
1049 6.3318504 6.7202154 0.21389142 1.7842754 -0.64104433 0.44131876 275
1050 1.7482583 2.0339239 2.4100438 1.7760598 -0.61667824 0.44570435 391
1051 9.1646661 5.3476324 1.6061963 1.7661375 -0.59186262 0.44992905 9
1052 4.581074 0.66134091 0.80234869 1.754518 -0.56661556 0.45399133 129
1053 11.997482 3.9750494 2.9985011 1.7412126 -0.54095546 0.45788972 251
1054 7.4138897 7.2887579 2.1946535 1.7262341 -0.51490103 0.46162282 375
1055 2.8302976 2.6024664 1.390806 1.7095967 -0.48847126 0.46518927 501
1056 10.246705 5.9161749 0.58695838 1.6913166 -0.46168541 0.4685878 129
1057 5.6631133 1.2298834 2.7831108 1.6714112 -0.43456302 0.47181718 259
1058 1.0795212 4.5435919 1.9792632 1.6498998 -0.40712384 0.47487623 391
1059 8.495929 7.8573004 1.1754156 1.6268029 -0.3793879 0.47776386 25
1060 3.9123369 3.1710089 0.37156807 1.6021428 -0.35137539 0.48047902 161
1061 11.328745 6.4847174 2.5677205 1.5759431 -0.32310675 0.48302073 299
1062 6.7451526 1.7984259 1.7638729 1.5482291 -0.29460258 0.48538808 439
1063 2.1615605 5.1121344 0.96002534 1.5190274 -0.26588366 0.4875802 81
1064 9.5779684 0.42584289 0.15617776 1.488366 -0.23697092 0.48959632 225
1065 4.9943762 3.7395514 2.3523302 1.4562744 -0.20788544 0.4914357 371
1066 0.41078409 7.0532599 1.5484826 1.4227834 -0.17864841 0.49309767 19
1067 7.827192 2.3669684 0.74463503 1.3879252 -0.14928117 0.49458164 169
1068 3.2435998 5.6806769 2.9407875 1.3517334 -0.1198051 0.49588708 321
1069 10.660008 0.99438539 2.1369399 1.3142426 -0.090241698 0.4970135 475
1070 6.0764156 4.3080939 1.3330923 1.275489 -0.060612515 0.49796051 131
1071 1.4928234 7.6218024 0.52924472 1.2355097 -0.030939149 0.49872775 289
1072 8.9092313 2.9355109 2.7253971 1.1943431 -0.0012432297 0.49931497 449
1073 4.3256391 6.2492194 1.9215496 1.1520289 0.028453596 0.49972193 111
1074 11.742047 1.5629279 1.117702 1.1086077 0.05812968 0.4999485 275
1075 7.1584549 4.8766364 0.31385441 1.0641212 0.087763391 0.4999946 441
1076 2.5748627 0.19034488 2.5100068 1.0186122 0.11733313 0.4998602 109
1077 9.9912706 3.5040534 1.7061593 0.97212435 0.14681733 0.49954536 279
1078 5.4076785 6.8177619 0.90231168 0.92470237 0.17619451 0.49905019 451
1079 0.82408634 2.1314704 0.098464104 0.87639182 0.20544325 0.49837487 125
1080 8.2404942 5.4451789 2.2946165 0.82723912 0.23454224 0.49751963 301
1081 3.6569021 0.75888738 1.4907689 0.77729152 0.26347025 0.4964848 479
1082 11.07331 4.0725959 0.68692137 0.72659699 0.2922062 0.49527075 159
1083 6.4897178 7.3863044 2.8830738 0.67520426 0.32072915 0.4938779 341
1084 1.9061257 2.7000129 2.0792262 0.62316271 0.34901831 0.49230678 25
1085 9.3225335 6.0137214 1.2753786 0.57052235 0.37705304 0.49055793 211
1086 4.7389414 1.3274299 0.47153106 0.51733377 0.40481292 0.488632 399
1087 0.15534926 4.6411384 2.6676835 0.46364806 0.4322777 0.48652968 89
1088 7.5717571 7.9548469 1.8638359 0.40951683 0.45942738 0.48425172 281
1089 2.988165 3.2685554 1.0599883 0.35499208 0.48624215 0.48179896 475
1090 10.404573 6.5822639 0.25614075 0.30012621 0.51270248 0.47917227 171
1091 5.8209807 1.8959724 2.4522932 0.24497194 0.53878907 0.47637261 369
1092 1.2373886 5.2096809 1.6484456 0.18958227 0.5644829 0.47340098 69
1093 8.6537964 0.52338936 0.84459802 0.13401043 0.58976525 0.47025846 271
1094 4.0702043 3.8370979 0.040750445 0.078309817 0.61461769 0.46694618 475
1095 11.486612 7.1508064 2.2369029 0.022533952 0.6390221 0.46346533 181
1096 6.90302 2.4645149 1.4330553 -0.033263565 0.66296069 0.45981718 389
1097 2.3194279 5.7782234 0.62920771 -0.089029119 0.68641601 0.45600305 99
1098 9.7358358 1.0919319 2.8253601 -0.14470912 0.70937097 0.4520243 311
1099 5.1522436 4.4056404 2.0215126 -0.20025007 0.73180882 0.44788237 25
1100 0.5686515 7.7193489 1.217665 -0.2555986 0.75371322 0.44357876 241
1101 7.9850594 3.0330574 0.4138174 -0.31070151 0.77506819 0.43911503 459
1102 3.4014672 6.3467659 2.6099698 -0.36550587 0.79585818 0.43449278 179
1103 10.817875 1.6604744 1.8061222 -0.419959 0.81606802 0.42971369 401
1104 6.234283 4.9741829 1.0022747 -0.47400858 0.83568298 0.42477947 125
1105 1.6506908 0.28789135 0.19842709 -0.52760268 0.85468876 0.41969191 351
1106 9.0670987 3.6015998 2.3945795 -0.58068979 0.87307152 0.41445284 79
1107 4.4835066 6.9153083 1.5907319 -0.6332189 0.89081784 0.40906417 309
1108 11.899914 2.2290168 0.78688436 -0.68513954 0.9079148 0.40352782 41
1109 7.3163223 5.5427253 2.9830368 -0.73640181 0.92434993 0.39784581 275
1110 2.7327302 0.85643385 2.1791892 -0.78695646 0.94011125 0.39202018 11
1111 10.149138 4.1701423 1.3753416 -0.8367549 0.95518727 0.38605303 249
1112 5.5655459 7.4838508 0.57149405 -0.88574928 0.969567 0.37994653 489
1113 0.98195375 2.7975593 2.7676465 -0.93389253 0.98323996 0.37370286 231
1114 8.3983616 6.1112678 1.9637989 -0.98113838 0.99619618 0.3673243 475
1115 3.8147695 1.4249763 1.1599513 -1.0274414 1.0084262 0.36081313 221
1116 11.231177 4.7386848 0.35610374 -1.0727572 1.0199212 0.35417171 469
1117 6.6475852 0.052393338 2.5522562 -1.1170421 1.0306726 0.34740244 219
1118 2.0639931 3.3661018 1.7484086 -1.1602536 1.0406728 0.34050777 471
1119 9.4804009 6.6798103 0.94456101 -1.2023503 1.0499143 0.33349017 225
1120 4.8968088 1.9935188 0.14071344 -1.2432915 1.0583905 0.32635219 481
1121 0.31321667 5.3072273 2.3368659 -1.283038 1.0660952 0.3190964 239
1122 7.7296245 0.62093583 1.5330183 -1.3215517 1.0730227 0.31172541 499
1123 3.1460324 3.9346443 0.7291707 -1.3587954 1.0791681 0.3042419 261
1124 10.56244 7.2483528 2.9253231 -1.3947335 1.0845268 0.29664856 25
1125 5.9788481 2.5620613 2.1214755 -1.4293313 1.0890949 0.28894813 291
1126 1.395256 5.8757698 1.317628 -1.4625556 1.0928691 0.2811434 59
1127 8.8116639 1.1894783 0.51378039 -1.4943745 1.0958467 0.27323718 329
1128 4.2280717 4.5031868 2.7099328 -1.5247574 1.0980254 0.26523232 101
1129 11.64448 7.8168953 1.9060852 -1.5536752 1.0994038 0.25713171 375
1130 7.0608875 3.1306038 1.1022377 -1.5811 1.0999807 0.24893828 151
1131 2.4772953 6.4443123 0.29839009 -1.6070055 1.0997558 0.24065499 429
1132 9.8937032 1.7580208 2.4945425 -1.6313668 1.0987292 0.23228483 209
1133 5.310111 5.0717293 1.6906949 -1.6541605 1.0969016 0.22383081 491
1134 0.72651891 0.38543782 0.88684735 -1.6753646 1.0942745 0.21529599 275
1135 8.1429268 3.6991463 0.082999776 -1.6949588 1.0908497 0.20668345 61
1136 3.5593346 7.0128548 2.2791522 -1.7129244 1.0866298 0.1979963 349
1137 10.975743 2.3265633 1.4753046 -1.7292439 1.0816177 0.18923768 139
1138 6.3921504 5.6402718 0.67145704 -1.7439018 1.0758172 0.18041075 431
1139 1.8085582 0.95398032 2.8676095 -1.7568839 1.0692324 0.17151869 225
1140 9.2249661 4.2676888 2.0637619 -1.7681777 1.0618682 0.16256471 21
1141 4.641374 7.5813973 1.2599143 -1.7777725 1.05373 0.15355205 319
1142 0.05778183 2.8951058 0.45606673 -1.785659 1.0448236 0.14448395 119
1143 7.4741897 6.2088143 2.6522192 -1.7918296 1.0351557 0.1353637 421
1144 2.8905976 1.5225228 1.8483716 -1.7962784 1.0247331 0.12619459 225
1145 10.307005 4.8362313 1.044524 -1.7990012 1.0135635 0.11697992 31
1146 5.7234133 0.14993981 0.24067643 -1.7999952 1.0016552 0.10772302 339
1147 1.1398212 3.4636483 2.4368288 -1.7992595 0.9890166 0.098427236 149
1148 8.556229 6.7773568 1.6329813 -1.7967949 0.9756571 0.08909592 461
1149 3.9726369 2.0910653 0.82913369 -1.7926038 0.96158638 0.079732441 275
1150 11.389045 5.4047738 0.025286116 -1.78669 0.94681471 0.07034018 91
1151 6.8054526 0.7184823 2.2214385 -1.7790594 0.93135286 0.060922527 409
1152 2.2218605 4.0321908 1.417591 -1.7697193 0.91521208 0.051482881 229
1153 9.6382683 7.3458993 0.61374338 -1.7586786 0.89840416 0.042024651 51
1154 5.0546762 2.6596078 2.8098958 -1.7459479 0.88094135 0.03255125 375
1155 0.47108408 5.9733163 2.0060482 -1.7315395 0.86283636 0.023066098 201
1156 7.8874919 1.2870248 1.2022007 -1.7154673 0.84410241 0.01357262 29
1157 3.3038998 4.6007333 0.39835308 -1.6977466 0.82475315 0.0040742425 359
1158 10.720308 7.9144418 2.5945055 -1.6783945 0.80480267 -0.005425606 191
1159 6.1367155 3.2281503 1.7906579 -1.6574296 0.78426553 -0.014923496 25
1160 1.5531234 6.5418588 0.98681034 -1.634872 0.76315669 -0.024415998 361
1161 8.9695313 1.8555673 0.18296277 -1.6107435 0.74149155 -0.033899687 199
1162 4.3859391 5.1692758 2.3791152 -1.5850671 0.71928589 -0.043371138 39
1163 11.802347 0.48298429 1.5752676 -1.5578677 0.69655591 -0.052826933 381
1164 7.2187549 3.7966928 0.77142003 -1.5291712 0.67331817 -0.062263658 225
1165 2.6351627 7.1104013 2.9675725 -1.4990053 0.6495896 -0.071677906 71
1166 10.051571 2.4241098 2.1637249 -1.467399 0.62538752 -0.08106628 419
1167 5.4679785 5.7378183 1.3598773 -1.4343826 0.60072956 -0.090425389 269
1168 0.88438632 1.0515268 0.55602973 -1.3999879 0.57563369 -0.099751856 121
1169 8.3007942 4.3652353 2.7521821 -1.364248 0.5501182 -0.10904231 475
1170 3.7172021 7.6789438 1.9483346 -1.327197 0.52420171 -0.11829341 331
1171 11.13361 2.9926523 1.144487 -1.2888708 0.4979031 -0.1275018 189
1172 6.5500178 6.3063608 0.34063942 -1.249306 0.47124154 -0.13666416 49
1173 1.9664256 1.6200693 2.5367918 -1.2085408 0.44423646 -0.14577719 411
1174 9.3828335 4.9337778 1.7329443 -1.1666142 0.41690756 -0.1548376 275
1175 4.7992414 0.24748628 0.92909668 -1.1235666 0.38927474 -0.16384211 141
1176 0.21564924 3.5611948 0.12524911 -1.0794394 0.36135817 -0.17278748 9
1177 7.6320571 6.8749033 2.3214015 -1.0342749 0.33317818 -0.18167047 379
1178 3.048465 2.1886118 1.517554 -0.9881165 0.30475532 -0.19048788 251
1179 10.464873 5.5023203 0.71370638 -0.94100863 0.2761103 -0.19923653 125
1180 5.8812807 0.81602877 2.9098588 -0.89299653 0.24726401 -0.20791326 501
1181 1.2976886 4.1297373 2.1060112 -0.84412632 0.21823748 -0.21651493 379
1182 8.7140964 7.4434458 1.3021636 -0.79444497 0.18905186 -0.22503844 259
1183 4.1305043 2.7571543 0.49831607 -0.74400023 0.15972844 -0.23348071 141
1184 11.546912 6.0708628 2.6944685 -0.69284055 0.13028857 -0.2418387 25
1185 6.96332 1.3845713 1.8906209 -0.64101511 0.10075374 -0.25010939 411
1186 2.3797279 4.6982798 1.0867733 -0.5885737 0.071145453 -0.2582898 299
1187 9.7961358 0.011988266 0.28292576 -0.53556672 0.041485308 -0.26637696 189
1188 5.2125436 3.3256968 2.4790782 -0.4820451 0.011794923 -0.27436796 81
1189 0.62895149 6.6394053 1.6752306 -0.42806027 -0.01790406 -0.28225992 475
1190 8.0453594 1.9531138 0.87138302 -0.37366411 -0.047589992 -0.29004999 371
1191 3.4617672 5.2668223 0.067535448 -0.31890889 -0.077241234 -0.29773535 269
1192 10.878175 0.58053076 2.2636879 -0.26384722 -0.10683617 -0.30531323 169
1193 6.2945829 3.8942393 1.4598403 -0.20853201 -0.13635323 -0.3127809 71
1194 1.7109908 7.2079478 0.65599272 -0.15301642 -0.16577089 -0.32013566 475
1195 9.1273987 2.5216563 2.8521451 -0.097353791 -0.19506771 -0.32737485 381
1196 4.5438065 5.8353648 2.0482976 -0.041597614 -0.22422234 -0.33449586 289
1197 11.960214 1.1490733 1.24445 0.014198535 -0.25321351 -0.34149613 199
1198 7.3766223 4.4627818 0.44060241 0.069981041 -0.28202011 -0.34837312 111
1199 2.7930301 7.7764903 2.6367548 0.1256963 -0.31062113 -0.35512435 25
1200 10.209438 3.0901988 1.8329073 0.18129077 -0.33899571 -0.36174738 441
